GEOIDFQ,Geographic Area Name,Estimate!!Total:,Margin of Error!!Total:,"Estimate!!Total:!!Less than $10,000","Margin of Error!!Total:!!Less than $10,000","Estimate!!Total:!!$10,000 to $14,999","Margin of Error!!Total:!!$10,000 to $14,999","Estimate!!Total:!!$15,000 to $19,999","Margin of Error!!Total:!!$15,000 to $19,999","Estimate!!Total:!!$20,000 to $24,999","Margin of Error!!Total:!!$20,000 to $24,999","Estimate!!Total:!!$25,000 to $29,999","Margin of Error!!Total:!!$25,000 to $29,999","Estimate!!Total:!!$30,000 to $34,999","Margin of Error!!Total:!!$30,000 to $34,999","Estimate!!Total:!!$35,000 to $39,999","Margin of Error!!Total:!!$35,000 to $39,999","Estimate!!Total:!!$40,000 to $44,999","Margin of Error!!Total:!!$40,000 to $44,999","Estimate!!Total:!!$45,000 to $49,999","Margin of Error!!Total:!!$45,000 to $49,999","Estimate!!Total:!!$50,000 to $59,999","Margin of Error!!Total:!!$50,000 to $59,999","Estimate!!Total:!!$60,000 to $74,999","Margin of Error!!Total:!!$60,000 to $74,999","Estimate!!Total:!!$75,000 to $99,999","Margin of Error!!Total:!!$75,000 to $99,999","Estimate!!Total:!!$100,000 to $124,999","Margin of Error!!Total:!!$100,000 to $124,999","Estimate!!Total:!!$125,000 to $149,999","Margin of Error!!Total:!!$125,000 to $149,999","Estimate!!Total:!!$150,000 to $199,999","Margin of Error!!Total:!!$150,000 to $199,999","Estimate!!Total:!!$200,000 or more","Margin of Error!!Total:!!$200,000 or more"
1500000US270017701001,Block Group 1; Census Tract 7701; Aitkin County; Minnesota,465,52,23,9,21,18,21,11,13,6,7,8,23,11,13,8,15,6,28,12,47,17,38,18,99,26,45,17,23,14,28,10,21,8
1500000US270017701002,Block Group 2; Census Tract 7701; Aitkin County; Minnesota,378,46,29,18,22,11,16,13,16,10,20,12,11,8,15,8,13,10,15,9,47,17,29,11,57,16,39,15,21,10,9,6,19,11
1500000US270017701003,Block Group 3; Census Tract 7701; Aitkin County; Minnesota,244,33,6,7,15,15,3,3,15,7,6,5,5,6,5,5,12,9,2,3,9,6,37,23,69,21,31,10,11,7,12,9,6,6
1500000US270017702001,Block Group 1; Census Tract 7702; Aitkin County; Minnesota,364,50,7,7,9,6,21,12,27,17,22,19,25,18,28,18,7,5,12,11,33,17,49,25,58,24,18,10,25,16,6,5,17,15
1500000US270017702002,Block Group 2; Census Tract 7702; Aitkin County; Minnesota,371,49,15,11,23,16,15,13,18,12,13,9,5,4,21,9,9,7,24,14,14,12,69,32,43,14,50,20,28,18,14,13,10,6
1500000US270017702003,Block Group 3; Census Tract 7702; Aitkin County; Minnesota,316,50,16,13,34,21,29,16,6,4,1,2,10,9,36,26,1,2,24,17,34,21,27,20,24,13,35,18,22,17,11,8,6,10
1500000US270017703001,Block Group 1; Census Tract 7703; Aitkin County; Minnesota,593,81,86,45,30,30,38,21,59,36,13,13,20,17,21,14,33,27,12,11,14,14,68,33,63,42,20,16,62,31,48,24,6,7
1500000US270017703002,Block Group 2; Census Tract 7703; Aitkin County; Minnesota,335,51,1,3,47,34,15,9,14,14,18,14,30,27,6,9,10,9,27,17,41,21,16,14,28,16,56,25,8,8,9,8,9,10
1500000US270017703003,Block Group 3; Census Tract 7703; Aitkin County; Minnesota,434,66,18,14,15,11,12,11,16,13,15,16,18,14,15,10,29,23,24,17,29,19,41,24,76,34,55,31,31,15,23,19,17,13
1500000US270017704011,Block Group 1; Census Tract 7704.01; Aitkin County; Minnesota,655,74,14,8,28,13,30,15,32,15,31,24,17,10,26,16,39,19,34,24,29,13,92,31,97,28,48,23,37,23,47,24,54,25
1500000US270017704021,Block Group 1; Census Tract 7704.02; Aitkin County; Minnesota,387,47,2,4,43,25,48,19,39,15,14,8,14,8,13,11,16,7,38,19,27,11,47,17,17,12,31,13,15,13,19,10,4,3
1500000US270017704022,Block Group 2; Census Tract 7704.02; Aitkin County; Minnesota,305,39,14,8,10,5,20,7,11,8,7,6,6,4,13,12,18,11,26,12,27,10,31,15,47,16,31,14,22,15,15,10,7,5
1500000US270017905011,Block Group 1; Census Tract 7905.01; Aitkin County; Minnesota,334,51,19,9,20,9,22,13,32,28,15,9,40,26,3,4,16,16,5,4,20,11,40,21,33,15,20,8,25,11,16,9,8,6
1500000US270017905012,Block Group 2; Census Tract 7905.01; Aitkin County; Minnesota,592,70,25,11,31,13,12,15,43,29,31,18,23,8,16,11,24,13,8,6,72,30,71,22,87,24,55,17,36,13,42,16,16,9
1500000US270017905031,Block Group 1; Census Tract 7905.03; Aitkin County; Minnesota,246,39,16,12,3,4,9,8,15,10,3,5,12,10,4,5,10,11,0,10,17,9,15,10,60,19,23,12,34,30,7,7,18,12
1500000US270017905032,Block Group 2; Census Tract 7905.03; Aitkin County; Minnesota,323,60,0,10,10,8,50,39,15,10,9,8,13,10,10,12,17,12,10,13,32,14,18,11,57,28,15,11,12,9,37,24,18,13
1500000US270017905033,Block Group 3; Census Tract 7905.03; Aitkin County; Minnesota,266,54,7,4,14,10,9,7,9,7,3,6,9,7,6,6,7,5,20,18,35,30,29,12,35,16,24,18,9,7,35,17,15,9
1500000US270017905041,Block Group 1; Census Tract 7905.04; Aitkin County; Minnesota,165,29,18,9,2,3,2,3,13,13,2,3,8,6,5,4,4,4,6,5,10,8,30,15,18,10,9,7,13,12,18,9,7,5
1500000US270017905042,Block Group 2; Census Tract 7905.04; Aitkin County; Minnesota,449,52,17,9,33,33,11,8,5,6,14,14,13,9,17,10,34,15,17,11,33,12,50,16,69,21,44,18,10,8,45,14,37,19
1500000US270030501071,Block Group 1; Census Tract 501.07; Anoka County; Minnesota,718,101,18,23,0,10,11,18,15,22,28,38,24,27,16,18,24,27,19,24,50,36,28,28,142,57,90,56,124,79,67,50,62,37
1500000US270030501072,Block Group 2; Census Tract 501.07; Anoka County; Minnesota,406,95,0,10,0,10,0,10,12,19,0,10,0,10,0,10,0,10,32,48,0,10,78,63,12,20,106,59,56,40,88,58,22,22
1500000US270030501081,Block Group 1; Census Tract 501.08; Anoka County; Minnesota,911,139,52,43,6,12,71,48,18,21,0,10,0,10,0,10,15,19,0,10,91,50,83,58,166,89,65,54,204,73,90,69,50,41
1500000US270030501082,Block Group 2; Census Tract 501.08; Anoka County; Minnesota,541,122,0,10,8,12,2,3,2,3,10,10,2,3,1,3,6,6,3,6,13,11,38,23,94,54,91,65,41,28,156,74,74,62
1500000US270030501083,Block Group 3; Census Tract 501.08; Anoka County; Minnesota,602,115,0,10,0,10,0,10,38,43,35,57,43,47,25,37,36,33,6,9,24,22,15,24,31,29,62,43,123,82,103,67,61,50
1500000US270030501091,Block Group 1; Census Tract 501.09; Anoka County; Minnesota,712,198,0,10,9,15,9,13,0,10,0,10,0,10,9,14,53,53,0,10,47,62,203,178,63,42,81,54,121,64,34,26,83,83
1500000US270030501092,Block Group 2; Census Tract 501.09; Anoka County; Minnesota,326,80,0,10,10,14,0,10,0,10,0,10,0,10,29,45,0,10,3,5,12,13,0,10,53,29,21,28,55,49,103,58,40,32
1500000US270030501093,Block Group 3; Census Tract 501.09; Anoka County; Minnesota,482,142,9,14,0,10,0,10,0,10,0,10,0,10,35,50,0,10,9,13,17,21,6,9,75,49,131,98,70,57,106,83,24,22
1500000US270030501094,Block Group 4; Census Tract 501.09; Anoka County; Minnesota,537,198,0,10,0,10,0,10,0,10,0,10,10,16,0,10,8,12,0,10,0,10,0,10,95,70,60,45,215,205,84,44,65,52
1500000US270030501101,Block Group 1; Census Tract 501.10; Anoka County; Minnesota,486,109,14,17,4,6,0,10,0,10,0,10,4,6,0,10,7,10,0,10,11,14,25,26,57,38,96,66,83,51,114,77,71,48
1500000US270030501102,Block Group 2; Census Tract 501.10; Anoka County; Minnesota,586,116,0,10,8,13,23,37,10,15,7,11,7,11,42,39,0,10,3,6,59,53,64,54,122,60,81,83,15,23,50,51,95,36
1500000US270030501111,Block Group 1; Census Tract 501.11; Anoka County; Minnesota,490,157,16,24,0,10,0,10,0,10,0,10,0,10,7,11,0,10,65,89,83,78,7,11,61,50,32,31,28,25,141,72,50,33
1500000US270030501112,Block Group 2; Census Tract 501.11; Anoka County; Minnesota,450,90,10,15,9,13,30,27,0,10,9,14,0,10,7,11,8,12,12,20,52,46,43,31,72,40,35,30,50,43,61,38,52,38
1500000US270030501113,Block Group 3; Census Tract 501.11; Anoka County; Minnesota,399,124,0,10,0,10,9,14,0,10,54,68,0,10,7,12,0,10,16,19,10,15,50,56,44,51,93,66,0,10,57,35,59,78
1500000US270030501141,Block Group 1; Census Tract 501.14; Anoka County; Minnesota,567,126,7,12,0,10,15,25,0,10,0,10,3,6,0,10,0,10,0,10,12,18,55,41,172,135,58,37,119,87,54,42,72,46
1500000US270030501142,Block Group 2; Census Tract 501.14; Anoka County; Minnesota,522,103,22,25,11,14,0,10,0,10,0,10,21,26,8,10,13,17,0,10,8,13,40,36,39,41,100,88,66,55,83,49,111,56
1500000US270030501151,Block Group 1; Census Tract 501.15; Anoka County; Minnesota,351,91,0,10,0,10,0,10,7,11,0,10,0,10,0,10,0,10,0,10,60,73,29,36,23,27,92,47,21,27,76,66,43,52
1500000US270030501152,Block Group 2; Census Tract 501.15; Anoka County; Minnesota,565,139,0,10,0,10,0,10,0,10,0,10,0,10,0,10,0,10,11,19,31,34,16,21,131,75,122,73,14,25,97,52,143,95
1500000US270030501153,Block Group 3; Census Tract 501.15; Anoka County; Minnesota,364,159,0,10,0,10,0,10,0,10,0,10,0,10,6,10,6,10,13,23,94,124,49,70,34,31,0,10,21,27,72,64,69,53
1500000US270030501154,Block Group 4; Census Tract 501.15; Anoka County; Minnesota,704,205,0,10,0,10,6,10,0,10,0,10,16,20,17,22,0,10,16,26,0,10,25,24,121,70,173,133,165,161,23,23,142,94
1500000US270030501161,Block Group 1; Census Tract 501.16; Anoka County; Minnesota,415,121,0,10,8,14,0,10,12,20,14,22,0,10,27,40,12,18,0,10,13,20,41,47,12,16,47,39,9,15,146,79,74,41
1500000US270030501162,Block Group 2; Census Tract 501.16; Anoka County; Minnesota,382,110,9,15,0,10,11,17,0,10,0,10,0,10,0,10,8,13,0,10,16,18,40,61,36,44,25,26,54,41,96,53,87,59
1500000US270030501163,Block Group 3; Census Tract 501.16; Anoka County; Minnesota,627,138,14,17,9,13,36,45,0,10,5,9,0,10,0,10,0,10,29,35,20,22,40,52,46,28,32,28,61,42,68,43,267,165
1500000US270030502081,Block Group 1; Census Tract 502.08; Anoka County; Minnesota,352,86,0,10,0,10,9,15,39,57,0,10,0,10,9,14,0,10,0,10,10,17,11,19,72,37,49,39,41,32,51,37,61,35
1500000US270030502082,Block Group 2; Census Tract 502.08; Anoka County; Minnesota,0,10,0,10,0,10,0,10,0,10,0,10,0,10,0,10,0,10,0,10,0,10,0,10,0,10,0,10,0,10,0,10,0,10
1500000US270030502083,Block Group 3; Census Tract 502.08; Anoka County; Minnesota,317,107,67,81,0,10,0,10,0,10,12,19,0,10,10,15,0,10,0,10,46,47,9,16,8,13,56,45,57,52,27,23,25,26
1500000US270030502084,Block Group 4; Census Tract 502.08; Anoka County; Minnesota,435,102,0,10,0,10,0,10,10,16,0,10,8,13,0,10,21,24,11,20,0,10,32,31,120,98,57,42,47,31,88,68,41,35
1500000US270030502101,Block Group 1; Census Tract 502.10; Anoka County; Minnesota,589,149,0,10,0,10,0,10,0,10,18,20,0,10,0,10,0,10,20,23,46,47,60,38,32,24,24,22,193,149,99,63,97,48
1500000US270030502102,Block Group 2; Census Tract 502.10; Anoka County; Minnesota,303,93,3,8,0,10,0,10,0,10,0,10,0,10,0,10,11,19,0,10,71,94,19,22,31,31,10,16,72,53,66,35,20,24
1500000US270030502103,Block Group 3; Census Tract 502.10; Anoka County; Minnesota,439,95,20,24,8,13,10,16,27,42,0,10,12,20,9,15,0,10,0,10,0,10,64,48,100,57,61,45,33,33,40,35,55,39
1500000US270030502104,Block Group 4; Census Tract 502.10; Anoka County; Minnesota,308,87,10,15,9,15,0,10,0,10,0,10,0,10,16,26,12,18,22,32,0,10,10,16,47,40,44,40,42,43,86,53,10,15
1500000US270030502151,Block Group 1; Census Tract 502.15; Anoka County; Minnesota,514,97,1,3,0,10,0,10,10,16,0,10,0,10,0,10,8,13,19,21,15,20,75,53,44,36,22,22,118,68,109,57,93,40
1500000US270030502152,Block Group 2; Census Tract 502.15; Anoka County; Minnesota,545,125,0,10,9,14,29,28,12,18,10,16,10,16,14,22,0,10,61,55,18,20,50,29,66,38,41,32,34,41,15,17,176,104
1500000US270030502153,Block Group 3; Census Tract 502.15; Anoka County; Minnesota,412,77,0,10,0,10,45,57,0,10,38,59,0,10,0,10,20,24,9,16,10,15,16,18,45,26,8,14,34,27,106,60,81,47
1500000US270030502161,Block Group 1; Census Tract 502.16; Anoka County; Minnesota,588,111,0,10,0,10,20,22,9,15,0,10,11,16,0,10,0,10,0,10,21,34,35,33,32,28,69,64,50,32,62,46,279,97
1500000US270030502162,Block Group 2; Census Tract 502.16; Anoka County; Minnesota,367,178,1,2,8,13,0,10,0,10,9,14,0,10,0,10,11,17,0,10,8,13,16,18,20,21,173,178,30,38,64,67,27,24
1500000US270030502163,Block Group 3; Census Tract 502.16; Anoka County; Minnesota,358,119,9,15,9,15,0,10,0,10,0,10,0,10,0,10,0,10,0,10,32,43,0,10,6,9,22,25,21,23,81,42,178,102
1500000US270030502164,Block Group 4; Census Tract 502.16; Anoka County; Minnesota,350,67,0,10,0,10,0,10,10,15,10,17,13,15,48,49,0,10,0,10,0,10,0,10,13,15,22,24,0,10,66,41,168,60
1500000US270030502165,Block Group 5; Census Tract 502.16; Anoka County; Minnesota,373,79,0,10,14,22,0,10,0,10,0,10,0,10,0,10,10,15,0,10,0,10,65,48,18,17,64,55,19,22,36,28,147,60
1500000US270030502171,Block Group 1; Census Tract 502.17; Anoka County; Minnesota,643,113,13,21,14,21,7,12,0,10,0,10,11,17,11,17,0,10,0,10,68,49,20,24,37,31,64,46,86,61,123,59,189,70
1500000US270030502172,Block Group 2; Census Tract 502.17; Anoka County; Minnesota,387,76,0,10,17,21,0,10,0,10,0,10,0,10,0,10,0,10,7,12,23,28,29,30,72,53,48,44,0,10,110,48,81,41
1500000US270030502181,Block Group 1; Census Tract 502.18; Anoka County; Minnesota,482,76,0,10,0,10,13,21,0,10,0,10,0,10,9,14,0,10,0,10,32,29,11,17,79,42,149,62,67,58,60,51,62,33
1500000US270030502182,Block Group 2; Census Tract 502.18; Anoka County; Minnesota,338,65,8,13,0,10,0,10,0,10,0,10,0,10,0,10,0,10,21,24,11,20,10,15,30,31,80,54,49,45,82,61,47,35
1500000US270030502183,Block Group 3; Census Tract 502.18; Anoka County; Minnesota,306,129,7,11,11,17,0,10,0,10,23,26,0,10,75,117,0,10,15,23,18,21,0,10,6,10,8,13,41,44,25,23,77,38
1500000US270030502191,Block Group 1; Census Tract 502.19; Anoka County; Minnesota,401,72,0,10,19,29,7,12,0,10,0,10,0,10,0,10,19,19,8,12,9,14,5,9,32,37,28,20,66,39,131,49,77,58
1500000US270030502192,Block Group 2; Census Tract 502.19; Anoka County; Minnesota,585,76,7,12,0,10,17,24,14,16,0,10,0,10,2,6,0,10,11,17,17,23,49,41,49,36,138,61,89,47,129,52,63,39
1500000US270030502201,Block Group 1; Census Tract 502.20; Anoka County; Minnesota,674,144,0,10,0,10,0,10,0,10,0,10,0,10,0,10,0,10,0,10,0,10,13,21,44,41,134,105,92,90,213,104,178,82
1500000US270030502202,Block Group 2; Census Tract 502.20; Anoka County; Minnesota,565,115,16,26,0,10,16,26,16,26,0,10,0,10,0,10,36,40,41,67,29,34,16,25,34,40,0,10,115,81,96,72,150,78
1500000US270030502203,Block Group 3; Census Tract 502.20; Anoka County; Minnesota,619,165,30,49,0,10,0,10,0,10,0,10,0,10,20,33,0,10,14,24,100,112,35,39,80,58,92,68,95,98,100,101,53,52
1500000US270030502204,Block Group 4; Census Tract 502.20; Anoka County; Minnesota,546,151,18,29,0,10,0,10,0,10,44,69,0,10,0,10,18,29,47,76,0,10,0,10,60,54,69,93,92,72,144,71,54,61
1500000US270030502221,Block Group 1; Census Tract 502.22; Anoka County; Minnesota,364,89,0,10,0,10,0,10,21,22,0,10,0,10,0,10,0,10,0,10,66,58,22,25,42,37,46,33,16,18,28,30,123,64
1500000US270030502222,Block Group 2; Census Tract 502.22; Anoka County; Minnesota,396,137,0,10,0,10,9,16,0,10,0,10,0,10,0,10,0,10,0,10,10,16,25,27,57,46,8,14,96,114,102,42,89,46
1500000US270030502223,Block Group 3; Census Tract 502.22; Anoka County; Minnesota,369,93,0,10,0,10,0,10,0,10,0,10,0,10,0,10,0,10,0,10,21,28,14,16,61,58,47,34,46,31,75,49,105,64
1500000US270030502224,Block Group 4; Census Tract 502.22; Anoka County; Minnesota,702,139,10,15,0,10,11,17,0,10,0,10,26,32,0,10,0,10,0,10,0,10,39,31,68,47,142,110,40,31,118,56,248,98
1500000US270030502231,Block Group 1; Census Tract 502.23; Anoka County; Minnesota,393,110,0,10,0,10,0,10,13,20,0,10,0,10,0,10,0,10,66,76,70,72,47,43,71,64,22,24,33,35,59,39,12,20
1500000US270030502232,Block Group 2; Census Tract 502.23; Anoka County; Minnesota,484,121,23,26,0,10,0,10,0,10,0,10,13,19,0,10,0,10,30,32,20,35,61,61,76,49,87,74,67,49,68,61,39,35
1500000US270030502233,Block Group 3; Census Tract 502.23; Anoka County; Minnesota,425,90,0,10,0,10,0,10,0,10,0,10,0,10,16,20,0,10,0,10,0,10,14,21,26,27,67,44,47,33,62,44,193,68
1500000US270030502241,Block Group 1; Census Tract 502.24; Anoka County; Minnesota,584,150,0,10,10,16,0,10,0,10,23,26,0,10,36,39,0,10,34,33,52,60,51,54,58,38,80,60,58,34,68,51,114,121
1500000US270030502242,Block Group 2; Census Tract 502.24; Anoka County; Minnesota,898,217,10,16,8,11,0,10,0,10,0,10,0,10,0,10,12,21,0,10,119,171,25,38,98,67,107,62,121,54,167,126,231,88
1500000US270030502261,Block Group 1; Census Tract 502.26; Anoka County; Minnesota,530,128,0,10,0,10,7,12,21,25,10,16,0,10,21,33,11,17,11,17,71,87,61,38,84,51,87,48,30,27,97,82,19,21
1500000US270030502262,Block Group 2; Census Tract 502.26; Anoka County; Minnesota,805,174,0,10,0,10,0,10,0,10,23,24,12,20,19,22,45,70,0,10,9,14,124,83,48,35,55,37,168,99,228,145,74,37
1500000US270030502271,Block Group 1; Census Tract 502.27; Anoka County; Minnesota,453,119,8,13,0,10,9,14,0,10,0,10,0,10,0,10,0,10,13,18,0,10,30,28,72,42,116,82,82,62,64,57,59,43
1500000US270030502272,Block Group 2; Census Tract 502.27; Anoka County; Minnesota,408,118,17,27,0,10,0,10,0,10,0,10,0,10,0,10,0,10,0,10,0,10,0,10,115,96,83,57,16,19,107,81,70,53
1500000US270030502273,Block Group 3; Census Tract 502.27; Anoka County; Minnesota,264,87,10,15,12,17,0,10,12,18,0,10,8,14,11,17,0,10,0,10,37,57,21,24,48,39,17,17,54,48,0,10,34,36
1500000US270030502274,Block Group 4; Census Tract 502.27; Anoka County; Minnesota,501,119,24,39,16,25,0,10,0,10,11,18,26,27,12,19,0,10,19,31,9,16,61,63,22,26,94,48,31,34,97,49,79,72
1500000US270030502281,Block Group 1; Census Tract 502.28; Anoka County; Minnesota,1338,277,0,10,37,43,82,104,82,131,66,86,24,38,21,33,43,50,20,34,124,85,27,43,212,92,183,124,141,85,276,215,0,10
1500000US270030502282,Block Group 2; Census Tract 502.28; Anoka County; Minnesota,296,104,0,10,0,10,0,10,0,10,0,10,0,10,17,27,22,34,0,10,46,56,0,10,18,28,33,39,38,41,73,80,49,56
1500000US270030502283,Block Group 3; Census Tract 502.28; Anoka County; Minnesota,410,159,38,43,50,78,0,10,0,10,16,26,0,10,0,10,0,10,0,10,25,40,40,45,86,111,40,48,84,104,31,35,0,10
1500000US270030502284,Block Group 4; Census Tract 502.28; Anoka County; Minnesota,205,73,0,10,17,27,0,10,0,10,0,10,0,10,0,10,37,42,0,10,50,57,0,10,35,39,32,34,34,38,0,10,0,10
1500000US270030502285,Block Group 5; Census Tract 502.28; Anoka County; Minnesota,508,190,94,120,0,10,0,10,0,10,0,10,0,10,18,29,0,10,0,10,31,51,16,27,92,119,86,65,25,35,90,57,56,51
1500000US270030502291,Block Group 1; Census Tract 502.29; Anoka County; Minnesota,453,133,0,10,0,10,0,10,69,104,23,28,53,68,0,10,13,21,0,10,8,13,39,49,56,44,86,42,16,18,21,17,69,59
1500000US270030502292,Block Group 2; Census Tract 502.29; Anoka County; Minnesota,0,10,0,10,0,10,0,10,0,10,0,10,0,10,0,10,0,10,0,10,0,10,0,10,0,10,0,10,0,10,0,10,0,10
1500000US270030502293,Block Group 3; Census Tract 502.29; Anoka County; Minnesota,452,117,0,10,0,10,0,10,0,10,10,15,0,10,0,10,57,52,7,13,11,16,67,64,104,64,57,39,25,27,75,41,39,31
1500000US270030502294,Block Group 4; Census Tract 502.29; Anoka County; Minnesota,491,152,16,19,9,13,0,10,0,10,0,10,18,29,0,10,0,10,18,20,17,19,97,124,42,35,59,39,75,49,100,63,40,34
1500000US270030502295,Block Group 5; Census Tract 502.29; Anoka County; Minnesota,311,127,11,17,0,10,35,55,0,10,0,10,0,10,12,19,0,10,15,18,51,59,30,28,37,36,88,84,13,15,19,22,0,10
1500000US270030502301,Block Group 1; Census Tract 502.30; Anoka County; Minnesota,561,85,7,11,0,10,0,10,17,25,2,3,0,10,0,10,0,10,0,10,12,17,13,17,32,30,42,28,77,42,139,71,220,64
1500000US270030502302,Block Group 2; Census Tract 502.30; Anoka County; Minnesota,629,200,9,14,0,10,5,9,0,10,6,10,0,10,11,17,0,10,27,42,10,15,3,5,17,19,95,58,31,24,141,71,274,187
1500000US270030502321,Block Group 1; Census Tract 502.32; Anoka County; Minnesota,655,127,10,16,0,10,0,10,0,10,18,31,16,19,29,38,6,9,0,10,38,29,28,20,105,70,105,65,40,32,106,60,154,72
1500000US270030502322,Block Group 2; Census Tract 502.32; Anoka County; Minnesota,418,98,0,10,0,10,19,28,0,10,7,11,0,10,0,10,0,10,8,12,0,10,16,19,38,34,127,70,77,61,59,36,67,44
1500000US270030502323,Block Group 3; Census Tract 502.32; Anoka County; Minnesota,393,73,0,10,18,22,0,10,6,12,10,16,0,10,0,10,0,10,7,12,17,25,40,31,51,36,74,52,25,26,89,65,56,33
1500000US270030502331,Block Group 1; Census Tract 502.33; Anoka County; Minnesota,519,173,0,10,0,10,0,10,0,10,0,10,0,10,9,14,7,10,8,14,8,13,27,23,29,26,9,14,127,119,106,67,189,117
1500000US270030502332,Block Group 2; Census Tract 502.33; Anoka County; Minnesota,236,75,0,10,16,24,0,10,0,10,0,10,0,10,0,10,13,21,0,10,0,10,41,48,8,13,75,42,43,34,16,18,24,26
1500000US270030502333,Block Group 3; Census Tract 502.33; Anoka County; Minnesota,406,81,0,10,0,10,0,10,0,10,8,15,0,10,0,10,0,10,0,10,6,10,30,52,51,36,79,35,55,40,85,43,92,50
1500000US270030502341,Block Group 1; Census Tract 502.34; Anoka County; Minnesota,410,102,0,10,0,10,0,10,0,10,0,10,0,10,0,10,12,18,34,42,34,28,22,24,27,29,121,87,63,63,34,50,63,41
1500000US270030502342,Block Group 2; Census Tract 502.34; Anoka County; Minnesota,390,124,0,10,0,10,0,10,0,10,0,10,0,10,0,10,34,49,37,48,67,107,21,23,23,27,24,25,25,26,77,48,82,50
1500000US270030502343,Block Group 3; Census Tract 502.34; Anoka County; Minnesota,367,78,0,10,0,10,0,10,0,10,15,22,0,10,9,14,13,20,13,23,26,27,10,18,54,34,16,18,0,10,94,56,117,59
1500000US270030502351,Block Group 1; Census Tract 502.35; Anoka County; Minnesota,381,94,0,10,0,10,0,10,0,10,0,10,45,46,0,10,32,50,0,10,32,30,11,17,90,69,65,40,38,44,22,20,46,38
1500000US270030502352,Block Group 2; Census Tract 502.35; Anoka County; Minnesota,890,209,11,17,12,19,36,51,8,14,53,52,0,10,10,16,49,62,109,113,125,169,106,68,127,60,78,65,54,50,47,29,65,36
1500000US270030502361,Block Group 1; Census Tract 502.36; Anoka County; Minnesota,405,89,10,16,0,10,0,10,0,10,0,10,0,10,26,30,0,10,0,10,17,19,13,16,26,24,75,35,14,16,99,56,125,61
1500000US270030502362,Block Group 2; Census Tract 502.36; Anoka County; Minnesota,571,92,0,10,0,10,8,13,0,10,0,10,0,10,26,43,0,10,7,11,15,22,16,16,23,20,49,42,51,35,124,46,252,79
1500000US270030502363,Block Group 3; Census Tract 502.36; Anoka County; Minnesota,394,73,0,10,0,10,0,10,0,10,0,10,0,10,6,9,11,16,0,10,8,13,10,16,16,18,32,22,82,70,106,60,123,65
1500000US270030502371,Block Group 1; Census Tract 502.37; Anoka County; Minnesota,823,213,16,25,15,24,0,10,47,42,15,24,0,10,44,53,34,36,30,31,14,22,160,154,142,91,39,32,39,38,20,24,208,84
1500000US270030502372,Block Group 2; Census Tract 502.37; Anoka County; Minnesota,781,267,22,36,0,10,107,135,0,10,18,29,143,192,23,40,14,16,7,12,9,14,86,78,31,41,115,90,17,27,74,53,115,55
1500000US270030502373,Block Group 3; Census Tract 502.37; Anoka County; Minnesota,263,81,0,10,0,10,0,10,0,10,15,24,10,16,0,10,0,10,0,10,0,10,0,10,16,25,22,29,17,26,25,21,158,64
1500000US270030502374,Block Group 4; Census Tract 502.37; Anoka County; Minnesota,390,88,6,9,0,10,0,10,0,10,0,10,0,10,0,10,14,22,0,10,8,12,32,30,52,48,117,56,16,27,108,85,37,31
1500000US270030502381,Block Group 1; Census Tract 502.38; Anoka County; Minnesota,277,57,0,10,0,10,0,10,0,10,0,10,14,23,11,18,14,21,0,10,12,19,0,10,17,27,81,54,14,22,61,37,53,46
1500000US270030502382,Block Group 2; Census Tract 502.38; Anoka County; Minnesota,759,114,0,10,0,10,0,10,0,10,0,10,0,10,0,10,16,25,0,10,0,10,61,59,59,44,35,32,111,74,221,87,256,112
1500000US270030502383,Block Group 3; Census Tract 502.38; Anoka County; Minnesota,461,103,0,10,13,20,19,28,26,29,0,10,12,19,35,41,0,10,23,26,37,41,24,28,40,38,37,36,12,20,42,37,141,96
1500000US270030502391,Block Group 1; Census Tract 502.39; Anoka County; Minnesota,681,196,0,10,0,10,0,10,0,10,0,10,5,8,0,10,0,10,0,10,18,19,22,17,52,36,79,49,51,33,239,186,215,72
1500000US270030502392,Block Group 2; Census Tract 502.39; Anoka County; Minnesota,311,65,10,13,0,10,0,10,0,10,4,7,15,21,0,10,5,8,0,10,6,9,8,8,72,45,20,21,12,13,42,29,117,63
1500000US270030502401,Block Group 1; Census Tract 502.40; Anoka County; Minnesota,976,238,12,20,0,10,0,10,0,10,0,10,0,10,45,39,13,19,0,10,37,40,140,94,29,31,205,102,110,104,98,55,287,186
1500000US270030502402,Block Group 2; Census Tract 502.40; Anoka County; Minnesota,305,70,0,10,0,10,0,10,0,10,0,10,0,10,0,10,19,28,0,10,0,10,12,19,13,21,14,23,51,40,95,65,101,68
1500000US270030502411,Block Group 1; Census Tract 502.41; Anoka County; Minnesota,649,98,6,10,5,8,17,31,13,15,21,21,0,10,0,10,0,10,0,10,41,34,34,31,102,60,106,64,50,36,102,56,152,69
1500000US270030502412,Block Group 2; Census Tract 502.41; Anoka County; Minnesota,261,85,0,10,0,10,0,10,13,19,14,16,7,12,8,12,22,34,20,29,0,10,13,15,39,32,84,82,6,12,22,25,13,15
1500000US270030504011,Block Group 1; Census Tract 504.01; Anoka County; Minnesota,548,117,18,21,40,33,0,10,14,20,25,28,6,8,0,10,22,25,5,8,21,23,95,56,111,55,45,33,68,67,60,72,18,23
1500000US270030504012,Block Group 2; Census Tract 504.01; Anoka County; Minnesota,0,10,0,10,0,10,0,10,0,10,0,10,0,10,0,10,0,10,0,10,0,10,0,10,0,10,0,10,0,10,0,10,0,10
1500000US270030504013,Block Group 3; Census Tract 504.01; Anoka County; Minnesota,572,113,0,10,0,10,0,10,0,10,25,36,0,10,0,10,10,17,0,10,10,16,70,58,74,54,72,56,75,45,146,73,90,52
1500000US270030504021,Block Group 1; Census Tract 504.02; Anoka County; Minnesota,178,90,0,10,10,15,12,18,9,15,0,10,22,25,11,18,0,10,0,10,0,10,10,16,9,15,9,13,6,10,71,76,9,13
1500000US270030504022,Block Group 2; Census Tract 504.02; Anoka County; Minnesota,309,85,36,31,39,29,10,15,0,10,21,23,9,15,31,31,40,62,0,10,26,26,10,17,58,47,0,10,10,15,19,21,0,10
1500000US270030504023,Block Group 3; Census Tract 504.02; Anoka County; Minnesota,756,154,69,65,0,10,20,21,39,31,4,9,58,64,0,10,42,67,0,10,84,69,192,101,142,68,44,29,17,20,34,39,11,18
1500000US270030504024,Block Group 4; Census Tract 504.02; Anoka County; Minnesota,304,70,0,10,9,13,0,10,0,10,0,10,0,10,10,15,10,15,0,10,16,19,50,51,17,19,26,23,83,59,34,27,49,41
1500000US270030505011,Block Group 1; Census Tract 505.01; Anoka County; Minnesota,434,127,23,24,11,18,16,21,14,17,33,44,10,16,35,50,18,22,13,20,104,64,111,95,0,10,24,20,0,10,22,25,0,10
1500000US270030505012,Block Group 2; Census Tract 505.01; Anoka County; Minnesota,814,280,49,78,53,36,38,34,47,34,52,60,0,10,53,59,13,21,16,19,55,41,31,28,68,43,32,32,238,244,50,34,19,21
1500000US270030505013,Block Group 3; Census Tract 505.01; Anoka County; Minnesota,354,97,0,10,21,23,0,10,0,10,13,19,10,15,18,20,53,58,29,27,0,10,60,52,63,36,26,24,61,45,0,10,0,10
1500000US270030505041,Block Group 1; Census Tract 505.04; Anoka County; Minnesota,511,98,42,41,10,16,6,10,17,20,7,13,6,10,26,42,22,25,64,68,52,39,78,65,87,66,53,51,22,21,19,20,0,10
1500000US270030505042,Block Group 2; Census Tract 505.04; Anoka County; Minnesota,540,124,7,11,19,22,0,10,0,10,94,108,52,56,0,10,0,10,12,16,9,17,87,52,38,31,83,44,64,46,65,46,10,15
1500000US270030505051,Block Group 1; Census Tract 505.05; Anoka County; Minnesota,483,164,0,10,0,10,0,10,0,10,0,10,0,10,69,109,0,10,5,11,11,17,53,69,52,38,51,38,44,38,136,85,62,64
1500000US270030505052,Block Group 2; Census Tract 505.05; Anoka County; Minnesota,314,100,0,10,0,10,0,10,0,10,0,10,0,10,0,10,7,12,33,38,0,10,0,10,54,48,129,82,36,36,34,39,21,26
1500000US270030505053,Block Group 3; Census Tract 505.05; Anoka County; Minnesota,853,169,0,10,0,10,0,10,81,81,12,19,0,10,66,66,97,83,8,14,116,103,0,10,120,97,92,66,87,65,118,77,56,35
1500000US270030505054,Block Group 4; Census Tract 505.05; Anoka County; Minnesota,415,166,0,10,23,37,12,20,16,25,0,10,0,10,11,19,0,10,82,113,50,45,48,44,59,48,21,29,64,87,0,10,29,36
1500000US270030506021,Block Group 1; Census Tract 506.02; Anoka County; Minnesota,387,73,0,10,18,19,4,6,8,11,14,17,15,16,0,10,6,9,0,10,16,18,55,40,62,27,64,29,8,10,95,53,22,19
1500000US270030506022,Block Group 2; Census Tract 506.02; Anoka County; Minnesota,504,92,14,16,5,8,0,10,39,42,22,33,0,10,8,12,35,47,27,29,22,18,58,31,94,56,82,33,27,25,28,22,43,39
1500000US270030506051,Block Group 1; Census Tract 506.05; Anoka County; Minnesota,421,138,0,10,70,86,16,31,58,70,0,10,9,16,60,56,0,10,0,10,17,28,17,27,9,19,92,84,21,34,38,32,14,24
1500000US270030506052,Block Group 2; Census Tract 506.05; Anoka County; Minnesota,550,121,0,10,13,24,0,10,0,10,3,5,0,10,0,10,20,32,0,10,18,29,0,10,132,96,75,73,93,94,146,100,50,53
1500000US270030506053,Block Group 3; Census Tract 506.05; Anoka County; Minnesota,476,191,0,10,0,10,0,10,0,10,14,24,13,21,0,10,17,28,6,11,93,84,32,30,55,48,86,61,97,153,55,50,8,12
1500000US270030506054,Block Group 4; Census Tract 506.05; Anoka County; Minnesota,966,313,0,10,29,41,22,37,0,10,110,119,130,108,44,42,92,84,0,10,269,264,55,88,74,55,63,84,46,29,17,30,15,24
1500000US270030506061,Block Group 1; Census Tract 506.06; Anoka County; Minnesota,488,79,24,24,37,27,12,14,26,27,12,15,0,10,43,45,9,12,27,23,52,47,14,16,99,53,21,20,20,17,62,38,30,20
1500000US270030506062,Block Group 2; Census Tract 506.06; Anoka County; Minnesota,409,102,0,10,5,8,5,8,0,10,42,37,15,16,64,80,7,10,39,42,26,20,26,21,54,29,32,25,14,15,50,26,30,22
1500000US270030506071,Block Group 1; Census Tract 506.07; Anoka County; Minnesota,470,168,0,10,0,10,32,45,0,10,0,10,20,23,47,37,18,20,17,20,18,20,24,29,155,153,64,52,25,27,50,46,0,10
1500000US270030506072,Block Group 2; Census Tract 506.07; Anoka County; Minnesota,391,88,0,10,39,62,8,12,18,22,6,9,0,10,0,10,0,10,19,20,52,36,31,32,71,50,67,48,11,18,32,26,37,36
1500000US270030506073,Block Group 3; Census Tract 506.07; Anoka County; Minnesota,442,121,10,16,0,10,23,36,15,23,40,51,11,17,34,38,70,97,0,10,53,45,31,28,40,31,15,23,57,49,43,37,0,10
1500000US270030506074,Block Group 4; Census Tract 506.07; Anoka County; Minnesota,560,166,57,61,10,16,21,19,6,12,0,10,67,70,29,28,29,28,11,17,97,122,36,26,82,75,7,11,35,31,73,49,0,10
1500000US270030506081,Block Group 1; Census Tract 506.08; Anoka County; Minnesota,468,143,50,74,60,81,0,10,29,34,23,28,9,15,0,10,24,38,59,89,11,17,39,51,89,75,0,10,39,31,27,32,9,13
1500000US270030506082,Block Group 2; Census Tract 506.08; Anoka County; Minnesota,600,128,9,15,17,26,0,10,11,17,0,10,24,31,0,10,9,14,0,10,69,56,124,75,147,83,42,40,61,75,59,57,28,31
1500000US270030506083,Block Group 3; Census Tract 506.08; Anoka County; Minnesota,383,144,0,10,66,94,27,45,0,10,0,10,0,10,44,68,16,27,0,10,0,10,79,82,9,14,22,29,20,32,43,42,57,57
1500000US270030506084,Block Group 4; Census Tract 506.08; Anoka County; Minnesota,652,190,11,17,11,18,10,18,61,87,39,50,15,25,132,126,21,34,47,44,90,66,85,60,60,51,40,44,30,37,0,10,0,10
1500000US270030506091,Block Group 1; Census Tract 506.09; Anoka County; Minnesota,534,98,10,15,12,19,12,18,0,10,0,10,12,20,0,10,8,12,10,16,52,31,29,27,136,79,84,47,97,70,30,27,42,35
1500000US270030506092,Block Group 2; Census Tract 506.09; Anoka County; Minnesota,416,73,0,10,0,10,0,10,0,10,25,24,11,17,18,20,0,10,27,29,72,46,28,42,40,30,28,27,82,50,30,26,55,38
1500000US270030506093,Block Group 3; Census Tract 506.09; Anoka County; Minnesota,0,10,0,10,0,10,0,10,0,10,0,10,0,10,0,10,0,10,0,10,0,10,0,10,0,10,0,10,0,10,0,10,0,10
1500000US270030506094,Block Group 4; Census Tract 506.09; Anoka County; Minnesota,633,88,18,21,47,46,11,16,19,31,0,10,12,19,64,59,35,40,0,10,34,30,55,52,80,56,47,35,91,58,47,37,73,44
1500000US270030506111,Block Group 1; Census Tract 506.11; Anoka County; Minnesota,612,142,17,15,7,11,9,14,24,41,8,14,33,32,63,88,23,26,0,10,52,32,80,60,105,55,128,74,44,31,19,30,0,10
1500000US270030506112,Block Group 2; Census Tract 506.11; Anoka County; Minnesota,940,256,7,13,24,28,0,10,8,14,0,10,56,57,17,26,30,27,10,15,67,57,47,45,220,230,221,100,75,57,129,90,29,34
1500000US270030506121,Block Group 1; Census Tract 506.12; Anoka County; Minnesota,470,82,0,10,19,25,0,10,0,10,26,30,0,10,0,10,46,65,0,10,7,13,79,48,54,39,72,61,65,47,84,61,18,20
1500000US270030506122,Block Group 2; Census Tract 506.12; Anoka County; Minnesota,536,106,7,12,12,21,0,10,0,10,9,15,40,37,0,10,0,10,0,10,67,54,48,43,111,60,34,27,33,30,70,56,105,90
1500000US270030507021,Block Group 1; Census Tract 507.02; Anoka County; Minnesota,281,73,0,10,0,10,0,10,31,41,8,13,18,24,0,10,21,28,17,23,0,10,48,38,51,39,10,14,54,45,12,20,11,19
1500000US270030507022,Block Group 2; Census Tract 507.02; Anoka County; Minnesota,248,75,0,10,14,24,9,14,0,10,0,10,9,15,0,10,0,10,0,10,7,14,10,14,46,45,74,64,20,28,25,29,34,44
1500000US270030507023,Block Group 3; Census Tract 507.02; Anoka County; Minnesota,808,263,14,13,0,10,2,3,6,10,34,56,11,18,0,10,16,22,21,21,74,67,111,64,117,53,241,240,19,18,40,32,102,83
1500000US270030507041,Block Group 1; Census Tract 507.04; Anoka County; Minnesota,0,10,0,10,0,10,0,10,0,10,0,10,0,10,0,10,0,10,0,10,0,10,0,10,0,10,0,10,0,10,0,10,0,10
1500000US270030507042,Block Group 2; Census Tract 507.04; Anoka County; Minnesota,681,165,13,19,13,20,23,27,0,10,9,14,15,24,0,10,19,21,0,10,45,45,39,29,133,64,107,57,116,113,78,51,71,44
1500000US270030507043,Block Group 3; Census Tract 507.04; Anoka County; Minnesota,438,124,0,10,0,10,0,10,3,10,11,16,10,17,0,10,9,15,35,47,3,6,39,31,94,74,42,60,38,34,113,79,41,40
1500000US270030507044,Block Group 4; Census Tract 507.04; Anoka County; Minnesota,485,207,27,25,0,10,0,10,0,10,8,12,0,10,0,10,17,28,9,14,18,19,85,60,66,42,196,199,59,88,0,10,0,10
1500000US270030507045,Block Group 5; Census Tract 507.04; Anoka County; Minnesota,375,115,0,10,15,17,3,6,19,20,0,10,9,14,0,10,0,10,0,10,58,36,39,41,7,12,130,78,23,20,53,46,19,26
1500000US270030507061,Block Group 1; Census Tract 507.06; Anoka County; Minnesota,539,144,0,10,0,10,0,10,1,2,0,10,0,10,33,47,6,9,42,55,30,36,64,47,106,57,69,75,17,17,47,47,124,118
1500000US270030507062,Block Group 2; Census Tract 507.06; Anoka County; Minnesota,254,97,0,10,0,10,0,10,0,10,0,10,0,10,8,13,54,68,0,10,17,20,22,24,33,29,50,47,40,68,15,21,15,19
1500000US270030507063,Block Group 3; Census Tract 507.06; Anoka County; Minnesota,107,58,0,10,19,29,11,17,0,10,0,10,0,10,7,11,0,10,0,10,0,10,31,38,5,9,25,28,0,10,9,13,0,10
1500000US270030507064,Block Group 4; Census Tract 507.06; Anoka County; Minnesota,238,110,0,10,10,17,0,10,0,10,12,26,11,18,10,20,60,75,0,10,94,77,0,10,41,46,0,10,0,10,0,10,0,10
1500000US270030507071,Block Group 1; Census Tract 507.07; Anoka County; Minnesota,493,151,5,10,0,10,0,10,0,10,17,28,0,10,0,10,0,10,0,10,0,10,0,10,26,36,188,113,0,10,136,110,121,74
1500000US270030507072,Block Group 2; Census Tract 507.07; Anoka County; Minnesota,715,276,15,24,75,73,0,10,17,28,14,25,16,28,0,10,0,10,0,10,29,33,116,136,89,47,33,34,29,39,73,67,209,211
1500000US270030507073,Block Group 3; Census Tract 507.07; Anoka County; Minnesota,432,159,0,10,12,18,0,10,0,10,0,10,12,18,0,10,0,10,10,17,16,27,34,34,41,41,62,44,36,43,44,44,165,144
1500000US270030507074,Block Group 4; Census Tract 507.07; Anoka County; Minnesota,544,149,13,20,0,10,0,10,0,10,0,10,0,10,112,114,0,10,0,10,20,32,37,37,0,10,31,54,42,45,206,116,83,70
1500000US270030507091,Block Group 1; Census Tract 507.09; Anoka County; Minnesota,558,113,9,14,0,10,0,10,0,10,6,10,7,12,8,13,0,10,33,39,28,33,18,25,106,64,106,55,15,14,97,90,125,59
1500000US270030507092,Block Group 2; Census Tract 507.09; Anoka County; Minnesota,420,75,10,15,0,10,0,10,0,10,17,20,0,10,18,26,29,25,0,10,21,22,57,35,35,30,93,53,46,45,60,49,34,30
1500000US270030507101,Block Group 1; Census Tract 507.10; Anoka County; Minnesota,273,112,0,10,0,10,0,10,0,10,0,10,0,10,10,16,0,10,9,14,26,28,25,25,135,116,39,28,22,23,0,10,7,12
1500000US270030507102,Block Group 2; Census Tract 507.10; Anoka County; Minnesota,408,98,12,18,28,43,0,10,46,65,6,9,0,10,0,10,0,10,12,19,42,32,97,67,33,29,51,64,26,25,30,29,25,30
1500000US270030507103,Block Group 3; Census Tract 507.10; Anoka County; Minnesota,0,10,0,10,0,10,0,10,0,10,0,10,0,10,0,10,0,10,0,10,0,10,0,10,0,10,0,10,0,10,0,10,0,10
1500000US270030507104,Block Group 4; Census Tract 507.10; Anoka County; Minnesota,443,175,0,10,0,10,0,10,0,10,0,10,11,18,33,52,22,31,0,10,17,19,88,58,20,22,60,40,27,26,48,34,117,162
1500000US270030507105,Block Group 5; Census Tract 507.10; Anoka County; Minnesota,322,86,29,37,8,13,56,68,0,10,11,17,55,49,13,20,0,10,19,30,21,24,45,61,18,21,26,28,21,24,0,10,0,10
1500000US270030507111,Block Group 1; Census Tract 507.11; Anoka County; Minnesota,294,70,0,10,0,10,0,10,0,10,8,13,7,11,8,12,32,31,9,13,8,12,9,14,26,22,44,27,41,31,47,47,55,31
1500000US270030507112,Block Group 2; Census Tract 507.11; Anoka County; Minnesota,450,89,11,16,0,10,8,13,0,10,0,10,0,10,0,10,0,10,20,30,10,16,25,25,45,33,173,78,25,25,31,29,102,45
1500000US270030507113,Block Group 3; Census Tract 507.11; Anoka County; Minnesota,298,70,0,10,0,10,0,10,7,12,3,6,0,10,0,10,0,10,0,10,24,22,31,28,9,13,47,42,61,41,71,45,45,28
1500000US270030507114,Block Group 4; Census Tract 507.11; Anoka County; Minnesota,673,119,0,10,9,14,0,10,18,20,0,10,0,10,5,9,24,21,45,47,49,34,81,63,112,63,105,50,91,82,58,36,76,49
1500000US270030507121,Block Group 1; Census Tract 507.12; Anoka County; Minnesota,429,107,0,10,0,10,7,11,0,10,8,12,38,62,27,42,0,10,0,10,0,10,88,60,11,19,33,27,55,37,90,51,72,52
1500000US270030507122,Block Group 2; Census Tract 507.12; Anoka County; Minnesota,341,84,9,15,25,36,0,10,0,10,0,10,0,10,15,17,0,10,35,31,28,27,45,48,62,38,48,35,67,51,7,11,0,10
1500000US270030507123,Block Group 3; Census Tract 507.12; Anoka County; Minnesota,483,184,0,10,30,35,0,10,0,10,0,10,0,10,0,10,134,160,41,46,69,63,59,56,20,19,34,27,96,59,0,10,0,10
1500000US270030507124,Block Group 4; Census Tract 507.12; Anoka County; Minnesota,520,106,7,10,12,14,0,10,7,11,21,18,7,11,15,15,63,51,22,26,33,41,22,22,103,55,54,45,75,66,32,26,47,40
1500000US270030508071,Block Group 1; Census Tract 508.07; Anoka County; Minnesota,357,107,6,10,0,10,42,45,0,10,12,19,0,10,11,17,0,10,0,10,0,10,37,37,62,59,79,45,19,27,67,76,22,28
1500000US270030508072,Block Group 2; Census Tract 508.07; Anoka County; Minnesota,345,97,0,10,0,10,0,10,0,10,8,14,0,10,10,16,12,19,2,5,33,49,47,30,103,53,98,72,24,27,8,12,0,10
1500000US270030508073,Block Group 3; Census Tract 508.07; Anoka County; Minnesota,291,82,22,27,0,10,10,17,0,10,0,10,0,10,117,85,11,19,11,18,16,18,11,17,20,26,45,35,0,10,11,19,17,17
1500000US270030508074,Block Group 4; Census Tract 508.07; Anoka County; Minnesota,655,157,28,37,0,10,0,10,22,33,9,16,11,18,30,30,0,10,21,24,69,83,41,44,138,101,78,46,68,48,131,69,9,15
1500000US270030508081,Block Group 1; Census Tract 508.08; Anoka County; Minnesota,229,62,0,10,0,10,0,10,9,13,10,12,9,13,5,9,0,10,29,36,33,22,10,15,7,11,40,28,10,15,45,36,22,19
1500000US270030508082,Block Group 2; Census Tract 508.08; Anoka County; Minnesota,624,96,6,10,7,9,23,20,49,33,12,12,10,12,95,72,13,13,28,21,65,37,52,30,96,52,71,42,24,16,40,26,33,31
1500000US270030508101,Block Group 1; Census Tract 508.10; Anoka County; Minnesota,468,105,0,10,15,25,0,10,0,10,0,10,0,10,0,10,194,59,0,10,0,10,0,10,28,33,103,83,24,47,66,78,38,54
1500000US270030508102,Block Group 2; Census Tract 508.10; Anoka County; Minnesota,577,157,0,10,18,25,40,46,2,19,34,54,0,10,69,85,91,85,10,20,79,77,96,81,67,52,30,30,13,15,28,42,0,10
1500000US270030508103,Block Group 3; Census Tract 508.10; Anoka County; Minnesota,531,218,90,118,0,10,0,10,0,10,0,10,5,10,35,53,1,7,21,28,96,79,38,51,0,10,183,133,33,54,29,44,0,10
1500000US270030508104,Block Group 4; Census Tract 508.10; Anoka County; Minnesota,331,148,0,10,0,10,38,59,0,10,6,10,0,10,35,52,60,74,0,10,10,18,8,15,61,78,31,36,20,40,62,75,0,10
1500000US270030508111,Block Group 1; Census Tract 508.11; Anoka County; Minnesota,582,81,37,28,0,10,0,10,45,39,0,10,20,23,15,19,18,27,19,20,25,22,40,30,157,77,44,32,59,33,63,46,40,43
1500000US270030508112,Block Group 2; Census Tract 508.11; Anoka County; Minnesota,620,205,34,41,34,31,4,9,0,10,0,10,10,11,17,27,0,10,25,43,73,49,37,23,81,56,45,34,160,183,55,43,45,35
1500000US270030508161,Block Group 1; Census Tract 508.16; Anoka County; Minnesota,684,155,0,10,0,10,0,10,16,25,67,79,0,10,0,10,20,31,24,39,32,38,52,49,66,48,176,91,48,40,104,77,79,54
1500000US270030508162,Block Group 2; Census Tract 508.16; Anoka County; Minnesota,1063,170,17,30,0,10,0,10,66,93,0,10,16,28,0,10,0,10,7,12,0,10,129,71,196,117,106,69,59,54,156,96,311,121
1500000US270030508163,Block Group 3; Census Tract 508.16; Anoka County; Minnesota,605,160,0,10,0,10,20,35,33,50,0,10,17,27,17,28,14,23,13,19,33,41,84,50,41,38,102,95,69,63,35,34,127,99
1500000US270030508181,Block Group 1; Census Tract 508.18; Anoka County; Minnesota,667,154,0,10,0,10,0,10,0,10,17,28,0,10,35,40,16,24,43,70,33,37,16,25,141,109,46,52,75,54,113,116,132,72
1500000US270030508182,Block Group 2; Census Tract 508.18; Anoka County; Minnesota,628,135,59,42,0,10,0,10,0,10,14,24,0,10,0,10,0,10,17,26,0,10,34,40,165,123,63,49,80,83,62,66,134,81
1500000US270030508183,Block Group 3; Census Tract 508.18; Anoka County; Minnesota,669,214,0,10,26,42,0,10,0,10,0,10,0,10,0,10,16,26,0,10,16,25,15,24,34,38,248,186,46,43,93,53,175,67
1500000US270030508184,Block Group 4; Census Tract 508.18; Anoka County; Minnesota,847,166,0,10,21,33,0,10,0,10,0,10,63,93,0,10,0,10,0,10,14,23,44,44,33,38,60,46,47,47,181,109,384,122
1500000US270030508191,Block Group 1; Census Tract 508.19; Anoka County; Minnesota,997,149,0,10,9,15,18,19,28,29,62,82,28,30,10,18,8,13,0,10,22,25,24,21,113,71,38,33,49,39,271,82,317,92
1500000US270030508192,Block Group 2; Census Tract 508.19; Anoka County; Minnesota,269,87,9,15,0,10,0,10,0,10,0,10,0,10,0,10,0,10,0,10,0,10,0,10,19,21,27,22,55,54,34,25,125,56
1500000US270030508193,Block Group 3; Census Tract 508.19; Anoka County; Minnesota,314,84,0,10,0,10,0,10,10,18,0,10,0,10,0,10,5,9,9,15,21,23,52,51,71,53,40,33,9,14,34,34,63,36
1500000US270030508194,Block Group 4; Census Tract 508.19; Anoka County; Minnesota,305,76,0,10,0,10,0,10,0,10,0,10,0,10,28,24,9,15,0,10,8,14,26,40,20,23,19,22,20,22,30,28,145,62
1500000US270030508201,Block Group 1; Census Tract 508.20; Anoka County; Minnesota,576,247,0,10,0,10,0,10,0,10,0,10,45,55,9,14,28,26,0,10,20,25,10,15,18,20,28,26,226,241,74,48,118,51
1500000US270030508202,Block Group 2; Census Tract 508.20; Anoka County; Minnesota,382,109,23,26,0,10,0,10,0,10,0,10,0,10,14,22,0,10,0,10,17,19,29,28,38,45,56,55,20,22,56,33,129,91
1500000US270030508203,Block Group 3; Census Tract 508.20; Anoka County; Minnesota,363,92,0,10,36,43,10,16,34,43,0,10,0,10,20,22,50,68,0,10,0,10,36,30,34,34,11,15,53,51,23,26,56,34
1500000US270030508211,Block Group 1; Census Tract 508.21; Anoka County; Minnesota,428,110,0,10,0,10,0,10,7,12,12,18,0,10,12,19,0,10,0,10,10,14,6,9,36,32,16,23,37,30,72,45,220,107
1500000US270030508212,Block Group 2; Census Tract 508.21; Anoka County; Minnesota,477,115,0,10,0,10,0,10,8,13,0,10,0,10,0,10,0,10,20,15,0,10,18,20,53,40,65,50,42,31,82,55,189,85
1500000US270030508213,Block Group 3; Census Tract 508.21; Anoka County; Minnesota,538,182,0,10,0,10,0,10,0,10,0,10,0,10,0,10,18,22,0,10,45,53,189,175,52,36,58,31,32,30,123,62,21,24
1500000US270030508214,Block Group 4; Census Tract 508.21; Anoka County; Minnesota,0,10,0,10,0,10,0,10,0,10,0,10,0,10,0,10,0,10,0,10,0,10,0,10,0,10,0,10,0,10,0,10,0,10
1500000US270030508215,Block Group 5; Census Tract 508.21; Anoka County; Minnesota,542,151,12,18,0,10,0,10,0,10,0,10,0,10,0,10,8,14,10,16,0,10,37,37,165,83,86,50,120,108,18,22,86,75
1500000US270030508221,Block Group 1; Census Tract 508.22; Anoka County; Minnesota,275,72,8,13,0,10,6,9,0,10,5,8,16,24,0,10,0,10,24,28,6,10,69,65,43,28,32,22,15,17,14,18,37,30
1500000US270030508222,Block Group 2; Census Tract 508.22; Anoka County; Minnesota,694,107,24,29,0,10,0,10,0,10,0,10,9,13,14,16,17,19,16,18,75,43,80,71,74,42,65,43,84,49,58,51,178,119
1500000US270030508231,Block Group 1; Census Tract 508.23; Anoka County; Minnesota,426,100,33,35,27,41,22,33,0,10,0,10,7,15,0,10,32,29,10,18,0,10,25,22,15,19,59,51,46,44,83,59,67,65
1500000US270030508232,Block Group 2; Census Tract 508.23; Anoka County; Minnesota,526,88,10,15,0,10,0,10,0,10,0,10,5,9,16,18,24,21,29,32,11,18,30,29,80,50,29,30,91,60,119,83,82,63
1500000US270030508233,Block Group 3; Census Tract 508.23; Anoka County; Minnesota,371,101,0,10,0,10,0,10,0,10,0,10,0,10,25,38,0,10,23,36,52,67,25,37,73,47,65,41,73,66,35,44,0,10
1500000US270030508241,Block Group 1; Census Tract 508.24; Anoka County; Minnesota,557,112,0,10,0,10,0,10,0,10,0,10,18,21,0,10,38,30,10,16,59,55,0,10,147,101,15,23,151,89,111,74,8,11
1500000US270030508242,Block Group 2; Census Tract 508.24; Anoka County; Minnesota,603,227,0,10,0,10,0,10,0,10,0,10,0,10,0,10,36,25,0,10,42,62,40,34,71,59,185,178,49,38,151,157,29,33
1500000US270030508243,Block Group 3; Census Tract 508.24; Anoka County; Minnesota,515,102,47,59,0,10,0,10,12,18,0,10,9,15,29,46,66,67,13,19,10,16,96,51,33,31,46,43,38,28,78,55,38,34
1500000US270030508251,Block Group 1; Census Tract 508.25; Anoka County; Minnesota,763,91,24,41,12,20,11,18,0,10,7,11,0,10,0,10,13,22,7,12,56,45,50,53,105,67,61,39,163,100,129,73,125,67
1500000US270030508252,Block Group 2; Census Tract 508.25; Anoka County; Minnesota,238,95,7,11,0,10,0,10,0,10,0,10,0,10,0,10,0,10,0,10,9,15,58,48,17,20,45,32,37,57,47,49,18,20
1500000US270030508261,Block Group 1; Census Tract 508.26; Anoka County; Minnesota,578,134,7,12,15,21,33,52,40,45,15,19,68,73,36,39,68,64,8,14,11,16,60,63,91,62,17,24,38,36,50,44,21,27
1500000US270030508262,Block Group 2; Census Tract 508.26; Anoka County; Minnesota,381,122,29,39,6,11,0,10,0,10,0,10,0,10,0,10,0,10,22,34,48,51,78,79,13,18,80,94,105,89,0,10,0,10
1500000US270030508263,Block Group 3; Census Tract 508.26; Anoka County; Minnesota,615,139,0,10,0,10,18,24,19,30,61,53,7,12,51,67,26,32,0,10,0,10,106,68,94,82,26,31,93,59,64,70,50,49
1500000US270030508271,Block Group 1; Census Tract 508.27; Anoka County; Minnesota,566,95,0,10,0,10,11,17,0,10,0,10,36,38,32,53,8,12,4,7,13,22,11,14,36,26,126,94,134,71,100,51,55,35
1500000US270030508272,Block Group 2; Census Tract 508.27; Anoka County; Minnesota,301,67,7,13,4,7,9,13,0,10,31,37,0,10,13,15,0,10,12,18,8,13,5,9,31,26,65,52,13,17,73,33,30,21
1500000US270030508281,Block Group 1; Census Tract 508.28; Anoka County; Minnesota,383,79,0,10,0,10,9,15,0,10,0,10,7,11,16,17,37,52,9,14,44,54,28,26,32,25,56,40,47,32,49,35,49,40
1500000US270030508282,Block Group 2; Census Tract 508.28; Anoka County; Minnesota,912,259,3,8,0,10,33,43,0,10,52,60,24,39,15,33,94,76,38,31,65,60,45,36,251,121,234,233,0,10,58,86,0,10
1500000US270030508291,Block Group 1; Census Tract 508.29; Anoka County; Minnesota,433,131,0,10,9,15,0,10,0,10,11,19,0,10,0,10,14,23,0,10,0,10,0,10,28,29,31,30,63,42,114,70,163,112
1500000US270030508292,Block Group 2; Census Tract 508.29; Anoka County; Minnesota,342,87,0,10,0,10,0,10,0,10,0,10,8,13,0,10,0,10,0,10,0,10,9,14,71,58,28,31,10,15,74,49,142,69
1500000US270030508293,Block Group 3; Census Tract 508.29; Anoka County; Minnesota,35,23,0,10,0,10,0,10,0,10,0,10,0,10,0,10,0,10,6,11,0,10,0,10,0,10,0,10,0,10,29,25,0,10
1500000US270030508294,Block Group 4; Census Tract 508.29; Anoka County; Minnesota,316,74,0,10,0,10,6,10,0,10,0,10,34,45,0,10,33,36,7,11,45,38,43,38,43,42,31,28,26,26,39,36,9,15
1500000US270030509011,Block Group 1; Census Tract 509.01; Anoka County; Minnesota,486,97,7,11,0,10,9,13,7,11,0,10,0,10,48,34,13,14,38,45,62,44,76,48,84,57,63,38,22,21,36,24,21,36
1500000US270030509012,Block Group 2; Census Tract 509.01; Anoka County; Minnesota,656,96,7,10,5,8,17,19,11,13,64,55,19,19,19,26,9,15,35,39,47,28,73,61,118,44,70,36,88,59,60,59,14,13
1500000US270030509021,Block Group 1; Census Tract 509.02; Anoka County; Minnesota,536,152,11,18,0,10,0,10,12,22,0,10,0,10,20,31,0,10,21,35,0,10,1,3,146,91,31,41,85,68,50,43,159,96
1500000US270030509022,Block Group 2; Census Tract 509.02; Anoka County; Minnesota,609,137,46,50,17,28,7,11,0,10,30,35,9,16,22,35,26,30,51,45,11,14,95,59,105,97,59,54,79,66,17,21,35,38
1500000US270030509023,Block Group 3; Census Tract 509.02; Anoka County; Minnesota,897,189,0,10,0,10,11,20,0,10,0,10,0,10,50,55,18,27,90,63,0,10,146,78,58,51,263,186,43,44,177,90,41,40
1500000US270030510011,Block Group 1; Census Tract 510.01; Anoka County; Minnesota,742,128,35,28,0,10,11,14,7,11,8,13,23,29,47,46,87,65,32,30,38,31,28,19,49,43,219,75,20,20,95,86,43,48
1500000US270030510012,Block Group 2; Census Tract 510.01; Anoka County; Minnesota,459,114,1,8,10,15,23,26,48,48,15,17,30,21,8,13,23,28,0,10,24,30,48,39,85,57,25,23,27,26,28,36,64,70
1500000US270030510021,Block Group 1; Census Tract 510.02; Anoka County; Minnesota,652,121,33,28,76,62,9,15,25,39,0,10,0,10,25,25,8,14,49,39,4,6,41,41,87,42,113,54,83,54,32,30,67,52
1500000US270030510022,Block Group 2; Census Tract 510.02; Anoka County; Minnesota,740,117,10,17,7,11,0,10,31,30,12,19,10,16,17,19,10,16,40,42,56,37,67,54,121,92,119,59,48,31,149,83,43,27
1500000US270030511011,Block Group 1; Census Tract 511.01; Anoka County; Minnesota,592,152,0,10,0,10,18,31,43,68,47,73,0,10,24,39,14,21,0,10,36,41,120,73,155,123,15,23,105,123,0,10,15,24
1500000US270030511012,Block Group 2; Census Tract 511.01; Anoka County; Minnesota,384,107,0,10,0,10,0,10,0,10,0,10,0,10,0,10,0,10,50,82,0,10,0,10,60,57,20,28,42,33,86,64,126,61
1500000US270030511013,Block Group 3; Census Tract 511.01; Anoka County; Minnesota,687,157,0,10,0,10,0,10,0,10,17,31,17,29,55,45,0,10,181,142,70,67,63,63,72,70,125,125,27,33,60,63,0,10
1500000US270030511014,Block Group 4; Census Tract 511.01; Anoka County; Minnesota,433,143,0,10,0,10,0,10,0,10,0,10,18,28,0,10,0,10,37,41,27,36,58,49,94,79,67,58,46,72,10,24,76,65
1500000US270030511021,Block Group 1; Census Tract 511.02; Anoka County; Minnesota,345,146,10,15,0,10,24,40,9,14,0,10,0,10,0,10,0,10,9,13,24,29,8,13,54,40,41,41,9,13,127,130,30,27
1500000US270030511022,Block Group 2; Census Tract 511.02; Anoka County; Minnesota,483,107,10,16,0,10,12,18,8,13,22,26,9,15,4,6,68,58,5,9,20,24,59,56,60,33,34,31,73,50,89,61,10,14
1500000US270030511023,Block Group 3; Census Tract 511.02; Anoka County; Minnesota,224,108,0,10,10,16,10,16,0,10,0,10,0,10,0,10,5,8,9,15,11,18,83,89,72,58,0,10,0,10,24,29,0,10
1500000US270030511024,Block Group 4; Census Tract 511.02; Anoka County; Minnesota,560,111,15,18,23,23,17,18,0,10,15,24,36,36,8,13,17,26,13,19,42,43,57,43,99,59,32,29,61,48,85,50,40,23
1500000US270030511031,Block Group 1; Census Tract 511.03; Anoka County; Minnesota,390,109,0,10,16,21,79,57,12,19,0,10,0,10,16,27,20,30,24,26,0,10,0,10,21,28,104,56,41,36,47,41,10,16
1500000US270030511032,Block Group 2; Census Tract 511.03; Anoka County; Minnesota,568,125,42,43,13,20,4,6,0,10,0,10,15,24,11,16,28,31,0,10,17,22,74,64,94,89,115,68,30,34,84,48,41,36
1500000US270030511033,Block Group 3; Census Tract 511.03; Anoka County; Minnesota,254,102,9,15,0,10,17,28,0,10,0,10,0,10,12,19,0,10,24,34,24,29,108,69,42,38,0,10,11,17,7,17,0,10
1500000US270030512011,Block Group 1; Census Tract 512.01; Anoka County; Minnesota,490,105,0,10,0,10,7,11,0,10,27,35,26,21,37,37,0,10,88,77,23,25,50,57,33,34,48,47,29,28,0,10,122,63
1500000US270030512012,Block Group 2; Census Tract 512.01; Anoka County; Minnesota,396,124,83,92,0,10,27,28,10,16,48,74,0,10,0,10,0,10,89,88,22,25,17,29,63,45,19,28,0,10,18,21,0,10
1500000US270030512013,Block Group 3; Census Tract 512.01; Anoka County; Minnesota,914,177,0,10,24,29,0,10,31,29,42,43,22,33,19,33,37,56,32,40,16,24,321,138,111,85,165,111,72,81,15,18,7,12
1500000US270030512021,Block Group 1; Census Tract 512.02; Anoka County; Minnesota,862,136,0,10,0,10,10,15,13,16,103,109,71,55,64,66,33,40,33,33,36,32,228,107,96,66,29,31,52,47,76,54,18,39
1500000US270030512022,Block Group 2; Census Tract 512.02; Anoka County; Minnesota,758,137,64,47,45,47,113,77,12,18,5,10,35,46,0,10,6,10,6,9,80,71,58,42,96,56,98,60,53,55,70,52,17,21
1500000US270030512031,Block Group 1; Census Tract 512.03; Anoka County; Minnesota,555,157,16,26,0,10,19,30,0,10,0,10,0,10,32,34,27,29,16,25,33,39,43,44,242,152,65,59,0,10,0,10,62,75
1500000US270030512032,Block Group 2; Census Tract 512.03; Anoka County; Minnesota,692,172,0,10,0,10,19,32,19,31,107,141,0,10,0,10,81,67,29,34,51,44,108,80,46,38,79,72,70,63,0,10,83,54
1500000US270030512033,Block Group 3; Census Tract 512.03; Anoka County; Minnesota,409,195,0,10,15,23,0,10,0,10,0,10,0,10,0,10,13,21,0,10,0,10,36,38,110,143,56,50,17,27,14,23,148,109
1500000US270030512034,Block Group 4; Census Tract 512.03; Anoka County; Minnesota,803,140,50,74,0,10,39,44,0,10,36,55,17,28,0,10,0,10,32,37,17,26,16,31,194,104,107,73,12,18,92,68,191,113
1500000US270030512061,Block Group 1; Census Tract 512.06; Anoka County; Minnesota,0,10,0,10,0,10,0,10,0,10,0,10,0,10,0,10,0,10,0,10,0,10,0,10,0,10,0,10,0,10,0,10,0,10
1500000US270030512062,Block Group 2; Census Tract 512.06; Anoka County; Minnesota,437,114,12,19,0,10,12,19,0,10,0,10,53,61,82,96,12,17,20,24,86,67,48,54,47,35,36,30,0,10,29,29,0,10
1500000US270030512063,Block Group 3; Census Tract 512.06; Anoka County; Minnesota,326,98,16,18,0,10,38,58,0,10,7,12,19,22,30,46,33,46,53,57,9,18,25,52,60,49,21,22,7,11,8,13,0,10
1500000US270030512064,Block Group 4; Census Tract 512.06; Anoka County; Minnesota,366,105,0,10,10,15,0,10,0,10,11,17,11,18,0,10,39,60,0,10,43,51,15,20,128,95,40,35,21,23,48,54,0,10
1500000US270030513021,Block Group 1; Census Tract 513.02; Anoka County; Minnesota,434,146,17,21,0,10,62,99,32,52,24,26,0,10,51,57,7,12,10,16,9,14,45,52,60,43,32,43,24,26,10,16,51,37
1500000US270030513022,Block Group 2; Census Tract 513.02; Anoka County; Minnesota,796,120,106,116,15,23,66,65,7,12,65,96,0,10,0,10,45,54,39,37,31,39,40,49,71,62,79,58,13,21,83,72,136,68
1500000US270030513023,Block Group 3; Census Tract 513.02; Anoka County; Minnesota,544,116,0,10,10,18,0,10,12,19,12,19,0,10,0,10,55,57,9,15,21,24,29,34,62,46,52,54,106,65,92,69,84,78
1500000US270030513041,Block Group 1; Census Tract 513.04; Anoka County; Minnesota,329,62,7,9,0,10,0,10,7,10,14,22,11,17,18,22,12,18,11,18,48,42,48,33,64,42,6,10,23,21,32,23,28,32
1500000US270030513042,Block Group 2; Census Tract 513.04; Anoka County; Minnesota,628,133,5,8,42,54,0,10,0,10,70,64,12,10,0,10,9,15,23,25,34,27,135,60,123,99,70,60,30,24,23,18,52,38
1500000US270030513051,Block Group 1; Census Tract 513.05; Anoka County; Minnesota,434,103,0,10,0,10,0,10,24,35,8,12,0,10,23,22,10,15,7,12,36,31,56,32,66,43,70,79,79,35,38,30,17,25
1500000US270030513052,Block Group 2; Census Tract 513.05; Anoka County; Minnesota,434,95,0,10,8,13,9,13,41,49,0,10,0,10,0,10,40,37,0,10,52,42,51,43,100,51,21,23,50,47,55,34,7,10
1500000US270030513053,Block Group 3; Census Tract 513.05; Anoka County; Minnesota,357,75,12,8,18,17,32,27,8,8,15,21,2,5,22,19,23,20,25,17,92,58,53,38,39,23,4,6,9,16,3,6,0,10
1500000US270030514001,Block Group 1; Census Tract 514; Anoka County; Minnesota,374,110,13,20,6,10,0,10,13,24,17,26,0,10,16,24,15,24,0,10,13,22,92,92,52,45,31,49,37,40,13,15,56,56
1500000US270030514002,Block Group 2; Census Tract 514; Anoka County; Minnesota,1139,258,149,124,21,34,79,102,15,23,12,15,110,97,25,28,25,37,0,10,66,66,91,74,138,73,92,72,39,58,155,90,122,107
1500000US270030514003,Block Group 3; Census Tract 514; Anoka County; Minnesota,248,76,0,10,12,24,0,10,49,56,0,10,0,10,10,15,8,16,16,26,16,25,0,10,76,47,29,40,0,10,28,30,4,7
1500000US270030514004,Block Group 4; Census Tract 514; Anoka County; Minnesota,516,193,44,50,7,13,140,149,0,10,8,14,0,10,0,10,39,54,20,32,0,10,87,80,23,29,36,42,20,27,92,83,0,10
1500000US270030515011,Block Group 1; Census Tract 515.01; Anoka County; Minnesota,920,155,67,52,56,80,100,91,30,41,9,17,58,41,158,81,4,8,119,112,56,67,41,36,61,62,39,37,100,90,7,11,15,30
1500000US270030515012,Block Group 2; Census Tract 515.01; Anoka County; Minnesota,563,175,50,37,9,15,11,15,30,45,10,16,21,35,0,10,12,18,9,14,10,16,68,64,154,90,115,98,24,30,40,48,0,10
1500000US270030515021,Block Group 1; Census Tract 515.02; Anoka County; Minnesota,948,207,141,189,68,41,9,16,52,44,89,81,22,23,44,35,7,12,32,31,64,50,44,31,207,87,93,64,16,24,52,36,8,13
1500000US270030515022,Block Group 2; Census Tract 515.02; Anoka County; Minnesota,570,148,19,24,0,10,0,10,0,10,0,10,0,10,0,10,9,14,10,15,0,10,32,30,96,54,21,25,97,48,140,69,146,114
1500000US270030516001,Block Group 1; Census Tract 516; Anoka County; Minnesota,613,141,0,10,9,15,0,10,15,23,0,10,16,25,18,29,0,10,0,10,33,39,37,44,64,61,98,83,78,58,154,82,91,63
1500000US270030516002,Block Group 2; Census Tract 516; Anoka County; Minnesota,344,118,0,10,0,10,0,10,0,10,0,10,50,78,0,10,0,10,28,34,19,31,0,10,68,47,11,19,50,43,27,31,91,95
1500000US270030516003,Block Group 3; Census Tract 516; Anoka County; Minnesota,556,144,0,10,69,105,0,10,0,10,0,10,0,10,0,10,0,10,18,29,14,23,31,35,83,91,95,65,49,56,95,65,102,68
1500000US270030516004,Block Group 4; Census Tract 516; Anoka County; Minnesota,402,125,69,89,0,10,0,10,0,10,0,10,0,10,26,40,0,10,0,10,43,47,36,47,53,41,41,35,19,30,74,60,41,38
1500000US270054501001,Block Group 1; Census Tract 4501; Becker County; Minnesota,300,37,12,8,4,4,3,3,18,11,14,10,11,6,4,4,12,11,10,6,28,13,33,14,53,17,29,9,24,24,33,14,12,11
1500000US270054501002,Block Group 2; Census Tract 4501; Becker County; Minnesota,378,39,13,7,5,5,14,10,14,9,26,12,23,7,15,8,8,6,9,7,28,10,35,14,52,18,49,19,21,9,36,12,30,13
1500000US270054501003,Block Group 3; Census Tract 4501; Becker County; Minnesota,476,40,9,6,11,7,23,17,20,12,7,7,18,8,17,7,9,6,31,19,30,14,66,18,81,21,68,24,17,7,34,10,35,17
1500000US270054502001,Block Group 1; Census Tract 4502; Becker County; Minnesota,623,92,47,19,9,5,15,9,16,10,29,14,8,4,21,14,34,22,26,15,28,18,111,76,88,25,53,14,51,16,42,13,45,14
1500000US270054502002,Block Group 2; Census Tract 4502; Becker County; Minnesota,310,47,14,9,5,4,10,7,3,4,9,10,5,5,19,15,14,8,15,11,14,8,40,26,65,24,26,16,32,25,27,17,12,8
1500000US270054503001,Block Group 1; Census Tract 4503; Becker County; Minnesota,557,67,24,17,17,12,12,8,11,15,18,14,29,22,17,10,15,10,8,7,56,24,30,23,76,22,90,31,40,16,75,38,39,18
1500000US270054503002,Block Group 2; Census Tract 4503; Becker County; Minnesota,279,51,3,5,2,3,4,6,14,12,4,5,10,9,16,19,13,10,9,10,10,9,25,19,61,20,46,17,28,16,24,15,10,9
1500000US270054503003,Block Group 3; Census Tract 4503; Becker County; Minnesota,535,68,12,10,24,22,16,11,7,7,8,8,3,4,22,23,29,29,27,14,42,27,42,18,86,29,54,28,55,29,64,28,44,20
1500000US270054503004,Block Group 4; Census Tract 4503; Becker County; Minnesota,747,120,25,17,47,28,6,6,46,24,84,65,27,25,36,25,41,26,33,23,93,39,69,28,61,39,94,48,35,37,27,16,23,15
1500000US270054504001,Block Group 1; Census Tract 4504; Becker County; Minnesota,730,96,37,44,16,17,10,12,15,16,31,23,38,27,23,27,11,11,8,8,94,49,62,37,97,45,80,35,50,25,56,25,102,54
1500000US270054504002,Block Group 2; Census Tract 4504; Becker County; Minnesota,433,67,14,12,7,11,4,6,6,8,0,10,0,10,8,10,12,9,15,13,34,26,45,23,64,31,51,36,27,18,73,34,73,33
1500000US270054505001,Block Group 1; Census Tract 4505; Becker County; Minnesota,298,117,63,83,50,57,0,10,0,10,0,10,26,41,22,31,24,40,28,45,19,28,20,33,20,30,26,41,0,10,0,10,0,10
1500000US270054505002,Block Group 2; Census Tract 4505; Becker County; Minnesota,1101,166,59,64,21,35,75,56,67,46,84,100,20,33,131,97,83,58,34,53,111,73,112,80,99,49,93,78,82,83,2,4,28,20
1500000US270054505003,Block Group 3; Census Tract 4505; Becker County; Minnesota,725,175,36,57,68,71,16,21,21,32,0,10,76,69,64,72,33,52,0,10,53,46,128,101,65,53,76,81,19,31,30,39,40,44
1500000US270054506001,Block Group 1; Census Tract 4506; Becker County; Minnesota,502,130,12,17,0,10,0,10,0,10,33,41,9,14,28,34,15,17,0,10,28,39,84,64,140,53,24,24,48,38,16,19,65,68
1500000US270054506002,Block Group 2; Census Tract 4506; Becker County; Minnesota,747,144,10,15,19,35,24,36,25,23,10,16,10,18,129,98,84,78,27,23,6,9,128,89,103,73,84,60,29,35,6,11,53,46
1500000US270054506003,Block Group 3; Census Tract 4506; Becker County; Minnesota,390,95,48,44,12,21,52,49,6,8,20,16,0,10,22,23,7,11,24,26,28,31,80,62,41,39,35,31,0,10,15,25,0,10
1500000US270054507001,Block Group 1; Census Tract 4507; Becker County; Minnesota,773,103,36,22,5,6,14,17,20,18,0,10,50,46,18,11,13,18,25,20,6,6,66,53,135,51,121,46,75,41,76,31,113,39
1500000US270054507002,Block Group 2; Census Tract 4507; Becker County; Minnesota,312,71,12,11,3,4,4,8,3,6,44,38,5,8,12,10,9,9,2,5,14,9,42,16,40,22,33,17,34,22,39,39,16,12
1500000US270054507003,Block Group 3; Census Tract 4507; Becker County; Minnesota,318,51,11,8,3,5,13,9,0,10,3,4,9,12,19,18,0,10,2,3,17,13,12,12,50,27,46,20,30,15,43,22,60,21
1500000US270054508001,Block Group 1; Census Tract 4508; Becker County; Minnesota,327,59,38,35,18,12,3,4,10,9,5,4,15,12,5,5,2,3,22,17,20,13,22,10,55,33,24,14,37,16,38,23,13,9
1500000US270054508002,Block Group 2; Census Tract 4508; Becker County; Minnesota,662,59,12,9,17,9,15,11,12,9,9,9,6,6,18,12,31,20,31,29,51,26,44,16,57,23,89,28,56,30,100,28,114,34
1500000US270054509001,Block Group 1; Census Tract 4509; Becker County; Minnesota,409,59,12,8,10,6,7,6,8,5,8,6,0,10,36,33,6,6,30,16,26,14,23,13,59,25,33,9,51,24,39,14,61,28
1500000US270054509002,Block Group 2; Census Tract 4509; Becker County; Minnesota,295,42,12,9,13,10,5,7,8,7,9,8,15,11,8,7,6,6,0,10,31,13,22,13,33,15,43,22,24,15,15,11,51,17
1500000US270054509003,Block Group 3; Census Tract 4509; Becker County; Minnesota,274,53,8,5,7,8,14,10,3,5,5,5,6,5,11,8,36,26,5,6,19,18,17,13,38,16,43,18,31,16,27,14,4,4
1500000US270054509004,Block Group 4; Census Tract 4509; Becker County; Minnesota,358,59,10,9,3,4,12,13,10,8,12,9,12,15,5,7,9,9,16,12,14,12,27,13,48,18,44,20,18,12,67,31,51,19
1500000US270059400001,Block Group 1; Census Tract 9400; Becker County; Minnesota,386,43,10,7,15,8,10,7,12,8,20,11,16,10,21,12,19,15,21,10,39,18,54,14,43,13,47,14,17,8,24,12,18,8
1500000US270059400002,Block Group 2; Census Tract 9400; Becker County; Minnesota,443,48,20,11,81,31,49,18,28,14,11,8,16,8,9,7,21,14,14,8,30,12,17,9,52,15,28,9,18,9,20,10,29,14
1500000US270059400003,Block Group 3; Census Tract 9400; Becker County; Minnesota,213,30,17,9,19,12,9,8,7,5,6,5,7,5,8,6,3,4,15,10,32,13,17,8,28,11,12,8,3,3,18,8,12,7
1500000US270059400004,Block Group 4; Census Tract 9400; Becker County; Minnesota,230,32,21,9,8,7,11,11,11,7,17,8,20,14,8,5,5,5,12,11,16,8,19,8,19,11,30,12,12,8,8,6,13,8
1500000US270059400005,Block Group 5; Census Tract 9400; Becker County; Minnesota,279,35,12,9,9,5,6,4,6,4,14,12,19,9,9,6,4,4,7,5,22,13,33,14,50,18,32,12,5,5,25,9,26,14
1500000US270074501011,Block Group 1; Census Tract 4501.01; Beltrami County; Minnesota,835,90,9,9,15,17,10,9,26,16,29,18,13,11,23,13,14,10,11,10,107,47,144,60,147,40,95,33,90,55,75,27,27,15
1500000US270074501021,Block Group 1; Census Tract 4501.02; Beltrami County; Minnesota,414,83,25,24,4,7,6,8,8,12,5,8,11,11,15,12,0,10,16,18,37,21,85,79,75,35,51,23,22,18,13,12,41,31
1500000US270074501022,Block Group 2; Census Tract 4501.02; Beltrami County; Minnesota,490,75,28,31,13,13,9,11,13,13,15,13,24,28,19,17,19,19,29,20,21,16,40,29,67,24,44,19,68,39,48,21,33,23
1500000US270074501023,Block Group 3; Census Tract 4501.02; Beltrami County; Minnesota,520,79,5,7,15,14,0,10,16,16,26,24,12,12,0,10,14,14,25,16,43,29,103,68,51,25,51,25,80,40,71,24,8,10
1500000US270074501024,Block Group 4; Census Tract 4501.02; Beltrami County; Minnesota,539,89,6,6,59,47,7,10,9,9,36,40,15,16,6,5,2,5,11,14,41,31,46,22,61,35,56,36,71,37,60,32,53,25
1500000US270074502011,Block Group 1; Census Tract 4502.01; Beltrami County; Minnesota,601,102,0,10,2,4,1,4,2,4,29,26,5,7,60,54,0,10,0,10,27,28,32,17,82,41,92,45,75,49,86,52,108,45
1500000US270074502021,Block Group 1; Census Tract 4502.02; Beltrami County; Minnesota,823,147,14,22,0,10,55,37,0,10,0,10,65,52,14,23,27,45,66,84,112,94,51,56,146,96,99,77,37,43,76,55,61,70
1500000US270074502022,Block Group 2; Census Tract 4502.02; Beltrami County; Minnesota,432,176,12,21,110,134,0,10,0,10,0,10,0,10,0,10,11,19,0,10,17,26,126,76,54,56,48,57,0,10,0,10,54,77
1500000US270074502023,Block Group 3; Census Tract 4502.02; Beltrami County; Minnesota,543,127,3,5,0,10,16,27,29,46,0,10,20,29,18,28,0,10,3,5,70,75,19,29,19,32,118,68,27,31,57,55,144,88
1500000US270074502024,Block Group 4; Census Tract 4502.02; Beltrami County; Minnesota,755,157,36,46,15,25,84,85,53,62,40,48,0,10,12,19,0,10,39,61,249,137,54,48,65,48,63,51,12,19,20,26,13,21
1500000US270074503001,Block Group 1; Census Tract 4503; Beltrami County; Minnesota,557,77,11,9,12,8,21,22,11,13,9,8,10,7,16,10,2,4,2,3,38,21,26,12,89,33,73,24,55,45,72,29,110,43
1500000US270074503002,Block Group 2; Census Tract 4503; Beltrami County; Minnesota,416,65,26,28,8,8,9,9,12,11,21,13,5,5,0,10,6,6,2,3,34,16,59,34,41,17,106,35,24,14,25,12,38,15
1500000US270074503003,Block Group 3; Census Tract 4503; Beltrami County; Minnesota,431,59,8,7,3,5,8,7,15,13,3,4,4,5,21,16,37,29,15,11,24,11,54,21,58,18,20,10,51,19,55,24,55,16
1500000US270074503004,Block Group 4; Census Tract 4503; Beltrami County; Minnesota,392,47,19,12,6,6,4,4,5,4,22,13,15,9,12,10,17,8,15,10,29,13,40,17,71,22,47,18,24,13,37,18,29,16
1500000US270074504001,Block Group 1; Census Tract 4504; Beltrami County; Minnesota,295,56,9,7,7,5,7,4,11,10,9,6,9,6,14,15,13,6,4,3,17,13,35,20,61,26,23,8,29,13,22,14,25,12
1500000US270074504002,Block Group 2; Census Tract 4504; Beltrami County; Minnesota,415,52,11,10,13,11,19,15,9,9,5,4,6,5,19,15,24,18,19,12,34,12,30,12,35,12,73,25,35,19,37,18,46,18
1500000US270074504003,Block Group 3; Census Tract 4504; Beltrami County; Minnesota,425,60,7,4,47,28,25,17,52,23,29,16,13,8,27,14,26,17,8,9,38,15,36,18,32,15,21,10,21,13,25,14,18,10
1500000US270074505001,Block Group 1; Census Tract 4505; Beltrami County; Minnesota,479,112,16,11,24,13,49,38,21,9,13,10,16,14,6,6,13,9,13,9,23,11,46,20,50,16,117,105,11,8,16,9,45,30
1500000US270074505002,Block Group 2; Census Tract 4505; Beltrami County; Minnesota,293,34,5,6,13,10,10,6,15,8,10,10,18,11,8,6,20,11,10,9,16,7,25,8,57,21,34,13,19,11,14,9,19,11
1500000US270074506001,Block Group 1; Census Tract 4506; Beltrami County; Minnesota,248,91,0,10,6,14,0,10,9,14,52,53,5,9,82,58,0,10,11,19,0,10,13,15,7,11,51,56,0,10,12,20,0,10
1500000US270074506002,Block Group 2; Census Tract 4506; Beltrami County; Minnesota,476,114,18,32,0,10,11,18,0,10,0,10,11,17,0,10,13,15,22,24,49,51,133,83,60,53,65,52,0,10,69,66,25,36
1500000US270074506003,Block Group 3; Census Tract 4506; Beltrami County; Minnesota,428,147,28,36,0,10,0,10,6,11,0,10,7,12,0,10,94,103,41,68,30,40,27,41,96,66,99,98,0,10,0,10,0,10
1500000US270074506004,Block Group 4; Census Tract 4506; Beltrami County; Minnesota,214,101,11,18,0,10,4,6,0,10,14,16,15,24,0,10,0,10,0,10,29,36,13,21,87,103,0,10,34,50,0,10,7,11
1500000US270074506005,Block Group 5; Census Tract 4506; Beltrami County; Minnesota,307,140,0,10,42,49,0,10,0,10,10,17,7,14,8,15,0,10,91,99,42,40,74,61,33,37,0,10,0,10,0,10,0,10
1500000US270074507031,Block Group 1; Census Tract 4507.03; Beltrami County; Minnesota,1033,192,47,32,96,56,138,106,7,11,63,40,11,14,102,84,73,69,136,103,24,23,79,75,84,63,76,51,23,31,56,49,18,19
1500000US270074507041,Block Group 1; Census Tract 4507.04; Beltrami County; Minnesota,345,117,28,50,0,10,27,30,3,6,80,94,27,32,0,10,0,10,19,32,82,63,0,10,36,39,13,21,18,25,12,19,0,10
1500000US270074507042,Block Group 2; Census Tract 4507.04; Beltrami County; Minnesota,571,131,25,30,56,46,84,80,57,55,21,35,11,20,0,10,16,19,18,28,7,12,29,26,93,66,11,16,26,23,85,85,32,29
1500000US270074507043,Block Group 3; Census Tract 4507.04; Beltrami County; Minnesota,478,110,5,9,0,10,4,6,0,10,4,9,0,10,51,41,38,35,18,28,38,32,39,27,91,48,75,46,43,44,39,29,33,29
1500000US270074507044,Block Group 4; Census Tract 4507.04; Beltrami County; Minnesota,291,111,6,9,16,25,79,83,74,70,0,10,7,11,12,20,9,14,0,10,0,10,24,27,35,28,0,10,22,19,0,10,7,14
1500000US270074507051,Block Group 1; Census Tract 4507.05; Beltrami County; Minnesota,858,81,37,26,28,30,58,48,15,24,0,10,13,15,12,17,14,18,16,19,15,20,100,37,143,60,115,39,143,48,102,42,47,32
1500000US270074507061,Block Group 1; Census Tract 4507.06; Beltrami County; Minnesota,443,95,18,16,0,10,18,24,26,28,0,10,21,29,7,10,6,9,0,10,13,15,48,39,59,44,136,84,54,33,5,9,32,26
1500000US270074507062,Block Group 2; Census Tract 4507.06; Beltrami County; Minnesota,574,98,51,43,45,48,90,54,6,11,43,30,22,21,13,14,8,12,0,10,64,43,98,59,36,28,22,20,41,35,9,14,26,23
1500000US270079400011,Block Group 1; Census Tract 9400.01; Beltrami County; Minnesota,558,166,102,74,19,33,20,28,38,43,27,42,14,22,36,41,3,5,0,10,37,38,36,43,48,47,36,45,48,54,28,35,66,73
1500000US270079400012,Block Group 2; Census Tract 9400.01; Beltrami County; Minnesota,725,155,101,67,51,54,37,44,29,38,67,58,29,33,0,10,18,22,17,22,170,129,38,46,30,36,43,36,52,48,0,10,43,53
1500000US270079400013,Block Group 3; Census Tract 9400.01; Beltrami County; Minnesota,281,92,54,46,3,4,15,24,2,3,1,4,32,49,41,48,31,36,0,10,0,10,0,10,64,54,0,10,38,40,0,10,0,10
1500000US270079400021,Block Group 1; Census Tract 9400.02; Beltrami County; Minnesota,384,48,17,10,13,10,5,5,20,13,9,7,3,5,1,3,20,10,27,14,27,14,37,16,65,22,38,15,13,9,53,18,36,12
1500000US270079400022,Block Group 2; Census Tract 9400.02; Beltrami County; Minnesota,303,40,13,11,25,12,8,6,4,4,17,12,34,26,3,5,5,5,10,7,34,18,30,14,43,16,46,17,7,5,9,9,15,11
1500000US270090201001,Block Group 1; Census Tract 201; Benton County; Minnesota,378,56,2,3,18,14,8,6,19,19,3,4,4,4,13,12,10,14,15,11,13,8,29,13,54,18,40,20,33,15,68,30,49,29
1500000US270090201002,Block Group 2; Census Tract 201; Benton County; Minnesota,394,46,10,11,2,3,2,3,17,11,8,10,4,5,5,5,19,13,10,8,33,20,41,19,38,17,45,24,56,21,65,26,39,17
1500000US270090201003,Block Group 3; Census Tract 201; Benton County; Minnesota,267,53,12,15,17,20,0,10,2,3,6,8,0,10,18,18,0,10,10,10,33,22,15,12,43,31,37,39,13,13,22,17,39,20
1500000US270090201004,Block Group 4; Census Tract 201; Benton County; Minnesota,807,87,78,47,25,26,21,25,52,38,30,23,36,38,43,32,21,15,23,20,97,49,27,17,81,33,134,78,89,41,30,20,20,12
1500000US270090201005,Block Group 5; Census Tract 201; Benton County; Minnesota,391,67,7,7,2,3,2,4,10,7,5,5,5,6,12,15,7,6,18,14,48,39,22,13,75,27,74,34,29,13,64,23,11,9
1500000US270090202021,Block Group 1; Census Tract 202.02; Benton County; Minnesota,601,64,10,9,9,9,2,2,4,3,4,4,8,7,12,7,22,14,16,9,37,19,34,14,82,24,113,32,68,24,103,26,77,22
1500000US270090202022,Block Group 2; Census Tract 202.02; Benton County; Minnesota,439,50,10,10,8,6,2,3,14,7,16,13,7,5,4,4,11,7,5,4,31,16,61,27,59,23,57,19,33,14,77,24,44,16
1500000US270090202031,Block Group 1; Census Tract 202.03; Benton County; Minnesota,746,72,15,11,13,14,9,8,5,9,5,6,9,12,3,5,22,18,13,15,62,32,43,19,139,42,176,44,69,25,120,55,43,22
1500000US270090202032,Block Group 2; Census Tract 202.03; Benton County; Minnesota,360,58,13,14,2,3,7,6,9,9,4,4,2,5,5,6,8,7,7,5,15,8,24,13,51,27,59,24,34,23,59,20,61,33
1500000US270090202051,Block Group 1; Census Tract 202.05; Benton County; Minnesota,665,124,5,11,0,10,19,24,0,10,11,18,29,24,28,22,50,48,10,18,76,59,109,66,84,45,92,81,59,43,45,34,48,36
1500000US270090202052,Block Group 2; Census Tract 202.05; Benton County; Minnesota,627,110,9,14,0,10,0,10,48,45,13,19,0,10,8,14,0,10,6,11,35,29,25,34,92,68,94,58,54,40,138,67,105,67
1500000US270090202061,Block Group 1; Census Tract 202.06; Benton County; Minnesota,713,125,0,10,28,19,14,19,29,27,4,6,13,12,7,7,22,19,89,92,106,61,32,26,116,55,75,31,40,28,101,58,37,25
1500000US270090202062,Block Group 2; Census Tract 202.06; Benton County; Minnesota,546,134,34,31,18,30,0,10,20,20,26,28,34,32,29,27,0,10,67,52,68,67,57,37,56,42,42,36,67,52,18,18,10,15
1500000US270090203001,Block Group 1; Census Tract 203; Benton County; Minnesota,845,111,1,3,6,7,0,10,36,36,8,7,18,16,43,30,7,7,37,28,37,31,134,86,101,48,55,26,171,61,153,65,38,18
1500000US270090203002,Block Group 2; Census Tract 203; Benton County; Minnesota,647,87,19,17,16,15,7,8,6,7,11,14,6,5,16,20,19,15,3,5,30,19,95,64,112,51,70,36,51,25,107,55,79,43
1500000US270090211021,Block Group 1; Census Tract 211.02; Benton County; Minnesota,476,143,16,25,14,22,0,10,0,10,35,46,39,44,38,56,18,28,0,10,63,47,27,32,31,38,36,35,87,87,0,10,72,54
1500000US270090211022,Block Group 2; Census Tract 211.02; Benton County; Minnesota,767,235,183,206,18,30,11,18,19,15,3,7,19,30,79,64,113,80,9,16,68,46,62,78,52,44,15,23,43,48,34,45,39,37
1500000US270090211023,Block Group 3; Census Tract 211.02; Benton County; Minnesota,834,165,12,20,0,10,24,30,46,53,3,4,50,50,98,75,53,54,1,2,38,40,59,47,115,72,121,65,66,53,125,73,23,30
1500000US270090211031,Block Group 1; Census Tract 211.03; Benton County; Minnesota,477,94,5,10,6,11,9,16,19,30,16,18,0,10,6,11,8,13,7,12,67,54,65,50,35,32,126,83,23,37,85,51,0,10
1500000US270090211032,Block Group 2; Census Tract 211.03; Benton County; Minnesota,597,115,93,77,51,56,16,20,45,42,59,46,19,22,29,35,36,44,16,26,51,56,69,80,54,39,21,28,0,10,38,38,0,10
1500000US270090211033,Block Group 3; Census Tract 211.03; Benton County; Minnesota,372,103,0,10,7,11,15,16,19,23,0,10,6,10,0,10,7,11,55,68,19,20,115,87,24,43,34,33,53,49,0,10,18,28
1500000US270090211041,Block Group 1; Census Tract 211.04; Benton County; Minnesota,844,99,0,10,11,17,10,16,20,30,0,10,21,32,30,28,11,18,27,31,83,72,91,62,92,54,144,93,115,70,103,76,86,53
1500000US270090211042,Block Group 2; Census Tract 211.04; Benton County; Minnesota,460,104,0,10,17,24,0,10,0,10,0,10,0,10,16,22,65,56,0,10,14,22,88,79,47,36,61,40,62,46,79,57,11,18
1500000US270090211043,Block Group 3; Census Tract 211.04; Benton County; Minnesota,473,78,0,10,14,22,14,22,51,39,0,10,0,10,12,19,0,10,33,38,12,20,58,47,118,61,48,37,80,43,0,10,33,32
1500000US270090212011,Block Group 1; Census Tract 212.01; Benton County; Minnesota,878,264,40,40,94,96,128,163,0,10,0,10,91,78,31,49,25,32,112,147,154,112,133,109,18,30,35,39,0,10,17,30,0,10
1500000US270090212012,Block Group 2; Census Tract 212.01; Benton County; Minnesota,334,188,24,27,3,5,2,4,3,5,0,10,0,10,44,52,12,18,148,181,2,3,42,46,13,8,16,17,2,6,21,26,2,4
1500000US270090212013,Block Group 3; Census Tract 212.01; Benton County; Minnesota,678,236,62,112,38,53,0,10,0,10,0,10,54,78,29,28,20,29,12,20,168,206,42,37,94,100,17,29,103,83,39,39,0,10
1500000US270090212014,Block Group 4; Census Tract 212.01; Benton County; Minnesota,640,151,55,79,10,17,34,42,85,77,12,20,0,10,0,10,34,36,28,33,21,33,46,43,202,128,53,59,13,20,32,38,15,24
1500000US270090212015,Block Group 5; Census Tract 212.01; Benton County; Minnesota,463,201,75,57,0,10,47,49,50,71,39,58,35,93,20,29,0,10,93,132,14,23,26,30,42,43,22,26,0,10,0,10,0,10
1500000US270119501001,Block Group 1; Census Tract 9501; Big Stone County; Minnesota,567,54,25,15,5,6,18,11,19,13,15,16,17,10,28,15,15,7,21,14,21,8,35,16,90,36,87,22,72,30,71,20,28,11
1500000US270119502001,Block Group 1; Census Tract 9502; Big Stone County; Minnesota,407,48,21,14,15,6,10,7,12,7,8,10,14,11,12,13,13,11,15,8,39,13,46,15,45,17,45,15,23,12,48,22,41,17
1500000US270119502002,Block Group 2; Census Tract 9502; Big Stone County; Minnesota,284,47,10,8,11,11,24,14,11,10,5,4,35,16,3,3,7,5,9,9,12,7,24,22,22,14,25,14,14,13,50,21,22,11
1500000US270119503001,Block Group 1; Census Tract 9503; Big Stone County; Minnesota,282,59,15,13,16,14,11,10,29,31,5,8,14,12,8,10,15,18,21,18,37,26,44,26,15,12,5,8,25,23,12,16,10,11
1500000US270119503002,Block Group 2; Census Tract 9503; Big Stone County; Minnesota,276,42,15,16,24,25,8,10,7,10,13,12,29,19,12,12,10,15,6,9,35,25,21,16,30,19,18,17,15,13,14,14,19,14
1500000US270119503003,Block Group 3; Census Tract 9503; Big Stone County; Minnesota,320,67,18,14,18,14,18,18,5,9,5,8,12,12,6,8,0,10,17,13,38,20,39,33,45,28,32,32,28,22,0,10,39,38
1500000US270131701001,Block Group 1; Census Tract 1701; Blue Earth County; Minnesota,873,121,32,28,17,14,38,48,12,11,16,15,33,17,17,12,11,9,38,29,59,37,61,28,148,53,106,45,124,68,86,28,75,27
1500000US270131701002,Block Group 2; Census Tract 1701; Blue Earth County; Minnesota,440,48,8,11,0,10,2,3,9,9,21,24,7,7,3,5,19,15,7,7,31,19,45,23,54,21,44,19,51,21,51,23,88,30
1500000US270131701003,Block Group 3; Census Tract 1701; Blue Earth County; Minnesota,834,119,30,32,5,10,24,17,66,44,42,34,6,10,15,12,2,3,16,14,94,47,82,36,126,45,122,48,121,59,49,29,34,25
1500000US270131702001,Block Group 1; Census Tract 1702; Blue Earth County; Minnesota,1375,218,17,27,35,44,32,35,158,102,32,36,129,80,28,36,20,30,37,37,23,25,139,119,242,114,100,46,79,72,148,91,156,70
1500000US270131702002,Block Group 2; Census Tract 1702; Blue Earth County; Minnesota,960,161,7,11,3,5,0,10,0,10,40,41,3,6,27,29,27,34,16,18,13,10,40,33,140,59,219,110,89,54,200,74,136,53
1500000US270131702003,Block Group 3; Census Tract 1702; Blue Earth County; Minnesota,855,189,0,10,2,3,26,41,0,10,44,42,3,4,5,6,4,6,25,39,47,42,214,127,154,99,94,59,67,46,125,135,45,32
1500000US270131703001,Block Group 1; Census Tract 1703; Blue Earth County; Minnesota,616,164,22,24,97,102,39,47,8,12,2,4,0,10,28,36,9,15,29,26,57,51,31,26,101,83,88,57,0,10,80,90,25,29
1500000US270131703002,Block Group 2; Census Tract 1703; Blue Earth County; Minnesota,377,97,0,10,0,10,0,10,15,25,0,10,52,43,0,10,11,18,19,33,11,17,26,26,136,75,31,32,16,24,41,34,19,23
1500000US270131703003,Block Group 3; Census Tract 1703; Blue Earth County; Minnesota,355,95,18,21,12,20,6,11,14,23,28,37,0,10,7,11,8,13,0,10,42,35,80,55,67,44,0,10,5,9,37,52,31,37
1500000US270131704001,Block Group 1; Census Tract 1704; Blue Earth County; Minnesota,804,150,15,22,8,14,29,26,30,36,9,14,0,10,28,35,67,49,50,41,125,70,103,71,172,114,42,30,37,41,45,43,44,50
1500000US270131704002,Block Group 2; Census Tract 1704; Blue Earth County; Minnesota,484,127,31,34,17,27,0,10,27,40,11,21,14,21,0,10,21,34,14,21,45,56,48,66,59,57,76,49,21,25,100,119,0,10
1500000US270131704003,Block Group 3; Census Tract 1704; Blue Earth County; Minnesota,566,129,13,22,36,39,27,31,0,10,0,10,11,18,70,76,4,7,0,10,10,16,112,79,59,52,96,71,61,50,6,10,61,64
1500000US270131705001,Block Group 1; Census Tract 1705; Blue Earth County; Minnesota,413,117,12,19,0,10,0,10,0,10,41,49,18,31,11,18,0,10,0,10,15,19,6,10,196,111,38,38,24,33,15,25,37,32
1500000US270131705002,Block Group 2; Census Tract 1705; Blue Earth County; Minnesota,587,161,0,10,13,20,14,22,0,10,95,98,0,10,43,64,23,37,12,19,38,40,9,16,36,31,165,127,22,32,85,53,32,44
1500000US270131705003,Block Group 3; Census Tract 1705; Blue Earth County; Minnesota,198,93,0,10,11,17,0,10,0,10,0,10,14,24,21,27,0,10,0,10,7,13,65,70,77,48,0,10,3,5,0,10,0,10
1500000US270131705004,Block Group 4; Census Tract 1705; Blue Earth County; Minnesota,876,149,129,108,4,6,21,34,17,21,14,21,0,10,13,16,7,12,23,36,28,41,146,99,101,66,197,77,46,49,83,48,47,45
1500000US270131706001,Block Group 1; Census Tract 1706; Blue Earth County; Minnesota,348,78,38,50,22,21,0,10,11,17,13,22,12,17,0,10,15,21,13,21,34,40,20,25,92,61,16,22,62,37,0,10,0,10
1500000US270131706002,Block Group 2; Census Tract 1706; Blue Earth County; Minnesota,185,93,0,10,0,10,0,10,0,10,0,10,10,17,79,72,0,10,30,34,6,11,37,49,23,38,0,10,0,10,0,10,0,10
1500000US270131706003,Block Group 3; Census Tract 1706; Blue Earth County; Minnesota,589,177,52,55,126,85,56,61,0,10,169,127,28,43,0,10,36,54,25,40,13,20,9,16,14,19,24,39,31,33,6,10,0,10
1500000US270131707001,Block Group 1; Census Tract 1707; Blue Earth County; Minnesota,794,231,93,74,111,98,0,10,109,84,126,133,0,10,16,20,19,30,61,80,1,7,170,144,11,19,8,13,0,10,69,79,0,10
1500000US270131707002,Block Group 2; Census Tract 1707; Blue Earth County; Minnesota,442,120,44,41,0,10,19,22,0,10,17,29,27,38,23,27,0,10,15,24,43,39,31,31,118,68,35,39,54,44,0,10,16,23
1500000US270131708001,Block Group 1; Census Tract 1708; Blue Earth County; Minnesota,391,90,15,13,0,10,11,14,11,19,2,5,12,16,2,5,25,22,11,14,44,27,40,27,36,32,35,27,28,20,86,58,33,16
1500000US270131708002,Block Group 2; Census Tract 1708; Blue Earth County; Minnesota,488,171,0,10,0,10,0,10,0,10,11,18,78,104,12,19,0,10,105,117,47,35,96,72,89,71,34,33,0,10,16,24,0,10
1500000US270131708003,Block Group 3; Census Tract 1708; Blue Earth County; Minnesota,810,142,10,19,9,13,9,13,22,31,21,32,12,13,17,26,13,16,56,42,31,28,103,90,172,91,80,51,123,68,39,35,93,45
1500000US270131708004,Block Group 4; Census Tract 1708; Blue Earth County; Minnesota,326,104,10,17,31,46,0,10,0,10,7,10,0,10,0,10,75,50,32,42,13,24,46,41,73,63,18,27,12,18,9,14,0,10
1500000US270131709001,Block Group 1; Census Tract 1709; Blue Earth County; Minnesota,331,45,8,8,1,2,9,13,6,7,24,25,7,9,8,9,7,6,6,5,18,12,25,13,62,30,45,17,34,17,45,20,26,11
1500000US270131709002,Block Group 2; Census Tract 1709; Blue Earth County; Minnesota,349,45,11,8,7,7,16,10,5,4,12,6,4,6,5,5,3,5,3,5,12,7,34,15,59,23,60,22,47,23,56,23,15,9
1500000US270131709003,Block Group 3; Census Tract 1709; Blue Earth County; Minnesota,455,70,11,9,0,10,6,5,9,7,0,10,25,36,10,8,28,24,6,6,49,31,68,20,41,18,87,31,21,11,60,21,34,13
1500000US270131710001,Block Group 1; Census Tract 1710; Blue Earth County; Minnesota,323,46,0,10,0,10,3,5,15,15,11,9,7,6,6,8,23,23,4,4,7,6,50,22,45,17,38,16,44,23,54,24,16,10
1500000US270131710002,Block Group 2; Census Tract 1710; Blue Earth County; Minnesota,612,93,34,26,32,32,1,4,65,45,9,9,13,16,29,33,13,14,18,17,61,57,27,23,89,37,68,42,36,23,96,58,21,16
1500000US270131710003,Block Group 3; Census Tract 1710; Blue Earth County; Minnesota,484,109,0,10,5,7,0,10,7,7,4,6,1,4,13,11,4,4,17,28,22,15,78,48,103,41,121,67,57,37,41,22,11,11
1500000US270131711011,Block Group 1; Census Tract 1711.01; Blue Earth County; Minnesota,455,127,25,29,0,10,20,25,0,10,10,15,14,23,0,10,0,10,23,26,21,23,52,36,148,103,39,30,13,16,54,40,36,32
1500000US270131711012,Block Group 2; Census Tract 1711.01; Blue Earth County; Minnesota,874,163,150,111,51,47,52,63,160,110,132,87,0,10,83,58,26,28,8,14,75,94,51,45,86,71,0,10,0,10,0,10,0,10
1500000US270131711013,Block Group 3; Census Tract 1711.01; Blue Earth County; Minnesota,327,137,68,68,0,10,0,10,7,14,0,10,0,10,0,10,0,10,44,66,0,10,78,83,77,63,18,22,17,29,18,21,0,10
1500000US270131712021,Block Group 1; Census Tract 1712.02; Blue Earth County; Minnesota,1201,315,318,199,59,72,86,106,0,10,0,10,0,10,124,119,42,49,49,56,142,135,178,222,86,75,50,58,20,32,47,56,0,10
1500000US270131712022,Block Group 2; Census Tract 1712.02; Blue Earth County; Minnesota,337,127,23,38,25,41,0,10,0,10,0,10,60,69,0,10,27,42,0,10,0,10,22,34,82,79,11,18,13,21,0,10,74,91
1500000US270131712023,Block Group 3; Census Tract 1712.02; Blue Earth County; Minnesota,479,185,13,16,17,28,0,10,57,71,73,89,20,32,38,51,120,125,28,43,24,40,22,38,48,55,0,10,19,30,0,10,0,10
1500000US270131712024,Block Group 4; Census Tract 1712.02; Blue Earth County; Minnesota,1223,234,86,79,149,151,28,41,0,10,22,34,28,44,81,70,98,87,57,67,187,143,102,80,14,24,196,139,12,21,29,43,134,94
1500000US270131713001,Block Group 1; Census Tract 1713; Blue Earth County; Minnesota,428,49,24,17,2,2,3,5,10,6,14,9,5,5,10,10,11,8,9,6,34,16,23,12,38,15,87,39,47,18,76,28,35,13
1500000US270131713002,Block Group 2; Census Tract 1713; Blue Earth County; Minnesota,637,71,9,9,2,4,0,10,21,12,7,9,4,5,6,5,20,11,8,6,67,43,36,18,95,47,57,23,59,18,86,27,160,34
1500000US270131713003,Block Group 3; Census Tract 1713; Blue Earth County; Minnesota,341,50,10,10,2,5,9,8,5,8,13,13,16,15,0,10,5,5,7,7,46,23,40,20,44,35,35,15,27,13,44,18,38,14
1500000US270131714001,Block Group 1; Census Tract 1714; Blue Earth County; Minnesota,377,45,5,4,1,2,3,6,9,7,7,7,8,8,19,14,8,7,31,14,21,14,34,20,58,17,43,13,36,19,55,22,39,14
1500000US270131714002,Block Group 2; Census Tract 1714; Blue Earth County; Minnesota,437,43,12,7,2,4,7,6,8,6,6,5,10,7,14,8,15,10,30,15,24,14,36,15,81,24,62,20,34,11,43,16,53,19
1500000US270131714003,Block Group 3; Census Tract 1714; Blue Earth County; Minnesota,464,69,8,7,14,9,3,4,8,7,10,8,38,32,21,13,8,7,15,8,38,19,49,15,47,19,65,28,95,54,32,14,13,10
1500000US270131715001,Block Group 1; Census Tract 1715; Blue Earth County; Minnesota,346,44,8,6,4,4,16,14,13,9,10,6,26,18,13,8,18,10,4,3,13,10,32,16,43,13,40,13,23,8,28,13,55,21
1500000US270131715002,Block Group 2; Census Tract 1715; Blue Earth County; Minnesota,416,61,20,14,29,36,7,5,16,9,11,7,13,7,24,22,17,12,13,8,11,6,50,18,64,19,48,18,21,12,39,15,33,16
1500000US270131715003,Block Group 3; Census Tract 1715; Blue Earth County; Minnesota,329,64,6,4,8,5,17,15,2,3,13,9,6,5,7,7,8,9,15,8,35,15,42,19,53,15,65,48,24,9,21,14,7,8
1500000US270131716001,Block Group 1; Census Tract 1716; Blue Earth County; Minnesota,536,131,0,10,0,10,13,23,42,49,36,34,0,10,38,44,0,10,0,10,0,10,45,27,102,79,8,12,106,65,138,91,8,14
1500000US270131716002,Block Group 2; Census Tract 1716; Blue Earth County; Minnesota,488,110,0,10,0,10,0,10,11,19,0,10,0,10,0,10,0,10,0,10,0,10,16,27,84,60,75,68,94,56,139,74,69,37
1500000US270131716003,Block Group 3; Census Tract 1716; Blue Earth County; Minnesota,371,136,20,22,6,12,37,38,0,10,10,16,35,33,0,10,11,17,9,14,65,70,24,27,0,10,41,23,0,10,78,107,35,33
1500000US270159601011,Block Group 1; Census Tract 9601.01; Brown County; Minnesota,581,74,38,31,53,26,10,10,48,48,27,26,45,42,0,10,54,32,16,15,81,36,64,33,64,29,33,20,23,19,20,19,5,8
1500000US270159601012,Block Group 2; Census Tract 9601.01; Brown County; Minnesota,385,99,26,20,0,10,12,13,0,10,10,11,4,6,13,17,34,26,26,20,21,19,60,35,118,89,45,25,0,10,10,14,6,8
1500000US270159601021,Block Group 1; Census Tract 9601.02; Brown County; Minnesota,566,72,49,30,50,55,9,14,22,21,53,30,28,22,20,17,16,18,30,39,58,30,68,42,27,23,68,48,12,12,43,34,13,14
1500000US270159602001,Block Group 1; Census Tract 9602; Brown County; Minnesota,366,70,9,14,10,15,0,10,0,10,8,13,16,17,8,12,10,15,13,16,4,7,68,45,79,52,29,23,62,39,25,23,25,23
1500000US270159602002,Block Group 2; Census Tract 9602; Brown County; Minnesota,367,88,0,10,0,10,8,12,0,10,8,13,9,14,15,16,18,22,0,10,43,30,44,32,169,93,0,10,20,18,3,7,30,28
1500000US270159602003,Block Group 3; Census Tract 9602; Brown County; Minnesota,543,91,34,41,0,10,9,14,0,10,6,10,0,10,14,16,0,10,22,23,93,65,24,21,75,41,88,45,52,37,64,42,62,41
1500000US270159602004,Block Group 4; Census Tract 9602; Brown County; Minnesota,328,71,0,10,0,10,8,13,0,10,0,10,0,10,18,21,33,39,0,10,86,51,0,10,61,51,47,40,50,33,14,15,11,18
1500000US270159603001,Block Group 1; Census Tract 9603; Brown County; Minnesota,569,116,9,14,26,39,0,10,7,14,10,15,22,33,0,10,16,19,0,10,101,65,19,22,99,65,40,34,67,56,102,63,51,38
1500000US270159603002,Block Group 2; Census Tract 9603; Brown County; Minnesota,344,87,0,10,16,18,11,17,5,10,8,13,0,10,20,21,27,33,0,10,137,69,35,33,47,43,21,24,12,17,5,10,0,10
1500000US270159603003,Block Group 3; Census Tract 9603; Brown County; Minnesota,338,110,16,19,0,10,0,10,30,34,12,18,13,20,0,10,63,91,30,46,48,41,40,38,30,36,36,25,7,13,0,10,13,18
1500000US270159603004,Block Group 4; Census Tract 9603; Brown County; Minnesota,327,112,19,32,13,17,23,23,0,10,78,78,14,24,13,16,4,7,12,20,10,15,0,10,7,11,84,66,7,13,22,25,21,31
1500000US270159604001,Block Group 1; Census Tract 9604; Brown County; Minnesota,863,145,48,32,0,10,51,41,5,5,78,65,61,45,37,35,13,20,54,45,24,24,108,76,137,71,82,48,15,12,58,45,92,55
1500000US270159604002,Block Group 2; Census Tract 9604; Brown County; Minnesota,301,50,0,10,10,10,3,4,3,4,9,9,9,7,1,2,6,6,13,9,33,20,24,13,51,31,31,12,51,24,40,16,17,10
1500000US270159604003,Block Group 3; Census Tract 9604; Brown County; Minnesota,565,131,33,33,21,23,0,10,40,39,25,24,19,27,18,26,67,56,0,10,88,94,40,38,61,36,75,55,32,35,46,40,0,10
1500000US270159604004,Block Group 4; Census Tract 9604; Brown County; Minnesota,321,61,2,5,2,4,1,2,10,12,3,4,7,6,7,7,4,5,16,15,6,9,64,34,54,22,41,17,30,15,35,16,39,22
1500000US270159605001,Block Group 1; Census Tract 9605; Brown County; Minnesota,645,126,7,11,12,13,40,39,60,56,9,17,22,27,10,15,0,10,28,24,30,31,82,52,31,29,123,71,97,66,36,30,58,36
1500000US270159605002,Block Group 2; Census Tract 9605; Brown County; Minnesota,297,90,21,24,0,10,24,28,18,30,0,10,5,7,29,29,27,23,0,10,17,21,88,56,30,26,23,27,0,10,0,10,15,21
1500000US270159605003,Block Group 3; Census Tract 9605; Brown County; Minnesota,302,95,9,15,37,50,9,14,10,11,0,10,1,2,26,20,1,2,2,3,40,36,41,36,31,25,2,4,44,40,41,35,8,11
1500000US270159605004,Block Group 4; Census Tract 9605; Brown County; Minnesota,317,100,14,16,11,17,0,10,5,9,6,9,0,10,0,10,75,58,0,10,9,12,42,41,131,80,24,23,0,10,0,10,0,10
1500000US270159606001,Block Group 1; Census Tract 9606; Brown County; Minnesota,403,51,29,19,11,9,17,13,24,15,18,11,7,6,10,7,13,8,12,10,34,19,31,16,60,22,31,13,33,15,39,16,34,16
1500000US270159606002,Block Group 2; Census Tract 9606; Brown County; Minnesota,474,96,6,8,21,16,22,16,5,6,7,9,33,19,16,14,10,10,7,8,60,61,93,56,82,35,45,29,44,26,23,12,0,10
1500000US270159606003,Block Group 3; Census Tract 9606; Brown County; Minnesota,439,86,44,33,20,14,39,32,20,14,57,57,5,6,28,24,8,8,21,26,31,15,38,22,48,30,37,33,13,11,20,12,10,9
1500000US270159607001,Block Group 1; Census Tract 9607; Brown County; Minnesota,497,50,12,15,20,14,9,7,2,4,5,5,10,9,7,5,21,12,28,19,29,16,50,17,79,23,83,18,62,29,55,22,25,9
1500000US270159607002,Block Group 2; Census Tract 9607; Brown County; Minnesota,286,45,7,5,2,3,5,5,0,10,6,4,12,9,21,10,7,5,1,2,34,28,41,14,38,11,17,9,40,15,37,15,18,10
1500000US270159607003,Block Group 3; Census Tract 9607; Brown County; Minnesota,278,38,3,3,2,3,4,3,11,6,14,11,5,4,22,10,8,7,10,8,24,10,27,12,50,17,43,15,24,12,17,8,14,8
1500000US270159607004,Block Group 4; Census Tract 9607; Brown County; Minnesota,325,64,4,4,15,18,7,5,6,5,12,6,9,5,20,13,16,10,5,4,12,8,59,57,49,21,32,12,37,11,30,13,12,6
1500000US270170701001,Block Group 1; Census Tract 701; Carlton County; Minnesota,864,185,0,10,128,123,0,10,85,58,11,18,15,26,29,39,0,10,128,133,75,64,10,17,39,47,51,49,72,61,59,61,162,133
1500000US270170701002,Block Group 2; Census Tract 701; Carlton County; Minnesota,311,108,0,10,0,10,0,10,12,20,0,10,0,10,32,51,0,10,12,20,15,26,60,62,0,10,89,63,65,55,26,29,0,10
1500000US270170701003,Block Group 3; Census Tract 701; Carlton County; Minnesota,220,96,32,52,0,10,0,10,14,25,13,22,16,26,0,10,17,28,0,10,0,10,33,43,42,48,43,33,10,21,0,10,0,10
1500000US270170701004,Block Group 4; Census Tract 701; Carlton County; Minnesota,214,98,0,10,0,10,0,10,0,10,0,10,0,10,62,53,17,26,0,10,29,47,51,56,0,10,31,44,0,10,24,32,0,10
1500000US270170701005,Block Group 5; Census Tract 701; Carlton County; Minnesota,602,179,14,24,14,26,115,115,0,10,0,10,0,10,105,118,19,32,0,10,79,87,64,56,117,76,0,10,0,10,59,73,16,28
1500000US270170702001,Block Group 1; Census Tract 702; Carlton County; Minnesota,664,113,31,26,35,28,13,11,93,68,8,9,9,10,37,38,24,24,10,15,56,29,49,36,95,43,35,19,84,45,65,38,20,19
1500000US270170702002,Block Group 2; Census Tract 702; Carlton County; Minnesota,639,125,31,32,35,32,8,12,11,18,0,10,0,10,8,12,12,19,69,60,74,44,168,97,53,42,86,51,79,45,0,10,5,8
1500000US270170702003,Block Group 3; Census Tract 702; Carlton County; Minnesota,338,101,26,27,8,13,12,21,46,61,11,17,0,10,0,10,71,65,25,38,19,22,46,47,37,33,11,17,13,20,0,10,13,20
1500000US270170702004,Block Group 4; Census Tract 702; Carlton County; Minnesota,362,98,31,28,11,17,11,17,37,45,19,28,0,10,11,17,12,18,10,15,75,56,0,10,107,68,8,13,20,23,10,14,0,10
1500000US270170703001,Block Group 1; Census Tract 703; Carlton County; Minnesota,659,170,0,10,3,5,0,10,0,10,0,10,0,10,13,16,0,10,0,10,42,43,17,30,128,79,115,58,37,36,248,145,56,46
1500000US270170703002,Block Group 2; Census Tract 703; Carlton County; Minnesota,772,164,0,10,17,26,19,31,0,10,14,24,0,10,15,25,0,10,0,10,85,59,116,80,118,82,104,83,100,62,71,70,113,71
1500000US270170703003,Block Group 3; Census Tract 703; Carlton County; Minnesota,768,125,0,10,22,33,0,10,17,27,21,30,0,10,0,10,0,10,0,10,20,32,34,44,95,67,157,91,98,83,116,69,188,88
1500000US270170704011,Block Group 1; Census Tract 704.01; Carlton County; Minnesota,1066,115,24,24,12,18,54,61,50,46,81,52,14,21,40,38,41,34,106,94,69,37,106,64,174,82,34,32,78,70,110,61,73,50
1500000US270170704012,Block Group 2; Census Tract 704.01; Carlton County; Minnesota,474,101,12,14,6,7,12,13,23,28,13,10,20,18,22,35,50,42,18,11,37,30,20,12,51,26,61,42,4,6,74,35,51,67
1500000US270170704021,Block Group 1; Census Tract 704.02; Carlton County; Minnesota,522,58,6,6,3,3,26,17,3,3,17,10,18,9,5,5,17,10,2,4,41,15,44,19,91,20,111,40,72,33,40,17,26,15
1500000US270170704022,Block Group 2; Census Tract 704.02; Carlton County; Minnesota,668,65,21,11,7,9,4,6,15,10,0,10,4,4,9,8,20,12,16,14,36,21,51,18,74,27,100,33,82,27,145,32,84,35
1500000US270170704023,Block Group 3; Census Tract 704.02; Carlton County; Minnesota,488,73,15,9,17,10,6,5,26,19,15,11,3,4,10,10,12,9,15,10,24,10,51,29,117,62,41,14,58,31,63,34,15,11
1500000US270170705011,Block Group 1; Census Tract 705.01; Carlton County; Minnesota,454,63,17,12,29,15,12,8,26,16,24,14,20,12,12,8,29,17,5,5,34,15,35,21,87,23,59,23,24,17,24,15,17,10
1500000US270170705012,Block Group 2; Census Tract 705.01; Carlton County; Minnesota,260,53,20,18,0,10,4,5,23,15,0,10,1,4,6,7,1,2,18,13,23,28,23,16,62,24,37,22,12,13,21,15,9,8
1500000US270170705021,Block Group 1; Census Tract 705.02; Carlton County; Minnesota,454,60,14,7,6,6,1,2,8,6,15,10,19,15,6,6,12,9,13,6,34,14,73,38,65,30,58,23,55,21,64,26,11,8
1500000US270170705022,Block Group 2; Census Tract 705.02; Carlton County; Minnesota,340,64,42,41,5,4,14,13,2,3,6,7,0,10,27,28,15,22,8,7,20,16,13,9,39,14,42,20,27,15,38,17,42,20
1500000US270170705023,Block Group 3; Census Tract 705.02; Carlton County; Minnesota,478,68,11,11,31,16,9,7,29,18,29,30,20,15,21,11,27,18,8,7,13,9,26,14,94,30,74,27,37,21,22,9,27,12
1500000US270170706001,Block Group 1; Census Tract 706; Carlton County; Minnesota,323,50,13,9,2,3,10,9,14,9,4,4,18,11,8,5,13,7,4,3,36,16,44,18,62,19,39,16,30,14,15,7,11,7
1500000US270170706002,Block Group 2; Census Tract 706; Carlton County; Minnesota,230,45,4,5,10,7,2,2,8,6,9,5,4,3,3,3,27,17,2,4,8,7,14,7,59,24,19,10,22,8,27,13,12,6
1500000US270170706003,Block Group 3; Census Tract 706; Carlton County; Minnesota,278,32,15,9,10,6,13,7,18,19,5,4,15,11,12,9,8,4,5,4,20,9,52,18,32,12,22,12,21,9,19,7,11,8
1500000US270170706004,Block Group 4; Census Tract 706; Carlton County; Minnesota,536,50,17,12,23,11,13,11,25,12,11,7,19,11,30,15,10,7,24,10,41,15,54,22,93,32,67,20,51,20,45,19,13,8
1500000US270179400001,Block Group 1; Census Tract 9400; Carlton County; Minnesota,425,60,22,19,8,8,25,14,10,10,5,6,43,26,35,20,14,14,22,15,33,15,31,16,64,32,37,18,36,22,12,11,28,13
1500000US270179400002,Block Group 2; Census Tract 9400; Carlton County; Minnesota,380,58,9,12,9,8,16,11,25,13,8,8,4,6,22,12,30,17,10,9,9,9,46,14,66,26,61,32,25,16,23,15,17,12
1500000US270179400003,Block Group 3; Census Tract 9400; Carlton County; Minnesota,301,52,6,6,7,9,12,10,6,6,10,9,4,5,4,5,26,21,18,12,28,19,20,10,53,19,35,16,26,13,34,17,12,8
1500000US270190901011,Block Group 1; Census Tract 901.01; Carver County; Minnesota,367,69,0,10,3,5,2,7,0,10,3,5,2,4,12,12,4,7,4,7,15,10,48,27,54,23,60,40,72,52,39,21,49,23
1500000US270190901012,Block Group 2; Census Tract 901.01; Carver County; Minnesota,298,84,20,30,3,4,0,10,0,10,27,39,0,10,9,15,0,10,0,10,39,39,14,20,26,22,37,39,19,22,48,32,56,35
1500000US270190901013,Block Group 3; Census Tract 901.01; Carver County; Minnesota,379,126,0,10,0,10,0,10,17,19,32,45,0,10,0,10,0,10,0,10,9,14,11,17,68,61,38,32,18,24,72,49,114,108
1500000US270190901021,Block Group 1; Census Tract 901.02; Carver County; Minnesota,363,86,3,5,0,10,0,10,2,4,0,10,0,10,14,24,5,8,27,28,13,15,33,50,61,56,84,42,37,33,62,61,22,24
1500000US270190901022,Block Group 2; Census Tract 901.02; Carver County; Minnesota,472,147,11,18,12,21,0,10,0,10,18,22,8,12,0,10,0,10,0,10,17,21,59,66,116,95,70,42,37,30,119,130,5,12
1500000US270190901023,Block Group 3; Census Tract 901.02; Carver County; Minnesota,376,104,3,5,21,24,16,23,4,6,0,10,0,10,0,10,22,31,18,24,66,52,23,22,90,65,46,31,4,7,34,38,29,29
1500000US270190902001,Block Group 1; Census Tract 902; Carver County; Minnesota,352,51,0,10,0,10,2,4,19,27,6,6,8,6,3,4,3,4,16,13,5,5,22,10,50,17,52,22,54,26,46,16,66,25
1500000US270190902002,Block Group 2; Census Tract 902; Carver County; Minnesota,306,48,11,11,2,3,0,10,7,6,12,8,3,4,2,3,16,9,5,7,20,16,34,16,69,36,22,13,27,13,32,14,44,15
1500000US270190902003,Block Group 3; Census Tract 902; Carver County; Minnesota,750,70,6,8,0,10,0,10,9,12,21,19,12,13,7,9,17,12,4,5,10,8,31,16,121,34,159,62,119,36,127,42,107,31
1500000US270190902004,Block Group 4; Census Tract 902; Carver County; Minnesota,310,43,6,7,2,3,7,8,10,7,14,11,6,5,2,5,13,13,9,9,7,6,53,34,45,19,42,15,35,17,29,11,30,18
1500000US270190903021,Block Group 1; Census Tract 903.02; Carver County; Minnesota,368,136,0,10,0,10,0,10,27,43,0,10,0,10,53,86,0,10,0,10,22,30,36,39,33,35,39,51,18,29,84,61,56,50
1500000US270190903022,Block Group 2; Census Tract 903.02; Carver County; Minnesota,792,183,0,10,0,10,0,10,0,10,0,10,12,18,20,33,22,33,19,31,0,10,69,106,21,32,61,55,174,93,119,79,275,128
1500000US270190903023,Block Group 3; Census Tract 903.02; Carver County; Minnesota,496,137,3,6,0,10,26,36,12,15,0,10,17,27,23,34,14,23,17,21,17,28,75,82,30,33,10,10,37,37,126,91,89,64
1500000US270190903024,Block Group 4; Census Tract 903.02; Carver County; Minnesota,666,180,0,10,0,10,0,10,2,4,0,10,0,10,15,27,71,82,17,29,42,47,37,56,123,76,56,50,0,10,144,85,159,146
1500000US270190903031,Block Group 1; Census Tract 903.03; Carver County; Minnesota,418,224,53,44,14,22,24,37,15,24,0,10,135,200,0,10,0,10,5,10,32,35,0,10,19,22,88,103,0,10,15,19,18,20
1500000US270190903032,Block Group 2; Census Tract 903.03; Carver County; Minnesota,718,135,14,22,22,34,29,33,0,10,0,10,111,81,29,36,10,16,63,49,13,18,96,65,52,42,68,79,63,52,46,45,102,57
1500000US270190903033,Block Group 3; Census Tract 903.03; Carver County; Minnesota,627,113,14,23,16,26,18,28,0,10,55,67,45,55,35,39,38,43,25,27,65,50,94,72,55,39,29,32,38,39,47,36,53,43
1500000US270190903041,Block Group 1; Census Tract 903.04; Carver County; Minnesota,658,166,21,23,0,10,0,10,0,10,7,12,0,10,0,10,15,23,8,12,25,29,0,10,33,36,86,63,15,21,270,162,178,70
1500000US270190903042,Block Group 2; Census Tract 903.04; Carver County; Minnesota,318,95,39,58,0,10,0,10,0,10,0,10,31,49,11,17,0,10,8,13,0,10,11,17,13,19,32,34,31,24,99,68,43,37
1500000US270190903043,Block Group 3; Census Tract 903.04; Carver County; Minnesota,317,67,27,23,4,8,4,5,0,10,8,7,10,10,0,10,2,4,0,10,2,4,12,8,27,17,44,38,25,28,52,29,100,41
1500000US270190904011,Block Group 1; Census Tract 904.01; Carver County; Minnesota,749,138,0,10,0,10,0,10,0,10,0,10,17,27,0,10,20,32,0,10,0,10,0,10,35,29,86,57,50,46,158,92,383,116
1500000US270190904012,Block Group 2; Census Tract 904.01; Carver County; Minnesota,283,70,0,10,3,6,0,10,0,10,8,12,0,10,5,6,11,13,3,5,3,4,16,12,15,11,13,12,31,30,58,32,117,43
1500000US270190904013,Block Group 3; Census Tract 904.01; Carver County; Minnesota,462,90,6,7,0,10,2,3,0,10,6,7,2,5,0,10,23,26,3,5,19,29,22,25,52,37,83,53,21,15,107,59,116,49
1500000US270190904014,Block Group 4; Census Tract 904.01; Carver County; Minnesota,1254,176,46,43,24,35,0,10,0,10,0,10,13,21,17,27,0,10,0,10,0,10,24,27,115,92,66,50,38,35,226,101,685,183
1500000US270190904021,Block Group 1; Census Tract 904.02; Carver County; Minnesota,561,129,16,27,0,10,0,10,14,27,0,10,0,10,17,30,0,10,17,25,0,10,0,10,72,57,51,46,85,57,35,41,254,92
1500000US270190904022,Block Group 2; Census Tract 904.02; Carver County; Minnesota,331,104,0,10,0,10,30,45,0,10,0,10,0,10,0,10,14,22,0,10,0,10,20,31,14,22,51,45,0,10,116,89,86,56
1500000US270190904023,Block Group 3; Census Tract 904.02; Carver County; Minnesota,472,108,0,10,0,10,0,10,0,10,0,10,20,36,0,10,0,10,0,10,0,10,0,10,21,34,33,37,26,34,115,68,257,98
1500000US270190904024,Block Group 4; Census Tract 904.02; Carver County; Minnesota,480,193,0,10,0,10,19,31,12,16,3,5,0,10,0,10,0,10,0,10,0,10,5,7,14,14,62,39,64,47,129,171,172,73
1500000US270190904025,Block Group 5; Census Tract 904.02; Carver County; Minnesota,604,130,0,10,0,10,18,29,0,10,16,25,0,10,0,10,0,10,0,10,3,4,14,23,80,60,57,62,76,55,180,107,160,103
1500000US270190905011,Block Group 1; Census Tract 905.01; Carver County; Minnesota,545,97,0,10,0,10,0,10,0,10,6,9,0,10,21,28,6,9,4,6,7,10,11,12,30,20,64,28,77,60,91,53,228,59
1500000US270190905012,Block Group 2; Census Tract 905.01; Carver County; Minnesota,379,86,0,10,0,10,16,22,14,17,0,10,5,10,4,8,0,10,0,10,22,25,5,8,24,18,45,24,38,35,35,31,171,68
1500000US270190905021,Block Group 1; Census Tract 905.02; Carver County; Minnesota,400,68,0,10,5,9,0,10,0,10,0,10,0,10,6,9,0,10,0,10,8,12,25,22,9,12,33,29,7,11,72,46,235,78
1500000US270190905022,Block Group 2; Census Tract 905.02; Carver County; Minnesota,602,128,12,19,0,10,9,15,0,10,19,18,0,10,9,15,0,10,0,10,13,21,10,16,34,30,110,58,85,99,15,16,286,68
1500000US270190905031,Block Group 1; Census Tract 905.03; Carver County; Minnesota,349,63,0,10,0,10,0,10,0,10,3,6,0,10,0,10,0,10,8,13,21,22,14,14,3,4,35,19,20,16,63,30,182,55
1500000US270190905032,Block Group 2; Census Tract 905.03; Carver County; Minnesota,636,67,29,24,10,11,35,25,8,9,4,8,0,10,0,10,22,24,18,20,48,38,15,15,32,27,34,31,68,38,98,40,215,47
1500000US270190906011,Block Group 1; Census Tract 906.01; Carver County; Minnesota,697,181,0,10,0,10,0,10,0,10,0,10,7,12,10,16,29,36,0,10,54,40,117,140,102,57,170,94,47,34,77,63,84,47
1500000US270190906012,Block Group 2; Census Tract 906.01; Carver County; Minnesota,488,96,7,13,5,10,16,25,61,62,0,10,0,10,35,29,26,35,7,12,10,16,74,40,98,53,22,24,44,41,53,39,30,27
1500000US270190906013,Block Group 3; Census Tract 906.01; Carver County; Minnesota,659,132,10,15,0,10,17,18,0,10,9,14,0,10,0,10,10,15,0,10,64,65,18,24,60,49,42,37,77,46,91,70,261,78
1500000US270190906021,Block Group 1; Census Tract 906.02; Carver County; Minnesota,498,93,0,10,0,10,0,10,0,10,0,10,0,10,9,14,0,10,13,20,0,10,16,19,41,34,35,27,57,57,27,31,300,83
1500000US270190906022,Block Group 2; Census Tract 906.02; Carver County; Minnesota,553,113,13,16,6,10,0,10,12,18,0,10,0,10,12,19,0,10,0,10,16,24,18,19,18,20,114,74,43,43,121,88,180,60
1500000US270190907021,Block Group 1; Census Tract 907.02; Carver County; Minnesota,254,57,0,10,0,10,0,10,0,10,0,10,0,10,0,10,0,10,0,10,0,10,0,10,7,11,22,18,0,10,48,34,177,63
1500000US270190907022,Block Group 2; Census Tract 907.02; Carver County; Minnesota,702,86,21,25,0,10,10,16,0,10,14,22,0,10,0,10,9,15,10,16,9,14,18,20,93,47,108,74,53,42,106,52,251,88
1500000US270190907023,Block Group 3; Census Tract 907.02; Carver County; Minnesota,315,92,9,13,0,10,8,13,0,10,0,10,0,10,0,10,0,10,0,10,0,10,8,12,30,34,47,36,41,33,51,33,121,76
1500000US270190907031,Block Group 1; Census Tract 907.03; Carver County; Minnesota,631,124,0,10,0,10,0,10,21,32,8,19,73,66,0,10,71,79,0,10,34,28,55,70,65,50,23,24,33,31,33,32,215,75
1500000US270190907032,Block Group 2; Census Tract 907.03; Carver County; Minnesota,503,86,25,32,0,10,0,10,0,10,7,11,0,10,9,15,0,10,17,20,0,10,9,15,63,47,75,56,34,27,61,43,203,59
1500000US270190907033,Block Group 3; Census Tract 907.03; Carver County; Minnesota,658,151,7,12,0,10,25,29,0,10,32,40,7,12,33,38,43,31,14,17,17,19,125,128,74,57,59,55,47,41,47,39,128,55
1500000US270190907041,Block Group 1; Census Tract 907.04; Carver County; Minnesota,395,62,0,10,6,11,22,24,8,13,0,10,25,33,13,16,5,8,25,24,26,22,47,29,13,17,50,33,26,24,32,29,97,48
1500000US270190907042,Block Group 2; Census Tract 907.04; Carver County; Minnesota,516,80,24,24,11,12,10,11,7,12,31,41,9,14,6,10,0,10,0,10,18,16,46,38,49,33,45,32,26,23,81,52,153,48
1500000US270190908011,Block Group 1; Census Tract 908.01; Carver County; Minnesota,516,130,90,76,0,10,0,10,41,64,0,10,0,10,43,39,0,10,0,10,0,10,20,33,123,86,27,33,59,56,61,62,52,65
1500000US270190908012,Block Group 2; Census Tract 908.01; Carver County; Minnesota,391,150,0,10,0,10,0,10,0,10,0,10,0,10,0,10,0,10,0,10,0,10,21,25,110,76,111,129,17,29,39,37,93,49
1500000US270190908013,Block Group 3; Census Tract 908.01; Carver County; Minnesota,697,179,0,10,0,10,25,35,0,10,13,21,0,10,0,10,31,46,0,10,16,26,47,43,80,81,118,107,123,68,140,80,104,87
1500000US270190908014,Block Group 4; Census Tract 908.01; Carver County; Minnesota,297,122,0,10,0,10,0,10,16,26,0,10,0,10,0,10,0,10,23,35,51,57,65,85,32,28,0,10,87,65,23,37,0,10
1500000US270190908015,Block Group 5; Census Tract 908.01; Carver County; Minnesota,1261,239,0,10,92,112,92,69,0,10,0,10,5,9,137,142,20,32,34,37,140,95,87,59,238,137,150,104,181,136,65,79,20,25
1500000US270190908021,Block Group 1; Census Tract 908.02; Carver County; Minnesota,369,73,0,10,0,10,6,9,0,10,0,10,0,10,0,10,0,10,30,53,5,8,21,23,29,22,22,20,25,23,56,42,175,50
1500000US270190908022,Block Group 2; Census Tract 908.02; Carver County; Minnesota,373,65,17,26,5,8,0,10,5,8,0,10,0,10,0,10,6,9,0,10,21,24,0,10,0,10,0,10,0,10,91,45,228,61
1500000US270190909011,Block Group 1; Census Tract 909.01; Carver County; Minnesota,693,114,10,16,0,10,0,10,11,16,29,25,60,56,11,17,23,26,0,10,82,52,25,21,103,79,35,28,26,25,89,50,189,57
1500000US270190909012,Block Group 2; Census Tract 909.01; Carver County; Minnesota,341,79,15,23,0,10,0,10,10,15,0,10,0,10,0,10,0,10,0,10,0,10,0,10,11,16,20,23,50,37,97,51,138,53
1500000US270190909021,Block Group 1; Census Tract 909.02; Carver County; Minnesota,0,10,0,10,0,10,0,10,0,10,0,10,0,10,0,10,0,10,0,10,0,10,0,10,0,10,0,10,0,10,0,10,0,10
1500000US270190909022,Block Group 2; Census Tract 909.02; Carver County; Minnesota,595,192,0,10,0,10,0,10,0,10,0,10,7,10,21,18,7,11,11,12,10,13,86,54,206,186,31,25,63,34,59,36,94,40
1500000US270190909023,Block Group 3; Census Tract 909.02; Carver County; Minnesota,293,48,21,18,0,10,0,10,0,10,0,10,0,10,0,10,0,10,5,7,10,16,5,10,65,34,24,20,47,33,20,21,96,39
1500000US270190910011,Block Group 1; Census Tract 910.01; Carver County; Minnesota,742,263,16,26,0,10,66,51,0,10,65,75,208,205,19,31,0,10,0,10,65,86,38,65,170,87,95,140,0,10,0,10,0,10
1500000US270190910012,Block Group 2; Census Tract 910.01; Carver County; Minnesota,522,138,0,10,0,10,0,10,0,10,0,10,0,10,0,10,27,43,0,10,0,10,208,124,86,110,131,99,14,23,39,52,17,29
1500000US270190910013,Block Group 3; Census Tract 910.01; Carver County; Minnesota,231,78,0,10,0,10,38,52,0,10,21,32,0,10,18,29,0,10,0,10,0,10,20,32,0,10,18,29,19,30,38,48,59,63
1500000US270190910014,Block Group 4; Census Tract 910.01; Carver County; Minnesota,841,252,0,10,18,34,0,10,0,10,0,10,0,10,0,10,0,10,25,32,106,105,326,139,72,82,38,71,0,10,233,198,23,37
1500000US270190910021,Block Group 1; Census Tract 910.02; Carver County; Minnesota,223,77,40,43,0,10,0,10,0,10,0,10,35,54,0,10,0,10,0,10,18,31,30,47,14,24,19,31,51,49,0,10,16,26
1500000US270190910022,Block Group 2; Census Tract 910.02; Carver County; Minnesota,612,153,0,10,0,10,0,10,0,10,0,10,0,10,0,10,0,10,21,34,0,10,0,10,89,71,98,93,20,34,121,83,263,136
1500000US270190910023,Block Group 3; Census Tract 910.02; Carver County; Minnesota,560,192,0,10,19,31,0,10,19,31,29,51,68,104,18,28,0,10,0,10,48,51,0,10,65,62,46,74,5,11,125,133,118,101
1500000US270190910024,Block Group 4; Census Tract 910.02; Carver County; Minnesota,618,174,0,10,0,10,0,10,28,47,0,10,0,10,45,59,67,100,0,10,0,10,67,62,23,35,0,10,73,72,136,84,179,93
1500000US270190910025,Block Group 5; Census Tract 910.02; Carver County; Minnesota,578,174,19,29,0,10,0,10,0,10,0,10,0,10,0,10,0,10,0,10,0,10,0,10,0,10,52,53,0,10,169,99,338,157
1500000US270190911001,Block Group 1; Census Tract 911; Carver County; Minnesota,601,168,18,27,0,10,0,10,79,119,0,10,0,10,0,10,0,10,0,10,45,48,22,31,132,98,72,44,22,28,30,32,181,100
1500000US270190911002,Block Group 2; Census Tract 911; Carver County; Minnesota,321,102,0,10,0,10,13,21,0,10,0,10,0,10,0,10,0,10,0,10,0,10,0,10,15,22,17,25,36,41,156,77,84,46
1500000US270190911003,Block Group 3; Census Tract 911; Carver County; Minnesota,327,50,3,6,15,14,0,10,9,8,7,7,13,17,13,17,0,10,4,6,18,11,27,14,16,11,27,16,31,17,39,21,105,31
1500000US270190911004,Block Group 4; Census Tract 911; Carver County; Minnesota,574,147,36,37,1,4,27,45,0,10,6,7,24,32,2,4,10,16,0,10,72,44,28,27,123,74,16,22,9,9,105,50,115,108
1500000US270190911005,Block Group 5; Census Tract 911; Carver County; Minnesota,334,106,0,10,0,10,44,63,0,10,0,10,0,10,0,10,0,10,0,10,0,10,67,52,0,10,33,35,0,10,72,58,118,62
1500000US270190911006,Block Group 6; Census Tract 911; Carver County; Minnesota,239,43,0,10,7,6,3,3,0,10,16,21,8,9,2,4,0,10,11,16,19,17,14,10,16,10,22,14,45,23,34,18,42,22
1500000US270190911007,Block Group 7; Census Tract 911; Carver County; Minnesota,458,131,0,10,0,10,0,10,0,10,0,10,0,10,16,23,0,10,39,44,0,10,60,71,0,10,65,69,58,48,96,69,124,67
1500000US270190912011,Block Group 1; Census Tract 912.01; Carver County; Minnesota,375,126,63,91,0,10,43,37,0,10,13,21,0,10,0,10,24,36,16,25,14,22,23,25,42,31,13,19,39,40,69,42,16,26
1500000US270190912012,Block Group 2; Census Tract 912.01; Carver County; Minnesota,263,91,13,20,0,10,0,10,0,10,11,16,14,25,43,48,0,10,22,29,0,10,16,26,45,38,13,17,69,54,14,19,3,5
1500000US270190912013,Block Group 3; Census Tract 912.01; Carver County; Minnesota,271,89,40,61,0,10,0,10,55,50,30,35,0,10,0,10,1,4,27,29,20,27,31,29,8,6,0,10,34,37,21,27,4,5
1500000US270190912014,Block Group 4; Census Tract 912.01; Carver County; Minnesota,408,71,8,10,4,7,14,15,8,10,4,5,6,7,23,15,11,14,13,15,58,45,27,17,47,17,48,18,35,18,60,23,42,17
1500000US270190912015,Block Group 5; Census Tract 912.01; Carver County; Minnesota,590,127,18,27,0,10,0,10,0,10,0,10,9,14,11,17,0,10,0,10,18,25,179,107,101,79,43,50,64,60,102,61,45,38
1500000US270190912021,Block Group 1; Census Tract 912.02; Carver County; Minnesota,375,65,3,3,3,4,4,6,8,7,6,8,3,3,26,18,4,4,12,7,14,8,31,11,75,49,18,10,39,18,74,23,55,27
1500000US270190912022,Block Group 2; Census Tract 912.02; Carver County; Minnesota,959,123,32,31,20,27,0,10,11,10,33,28,8,8,37,19,20,16,6,6,15,10,52,24,129,37,88,39,140,49,131,35,237,128
1500000US270219400011,Block Group 1; Census Tract 9400.01; Cass County; Minnesota,406,49,21,11,22,12,5,5,20,13,17,12,9,7,23,14,7,5,6,6,26,13,41,17,44,17,49,16,39,14,32,12,45,17
1500000US270219400012,Block Group 2; Census Tract 9400.01; Cass County; Minnesota,474,67,17,9,12,8,28,14,27,19,60,49,41,22,18,9,10,8,15,9,11,12,29,12,55,17,41,18,27,13,54,24,29,14
1500000US270219400013,Block Group 3; Census Tract 9400.01; Cass County; Minnesota,437,85,27,17,0,10,11,15,17,18,14,14,2,3,15,22,33,27,15,9,30,14,14,7,39,23,62,33,20,10,101,50,37,20
1500000US270219400014,Block Group 4; Census Tract 9400.01; Cass County; Minnesota,441,65,34,29,42,25,36,26,28,20,55,28,9,10,30,22,3,4,5,6,33,19,47,29,32,17,33,18,10,11,23,14,21,10
1500000US270219400021,Block Group 1; Census Tract 9400.02; Cass County; Minnesota,273,45,7,6,17,12,11,9,11,13,15,12,4,4,38,23,21,18,22,19,20,13,24,11,21,9,23,12,7,6,25,14,7,6
1500000US270219400022,Block Group 2; Census Tract 9400.02; Cass County; Minnesota,291,44,3,6,4,7,25,22,4,5,7,9,25,18,22,15,19,11,10,9,20,14,35,17,38,16,35,17,18,13,18,11,8,8
1500000US270219400023,Block Group 3; Census Tract 9400.02; Cass County; Minnesota,438,68,39,17,39,17,7,6,17,13,12,7,13,12,13,12,12,10,25,14,23,15,40,20,69,24,32,17,53,50,37,28,7,7
1500000US270219601001,Block Group 1; Census Tract 9601; Cass County; Minnesota,380,43,11,6,11,8,17,9,9,8,20,12,19,12,11,7,11,6,34,15,49,16,24,12,63,15,32,12,13,7,34,16,22,13
1500000US270219601002,Block Group 2; Census Tract 9601; Cass County; Minnesota,513,49,23,10,53,28,32,22,14,9,30,14,12,9,10,6,21,11,24,13,46,16,46,17,42,17,44,14,24,11,53,19,39,22
1500000US270219602001,Block Group 1; Census Tract 9602; Cass County; Minnesota,294,35,15,9,5,8,7,5,6,6,2,3,5,5,11,11,12,7,6,5,16,7,59,20,50,15,33,13,25,11,25,10,17,8
1500000US270219602002,Block Group 2; Census Tract 9602; Cass County; Minnesota,542,54,52,21,13,9,34,11,13,7,18,9,23,11,32,13,16,8,36,22,47,14,57,22,69,16,58,15,15,9,32,10,27,13
1500000US270219602003,Block Group 3; Census Tract 9602; Cass County; Minnesota,333,48,18,12,1,2,9,13,8,13,12,6,5,7,11,6,14,13,13,8,43,18,50,21,73,26,9,5,22,10,16,10,29,13
1500000US270219603011,Block Group 1; Census Tract 9603.01; Cass County; Minnesota,293,54,53,43,9,7,6,5,12,14,21,14,13,7,5,6,17,11,21,11,13,9,20,11,37,19,28,11,9,8,23,13,6,6
1500000US270219603012,Block Group 2; Census Tract 9603.01; Cass County; Minnesota,277,35,11,7,7,6,22,13,4,5,6,5,18,13,8,6,13,8,18,6,43,20,20,7,38,12,15,9,16,8,18,8,20,10
1500000US270219603021,Block Group 1; Census Tract 9603.02; Cass County; Minnesota,322,39,8,6,22,19,9,6,3,4,12,8,13,8,21,13,20,16,13,8,35,17,44,22,33,13,37,11,11,7,26,15,15,8
1500000US270219603022,Block Group 2; Census Tract 9603.02; Cass County; Minnesota,312,48,11,8,7,8,7,6,22,11,19,9,6,8,16,11,15,12,6,5,33,15,32,13,37,15,37,12,20,14,34,18,10,7
1500000US270219606001,Block Group 1; Census Tract 9606; Cass County; Minnesota,537,84,19,15,32,21,22,19,24,22,26,22,22,12,24,13,13,13,19,9,62,30,67,21,76,24,23,9,65,54,24,14,19,12
1500000US270219606002,Block Group 2; Census Tract 9606; Cass County; Minnesota,423,55,25,14,3,4,25,17,18,16,15,16,23,17,21,18,17,17,30,17,31,18,43,20,64,24,50,29,15,10,6,6,37,18
1500000US270219606003,Block Group 3; Census Tract 9606; Cass County; Minnesota,470,49,40,19,36,24,8,6,22,9,12,12,18,10,23,14,26,15,21,11,56,23,60,22,52,16,35,17,17,11,17,12,27,14
1500000US270219607001,Block Group 1; Census Tract 9607; Cass County; Minnesota,534,63,19,12,14,7,12,5,20,14,18,10,27,17,15,7,21,12,28,21,29,19,83,31,60,15,63,29,30,12,56,20,39,17
1500000US270219607002,Block Group 2; Census Tract 9607; Cass County; Minnesota,403,43,19,10,16,13,3,3,10,6,8,6,12,8,39,20,39,22,11,7,26,13,41,20,47,17,57,18,26,14,24,11,25,10
1500000US270219607003,Block Group 3; Census Tract 9607; Cass County; Minnesota,651,68,50,25,31,12,38,19,17,8,37,17,19,14,43,23,61,34,16,8,45,19,83,26,87,26,66,19,26,13,18,15,14,8
1500000US270219607004,Block Group 4; Census Tract 9607; Cass County; Minnesota,285,37,21,19,8,7,14,9,5,4,16,10,7,4,25,18,15,9,8,9,29,14,18,10,34,12,31,17,20,14,19,12,15,11
1500000US270219608011,Block Group 1; Census Tract 9608.01; Cass County; Minnesota,461,60,12,14,0,10,3,5,0,10,2,3,3,4,7,9,12,13,3,4,26,14,27,13,67,22,77,36,59,29,67,29,96,31
1500000US270219608012,Block Group 2; Census Tract 9608.01; Cass County; Minnesota,446,67,13,12,0,10,0,10,30,31,19,17,11,12,3,6,29,19,8,11,24,17,32,24,88,38,67,29,40,22,31,19,51,28
1500000US270219608013,Block Group 3; Census Tract 9608.01; Cass County; Minnesota,632,71,13,11,3,5,0,10,18,12,15,15,9,10,3,4,0,10,38,42,48,26,56,40,91,48,82,39,82,32,82,31,92,37
1500000US270219608031,Block Group 1; Census Tract 9608.03; Cass County; Minnesota,952,71,18,10,36,15,37,26,41,27,41,19,47,24,42,19,39,18,47,20,87,39,139,45,154,32,83,22,65,23,46,21,30,14
1500000US270219608041,Block Group 1; Census Tract 9608.04; Cass County; Minnesota,570,56,9,7,9,7,33,22,8,8,16,10,19,13,14,10,28,21,17,10,31,15,38,20,92,25,56,18,72,26,27,11,101,33
1500000US270219608042,Block Group 2; Census Tract 9608.04; Cass County; Minnesota,484,59,17,8,0,10,4,4,16,11,18,8,17,13,4,4,6,9,10,6,87,46,53,18,84,25,49,22,37,17,36,15,46,14
1500000US270239503001,Block Group 1; Census Tract 9503; Chippewa County; Minnesota,425,70,10,7,18,15,15,11,5,5,21,11,35,27,18,17,19,14,6,6,16,10,85,36,38,19,35,15,18,17,38,22,48,23
1500000US270239503002,Block Group 2; Census Tract 9503; Chippewa County; Minnesota,493,71,56,35,1,2,55,45,2,3,32,17,30,28,10,10,3,4,36,37,10,9,61,43,45,19,58,28,44,18,21,10,29,20
1500000US270239504001,Block Group 1; Census Tract 9504; Chippewa County; Minnesota,194,37,5,6,7,6,0,10,4,5,4,5,1,2,3,4,6,7,9,9,12,8,59,27,23,17,30,13,3,3,17,14,11,8
1500000US270239504002,Block Group 2; Census Tract 9504; Chippewa County; Minnesota,469,70,9,7,8,6,22,10,11,8,52,34,40,33,5,8,16,20,11,12,35,20,54,31,79,28,38,20,36,17,32,18,21,11
1500000US270239504003,Block Group 3; Census Tract 9504; Chippewa County; Minnesota,234,49,11,8,2,4,0,10,5,5,4,6,11,11,7,5,2,4,10,18,8,6,17,7,28,14,34,19,18,15,51,27,26,12
1500000US270239505001,Block Group 1; Census Tract 9505; Chippewa County; Minnesota,397,50,2,2,8,8,3,3,6,4,15,12,9,8,10,5,2,3,10,7,28,14,38,15,67,27,81,39,16,9,55,16,47,15
1500000US270239505002,Block Group 2; Census Tract 9505; Chippewa County; Minnesota,487,63,21,16,30,25,14,11,13,7,14,6,32,21,16,12,24,19,15,8,29,15,70,25,43,12,49,17,20,9,63,32,34,12
1500000US270239506011,Block Group 1; Census Tract 9506.01; Chippewa County; Minnesota,961,117,41,34,31,32,26,29,56,43,47,49,16,19,33,31,70,76,0,10,137,86,103,49,139,67,96,55,42,36,104,86,20,26
1500000US270239506012,Block Group 2; Census Tract 9506.01; Chippewa County; Minnesota,330,77,61,37,0,10,0,10,0,10,0,10,9,14,91,71,7,11,0,10,9,16,9,14,72,45,10,17,22,26,23,24,17,24
1500000US270239506021,Block Group 1; Census Tract 9506.02; Chippewa County; Minnesota,354,87,16,25,65,57,27,31,50,49,0,10,16,23,0,10,9,9,16,18,17,18,24,34,51,37,25,22,12,12,18,17,8,8
1500000US270239506022,Block Group 2; Census Tract 9506.02; Chippewa County; Minnesota,546,101,51,51,9,15,11,17,9,14,24,32,50,56,9,12,0,10,18,27,0,10,75,58,219,88,9,14,35,32,20,23,7,9
1500000US270239506023,Block Group 3; Census Tract 9506.02; Chippewa County; Minnesota,236,69,0,10,11,17,8,12,23,25,0,10,0,10,29,37,0,10,0,10,0,10,36,39,18,25,50,38,40,41,21,25,0,10
1500000US270251101001,Block Group 1; Census Tract 1101; Chisago County; Minnesota,515,84,0,10,22,30,5,7,4,5,11,12,15,12,0,10,11,10,6,6,23,13,51,25,49,25,61,29,82,34,77,25,98,64
1500000US270251101002,Block Group 2; Census Tract 1101; Chisago County; Minnesota,490,66,31,18,0,10,0,10,14,9,3,5,18,12,7,6,20,18,8,8,39,26,25,16,107,52,38,18,64,27,39,16,77,33
1500000US270251101003,Block Group 3; Census Tract 1101; Chisago County; Minnesota,559,97,6,8,11,11,0,10,0,10,11,10,8,8,4,5,4,5,9,9,52,37,31,23,106,33,102,41,34,21,88,74,93,38
1500000US270251102011,Block Group 1; Census Tract 1102.01; Chisago County; Minnesota,740,119,16,12,44,30,23,13,33,23,59,47,11,13,18,17,5,8,50,33,144,124,59,41,83,36,65,25,73,35,21,15,36,28
1500000US270251102021,Block Group 1; Census Tract 1102.02; Chisago County; Minnesota,617,105,54,65,67,68,0,10,8,8,11,9,41,27,30,20,11,10,2,3,56,31,53,25,110,45,41,31,63,34,56,37,14,14
1500000US270251102022,Block Group 2; Census Tract 1102.02; Chisago County; Minnesota,334,54,14,11,10,8,12,9,6,6,14,17,12,6,3,5,3,4,8,8,30,20,27,17,76,32,36,23,38,21,21,12,24,13
1500000US270251102023,Block Group 3; Census Tract 1102.02; Chisago County; Minnesota,723,81,19,14,0,10,9,7,25,19,4,5,13,14,20,15,8,7,32,22,22,16,65,22,102,34,108,38,79,29,100,36,117,35
1500000US270251103011,Block Group 1; Census Tract 1103.01; Chisago County; Minnesota,567,145,0,10,0,10,59,68,0,10,0,10,8,13,21,33,19,23,20,24,34,33,17,19,38,41,45,46,38,28,160,95,108,108
1500000US270251103012,Block Group 2; Census Tract 1103.01; Chisago County; Minnesota,508,122,0,10,0,10,24,18,0,10,13,21,14,22,0,10,0,10,34,35,0,10,22,25,77,63,99,99,16,21,110,63,99,58
1500000US270251103013,Block Group 3; Census Tract 1103.01; Chisago County; Minnesota,288,71,0,10,0,10,0,10,39,44,0,10,0,10,0,10,23,25,0,10,8,13,25,30,20,35,39,34,39,28,54,41,41,33
1500000US270251103014,Block Group 4; Census Tract 1103.01; Chisago County; Minnesota,495,128,12,20,0,10,20,31,27,31,11,19,26,27,22,22,35,26,9,14,10,17,18,22,155,85,32,31,12,18,82,64,24,28
1500000US270251103021,Block Group 1; Census Tract 1103.02; Chisago County; Minnesota,658,180,57,75,39,50,0,10,61,73,20,32,67,76,54,80,0,10,17,29,97,122,0,10,19,33,138,104,36,45,10,16,43,33
1500000US270251103022,Block Group 2; Census Tract 1103.02; Chisago County; Minnesota,728,153,33,52,0,10,62,50,0,10,0,10,23,38,38,45,34,38,39,45,11,19,128,82,50,48,101,81,12,20,121,85,76,71
1500000US270251103023,Block Group 3; Census Tract 1103.02; Chisago County; Minnesota,669,153,0,10,15,25,0,10,30,35,35,56,68,85,0,10,14,23,40,38,55,55,63,54,58,59,81,66,80,58,22,38,108,98
1500000US270251103024,Block Group 4; Census Tract 1103.02; Chisago County; Minnesota,781,162,24,40,0,10,16,25,13,20,0,10,24,38,0,10,0,10,0,10,34,39,77,69,317,156,197,141,30,40,29,33,20,32
1500000US270251104021,Block Group 1; Census Tract 1104.02; Chisago County; Minnesota,319,62,20,31,0,10,4,6,21,31,0,10,0,10,0,10,5,7,16,14,13,11,32,21,54,32,46,28,23,15,40,18,45,23
1500000US270251104022,Block Group 2; Census Tract 1104.02; Chisago County; Minnesota,480,75,15,15,0,10,2,3,9,14,4,5,16,22,6,7,26,17,7,8,54,32,42,27,49,20,52,28,65,36,86,39,47,25
1500000US270251104023,Block Group 3; Census Tract 1104.02; Chisago County; Minnesota,449,68,3,6,13,14,21,19,19,18,28,18,3,5,16,16,19,17,9,11,36,17,45,26,72,25,53,40,28,20,53,26,31,21
1500000US270251104024,Block Group 4; Census Tract 1104.02; Chisago County; Minnesota,415,88,0,10,0,10,0,10,30,35,6,8,9,13,11,18,7,10,0,10,6,8,36,25,68,32,34,21,45,29,101,63,62,29
1500000US270251104031,Block Group 1; Census Tract 1104.03; Chisago County; Minnesota,958,152,15,23,0,10,0,10,0,10,29,39,11,17,7,11,0,10,90,87,10,15,28,25,120,84,203,123,96,66,125,62,224,73
1500000US270251104032,Block Group 2; Census Tract 1104.03; Chisago County; Minnesota,854,122,0,10,20,29,0,10,0,10,39,44,9,14,25,29,38,37,25,30,15,22,69,88,84,48,101,52,105,61,151,77,173,74
1500000US270251104041,Block Group 1; Census Tract 1104.04; Chisago County; Minnesota,462,112,10,16,10,17,0,10,12,15,0,10,2,4,0,10,8,13,0,10,13,19,10,16,60,36,86,70,42,34,139,69,70,52
1500000US270251104042,Block Group 2; Census Tract 1104.04; Chisago County; Minnesota,657,164,23,25,22,36,19,23,15,23,11,17,88,123,22,26,0,10,97,87,105,65,71,57,40,37,64,47,24,28,26,30,30,23
1500000US270251104043,Block Group 3; Census Tract 1104.04; Chisago County; Minnesota,418,87,0,10,0,10,0,10,0,10,0,10,0,10,23,26,0,10,19,28,43,34,0,10,106,58,89,52,44,37,58,43,36,29
1500000US270251105011,Block Group 1; Census Tract 1105.01; Chisago County; Minnesota,364,74,0,10,17,17,0,10,32,45,2,5,12,18,0,10,14,16,18,18,14,14,49,30,58,32,54,29,33,25,19,16,42,32
1500000US270251105012,Block Group 2; Census Tract 1105.01; Chisago County; Minnesota,496,163,0,10,0,10,0,10,0,10,7,11,25,19,34,41,10,15,0,10,52,43,31,26,109,77,16,18,11,15,157,132,44,30
1500000US270251105013,Block Group 3; Census Tract 1105.01; Chisago County; Minnesota,648,99,23,20,15,14,26,21,5,6,0,10,41,40,38,40,8,13,11,15,15,12,35,24,134,56,59,36,110,52,49,30,79,47
1500000US270251105031,Block Group 1; Census Tract 1105.03; Chisago County; Minnesota,423,109,0,10,0,10,0,10,9,15,0,10,28,34,7,12,21,24,18,21,0,10,85,66,35,31,50,37,36,31,105,55,29,26
1500000US270251105032,Block Group 2; Census Tract 1105.03; Chisago County; Minnesota,816,132,26,30,15,24,18,29,75,103,0,10,9,15,11,17,31,49,70,57,88,49,49,39,63,52,113,64,131,78,63,41,54,36
1500000US270251105033,Block Group 3; Census Tract 1105.03; Chisago County; Minnesota,417,115,0,10,0,10,0,10,12,19,0,10,0,10,13,21,16,19,0,10,0,10,21,18,64,51,61,43,25,20,165,118,40,36
1500000US270251105041,Block Group 1; Census Tract 1105.04; Chisago County; Minnesota,568,106,10,16,0,10,0,10,15,23,0,10,19,30,0,10,0,10,0,10,22,25,33,29,47,35,49,41,82,46,179,76,112,54
1500000US270251105042,Block Group 2; Census Tract 1105.04; Chisago County; Minnesota,445,140,69,85,20,32,27,42,0,10,17,21,17,20,54,54,0,10,10,17,46,35,58,58,73,63,26,33,28,33,0,10,0,10
1500000US270251106001,Block Group 1; Census Tract 1106; Chisago County; Minnesota,777,129,0,10,0,10,0,10,12,18,7,12,0,10,3,5,0,10,22,23,13,18,85,38,140,61,69,45,159,84,89,48,178,74
1500000US270251106002,Block Group 2; Census Tract 1106; Chisago County; Minnesota,609,124,35,31,18,22,0,10,0,10,6,12,0,10,26,37,0,10,14,15,15,16,53,40,18,19,81,65,24,20,218,118,101,54
1500000US270251106003,Block Group 3; Census Tract 1106; Chisago County; Minnesota,536,70,4,4,19,21,0,10,14,12,4,5,7,7,14,16,3,5,8,7,29,19,37,20,91,28,74,33,59,27,75,31,98,32
1500000US270251107001,Block Group 1; Census Tract 1107; Chisago County; Minnesota,275,40,4,4,2,3,2,3,2,3,6,5,1,3,2,4,3,3,8,7,9,6,23,11,46,18,52,27,34,17,53,21,28,12
1500000US270251107002,Block Group 2; Census Tract 1107; Chisago County; Minnesota,787,86,25,20,11,14,15,11,16,13,8,7,18,13,42,33,6,6,30,25,45,20,67,26,92,39,157,41,99,31,69,29,87,40
1500000US270251107003,Block Group 3; Census Tract 1107; Chisago County; Minnesota,519,60,8,7,16,13,17,15,10,8,12,9,17,13,30,28,25,13,28,23,29,17,36,22,56,27,73,22,31,21,63,24,68,32
1500000US270270203001,Block Group 1; Census Tract 203; Clay County; Minnesota,662,148,129,105,33,37,36,39,8,15,25,35,0,10,50,64,32,33,26,29,53,45,45,43,114,75,79,73,0,10,15,21,17,19
1500000US270270203002,Block Group 2; Census Tract 203; Clay County; Minnesota,1014,149,24,29,18,20,73,50,39,56,88,73,46,48,90,79,43,43,13,20,137,83,103,58,22,25,111,60,19,31,126,87,62,59
1500000US270270204001,Block Group 1; Census Tract 204; Clay County; Minnesota,0,10,0,10,0,10,0,10,0,10,0,10,0,10,0,10,0,10,0,10,0,10,0,10,0,10,0,10,0,10,0,10,0,10
1500000US270270204002,Block Group 2; Census Tract 204; Clay County; Minnesota,292,89,95,59,67,58,21,31,15,24,0,10,14,21,0,10,0,10,0,10,0,10,0,10,12,13,18,17,0,10,50,40,0,10
1500000US270270204003,Block Group 3; Census Tract 204; Clay County; Minnesota,558,136,131,78,4,8,68,86,0,10,56,31,49,57,27,33,8,12,12,18,52,38,39,40,7,12,47,52,18,28,40,33,0,10
1500000US270270204004,Block Group 4; Census Tract 204; Clay County; Minnesota,206,83,24,35,8,11,0,10,0,10,22,27,0,10,0,10,0,10,0,10,0,10,14,27,12,16,16,25,93,76,8,12,9,15
1500000US270270205001,Block Group 1; Census Tract 205; Clay County; Minnesota,414,140,38,58,0,10,0,10,0,10,0,10,15,26,0,10,0,10,0,10,0,10,54,51,54,53,52,56,70,80,65,47,66,57
1500000US270270205002,Block Group 2; Census Tract 205; Clay County; Minnesota,671,160,14,22,0,10,0,10,0,10,0,10,0,10,0,10,0,10,67,74,51,76,71,53,181,113,78,59,19,32,88,71,102,56
1500000US270270205003,Block Group 3; Census Tract 205; Clay County; Minnesota,712,155,0,10,0,10,49,55,49,49,45,51,52,63,103,92,0,10,99,73,12,17,72,91,41,49,102,74,51,57,0,10,37,40
1500000US270270205004,Block Group 4; Census Tract 205; Clay County; Minnesota,341,106,9,16,0,10,0,10,22,34,32,38,0,10,0,10,0,10,35,40,0,10,25,28,40,32,37,40,51,52,0,10,90,94
1500000US270270206001,Block Group 1; Census Tract 206; Clay County; Minnesota,900,162,52,65,10,17,12,22,37,56,8,12,93,74,16,14,9,16,12,19,97,70,130,94,81,55,146,103,41,30,140,73,16,22
1500000US270270206002,Block Group 2; Census Tract 206; Clay County; Minnesota,1026,178,110,78,113,90,172,151,27,42,43,63,64,50,0,10,19,20,8,13,31,29,21,20,136,83,128,90,9,14,118,64,27,24
1500000US270270206003,Block Group 3; Census Tract 206; Clay County; Minnesota,0,10,0,10,0,10,0,10,0,10,0,10,0,10,0,10,0,10,0,10,0,10,0,10,0,10,0,10,0,10,0,10,0,10
1500000US270270207001,Block Group 1; Census Tract 207; Clay County; Minnesota,606,125,57,45,76,50,42,36,51,46,12,20,54,50,14,22,19,23,0,10,0,10,65,45,51,41,32,29,89,82,25,22,19,27
1500000US270270207002,Block Group 2; Census Tract 207; Clay County; Minnesota,0,10,0,10,0,10,0,10,0,10,0,10,0,10,0,10,0,10,0,10,0,10,0,10,0,10,0,10,0,10,0,10,0,10
1500000US270270207003,Block Group 3; Census Tract 207; Clay County; Minnesota,662,123,11,18,9,15,38,36,43,49,15,23,21,31,41,47,71,56,4,7,36,34,114,84,95,80,130,78,13,22,10,17,11,20
1500000US270270301061,Block Group 1; Census Tract 301.06; Clay County; Minnesota,784,93,10,16,24,24,39,36,7,10,20,19,23,23,4,7,14,17,32,22,45,34,36,24,85,41,75,35,81,38,169,89,120,38
1500000US270270301071,Block Group 1; Census Tract 301.07; Clay County; Minnesota,643,56,22,11,21,15,23,12,19,8,24,15,12,8,12,8,18,8,12,6,20,8,40,13,97,24,108,24,66,22,77,18,72,18
1500000US270270301081,Block Group 1; Census Tract 301.08; Clay County; Minnesota,717,202,82,87,18,28,23,39,71,65,21,31,0,10,15,26,0,10,45,49,54,64,28,34,173,124,63,77,0,10,74,73,50,55
1500000US270270301082,Block Group 2; Census Tract 301.08; Clay County; Minnesota,1682,246,393,203,87,56,45,55,46,59,74,76,0,10,76,76,50,56,49,78,114,87,104,101,386,151,118,98,0,10,32,55,108,97
1500000US270270301091,Block Group 1; Census Tract 301.09; Clay County; Minnesota,968,126,0,10,25,29,43,32,27,25,0,10,45,68,0,10,38,50,55,60,120,87,69,50,152,61,130,63,142,72,21,26,101,60
1500000US270270301092,Block Group 2; Census Tract 301.09; Clay County; Minnesota,542,122,17,29,15,24,9,14,11,16,0,10,66,67,0,10,39,37,17,24,69,47,19,24,56,43,43,38,70,49,49,42,62,61
1500000US270270301101,Block Group 1; Census Tract 301.10; Clay County; Minnesota,674,144,13,19,0,10,0,10,20,28,0,10,0,10,18,26,13,14,20,30,23,23,0,10,160,82,105,104,70,48,149,98,83,42
1500000US270270301102,Block Group 2; Census Tract 301.10; Clay County; Minnesota,958,178,0,10,0,10,70,72,0,10,18,22,0,10,101,81,11,11,43,41,72,63,107,59,90,89,171,118,87,56,123,69,65,35
1500000US270270301103,Block Group 3; Census Tract 301.10; Clay County; Minnesota,605,81,2,3,1,3,8,6,27,17,13,8,3,4,10,12,2,3,9,8,27,14,46,17,104,29,80,24,53,18,96,35,124,41
1500000US270270301111,Block Group 1; Census Tract 301.11; Clay County; Minnesota,584,74,9,11,2,3,4,5,13,10,38,29,5,5,36,23,4,6,15,11,32,21,55,30,80,30,70,30,72,27,84,39,65,22
1500000US270270301112,Block Group 2; Census Tract 301.11; Clay County; Minnesota,839,216,21,30,155,148,0,10,21,30,17,25,11,17,0,10,0,10,0,10,0,10,23,32,63,44,186,120,44,38,215,80,83,49
1500000US270270301113,Block Group 3; Census Tract 301.11; Clay County; Minnesota,590,149,0,10,17,29,0,10,0,10,0,10,23,32,20,32,33,49,46,52,0,10,147,97,116,80,98,100,20,20,45,41,25,18
1500000US270270301121,Block Group 1; Census Tract 301.12; Clay County; Minnesota,444,142,65,58,31,30,66,62,21,38,27,41,17,28,17,27,0,10,27,33,45,61,27,35,14,22,65,48,13,22,9,15,0,10
1500000US270270301122,Block Group 2; Census Tract 301.12; Clay County; Minnesota,969,139,6,10,0,10,29,28,14,22,0,10,0,10,11,16,58,65,28,27,54,50,29,31,193,95,91,64,125,98,110,103,221,95
1500000US270270301123,Block Group 3; Census Tract 301.12; Clay County; Minnesota,507,123,36,42,65,79,0,10,0,10,18,27,48,50,0,10,15,27,27,44,35,52,0,10,56,49,52,44,34,51,67,62,54,52
1500000US270270301124,Block Group 4; Census Tract 301.12; Clay County; Minnesota,34,27,0,10,0,10,1,2,0,10,0,10,0,10,0,10,0,10,0,10,2,4,20,26,3,5,4,6,1,2,1,2,2,5
1500000US270270302011,Block Group 1; Census Tract 302.01; Clay County; Minnesota,1023,127,0,10,11,8,49,40,30,21,31,24,15,11,57,39,31,19,48,28,40,21,75,48,126,42,101,30,194,83,112,34,103,35
1500000US270270302012,Block Group 2; Census Tract 302.01; Clay County; Minnesota,728,93,49,28,34,25,23,19,10,9,9,7,13,7,24,14,13,7,37,20,51,20,59,31,86,28,95,40,77,23,84,32,64,23
1500000US270270302013,Block Group 3; Census Tract 302.01; Clay County; Minnesota,551,53,5,5,2,3,12,13,4,6,4,6,4,4,10,6,17,10,6,5,32,23,53,24,90,34,63,17,82,24,72,24,95,24
1500000US270270302021,Block Group 1; Census Tract 302.02; Clay County; Minnesota,778,81,17,13,7,7,16,10,19,20,13,9,16,9,14,10,21,12,21,13,50,22,50,21,105,26,118,45,91,21,116,32,104,29
1500000US270270302022,Block Group 2; Census Tract 302.02; Clay County; Minnesota,1035,93,6,7,23,16,7,9,12,16,18,16,39,23,48,24,59,41,5,6,58,28,115,49,129,43,164,62,89,33,157,49,106,40
1500000US270270303001,Block Group 1; Census Tract 303; Clay County; Minnesota,806,173,66,80,59,81,29,33,29,33,9,15,0,10,16,24,12,20,45,67,64,56,75,64,142,74,100,59,51,32,59,51,50,70
1500000US270270303002,Block Group 2; Census Tract 303; Clay County; Minnesota,516,145,14,23,0,10,14,21,47,72,0,10,0,10,19,30,51,79,0,10,78,82,104,71,96,96,15,25,71,73,7,12,0,10
1500000US270270303003,Block Group 3; Census Tract 303; Clay County; Minnesota,0,10,0,10,0,10,0,10,0,10,0,10,0,10,0,10,0,10,0,10,0,10,0,10,0,10,0,10,0,10,0,10,0,10
1500000US270270303004,Block Group 4; Census Tract 303; Clay County; Minnesota,408,124,32,43,34,55,69,63,32,50,26,42,0,10,11,17,6,9,13,20,40,44,20,21,27,21,39,35,32,30,27,32,0,10
1500000US270270304001,Block Group 1; Census Tract 304; Clay County; Minnesota,275,88,0,10,0,10,0,10,0,10,0,10,27,41,1,8,0,10,6,10,31,36,32,47,70,48,14,20,0,10,61,36,33,47
1500000US270270304002,Block Group 2; Census Tract 304; Clay County; Minnesota,718,118,0,10,6,10,6,11,33,35,42,43,14,21,0,10,19,21,0,10,55,58,72,48,64,43,72,53,121,63,162,86,52,49
1500000US270290001001,Block Group 1; Census Tract 1; Clearwater County; Minnesota,437,61,38,23,18,21,25,18,5,5,12,10,6,6,16,11,14,12,9,6,20,11,41,22,82,28,32,16,46,23,58,26,15,10
1500000US270290001002,Block Group 2; Census Tract 1; Clearwater County; Minnesota,257,53,11,12,2,4,25,19,15,11,1,2,10,7,2,3,15,16,15,14,11,7,25,15,33,17,10,9,37,27,40,22,5,7
1500000US270290001003,Block Group 3; Census Tract 1; Clearwater County; Minnesota,329,58,28,24,37,28,58,34,18,18,10,12,4,5,22,21,20,13,4,5,24,14,42,36,14,11,28,19,0,10,10,11,10,14
1500000US270290002001,Block Group 1; Census Tract 2; Clearwater County; Minnesota,314,31,22,10,18,10,19,12,10,9,16,9,12,7,6,6,27,17,9,6,41,17,20,10,45,18,32,11,20,12,7,6,10,7
1500000US270290002002,Block Group 2; Census Tract 2; Clearwater County; Minnesota,540,40,11,10,13,8,15,7,31,15,3,6,15,7,34,17,15,7,32,19,42,19,56,15,98,24,80,26,37,13,35,14,23,12
1500000US270290002003,Block Group 3; Census Tract 2; Clearwater County; Minnesota,260,35,18,9,3,3,5,5,5,4,7,7,7,5,11,6,4,4,13,9,12,5,52,22,27,12,39,13,12,9,35,13,10,8
1500000US270290003001,Block Group 1; Census Tract 3; Clearwater County; Minnesota,174,34,5,4,13,12,3,5,3,3,0,10,11,8,5,6,12,10,19,17,13,9,16,10,16,12,11,6,12,10,11,8,24,16
1500000US270290003002,Block Group 2; Census Tract 3; Clearwater County; Minnesota,310,61,31,28,15,8,13,9,12,11,14,7,7,7,15,14,7,7,3,4,26,13,15,10,32,11,30,13,15,7,40,35,35,19
1500000US270290003003,Block Group 3; Census Tract 3; Clearwater County; Minnesota,390,39,10,7,25,15,3,3,18,6,16,10,7,5,5,6,15,10,7,4,45,17,36,14,78,25,45,18,33,11,17,13,30,16
1500000US270290003004,Block Group 4; Census Tract 3; Clearwater County; Minnesota,328,49,25,13,21,14,22,20,7,8,23,16,10,7,17,13,17,12,15,11,19,12,42,24,32,15,7,6,20,13,42,22,9,8
1500000US270314801011,Block Group 1; Census Tract 4801.01; Cook County; Minnesota,745,112,34,21,24,20,14,10,8,11,13,12,34,23,32,22,16,14,55,26,121,64,73,40,97,32,56,27,51,36,48,27,69,38
1500000US270314801021,Block Group 1; Census Tract 4801.02; Cook County; Minnesota,315,64,16,20,2,3,0,10,13,19,2,3,2,3,0,10,6,8,21,15,16,15,21,16,104,47,27,24,25,18,18,14,42,28
1500000US270314801022,Block Group 2; Census Tract 4801.02; Cook County; Minnesota,337,78,8,9,3,5,13,12,0,10,0,10,3,4,20,16,0,10,6,8,21,21,88,64,39,25,15,18,44,26,56,36,21,21
1500000US270314801023,Block Group 3; Census Tract 4801.02; Cook County; Minnesota,276,64,15,15,11,17,5,7,12,8,11,9,2,4,19,21,30,18,10,8,36,22,26,12,16,12,24,14,5,6,15,9,39,31
1500000US270314802001,Block Group 1; Census Tract 4802; Cook County; Minnesota,517,103,7,11,9,15,13,14,9,11,10,12,24,27,12,19,3,5,31,31,80,59,147,75,18,18,38,33,22,19,46,35,48,42
1500000US270314802002,Block Group 2; Census Tract 4802; Cook County; Minnesota,520,112,19,15,0,10,15,22,24,29,12,19,17,27,32,28,24,18,0,10,51,40,57,39,116,58,35,31,50,39,68,46,0,10
1500000US270319900000,Block Group 0; Census Tract 9900; Cook County; Minnesota,0,10,0,10,0,10,0,10,0,10,0,10,0,10,0,10,0,10,0,10,0,10,0,10,0,10,0,10,0,10,0,10,0,10
1500000US270332701001,Block Group 1; Census Tract 2701; Cottonwood County; Minnesota,210,42,4,4,15,17,6,6,4,6,4,6,10,10,6,5,2,4,10,8,5,6,20,12,44,24,29,21,18,10,7,6,26,19
1500000US270332701002,Block Group 2; Census Tract 2701; Cottonwood County; Minnesota,363,61,29,19,14,16,12,8,6,6,15,16,6,5,7,9,15,9,33,18,29,15,20,14,62,23,60,36,13,10,28,20,14,11
1500000US270332701003,Block Group 3; Census Tract 2701; Cottonwood County; Minnesota,440,70,0,10,26,18,16,15,38,30,7,6,11,12,9,9,22,20,31,16,28,15,57,33,74,32,51,34,20,14,28,15,22,21
1500000US270332702001,Block Group 1; Census Tract 2702; Cottonwood County; Minnesota,529,69,54,39,16,8,86,36,12,12,23,13,20,14,31,14,26,14,12,8,31,14,53,27,35,13,37,22,41,17,24,9,28,13
1500000US270332702002,Block Group 2; Census Tract 2702; Cottonwood County; Minnesota,252,43,26,18,8,6,8,6,19,14,5,4,4,6,4,4,9,6,15,14,20,7,18,11,46,18,14,8,33,17,17,9,6,4
1500000US270332702003,Block Group 3; Census Tract 2702; Cottonwood County; Minnesota,243,44,6,5,10,8,4,5,17,14,4,3,15,15,4,4,7,9,5,4,14,7,28,12,52,20,27,14,27,18,13,7,10,11
1500000US270332703001,Block Group 1; Census Tract 2703; Cottonwood County; Minnesota,178,38,2,4,8,8,4,4,6,5,9,9,6,6,3,4,0,10,5,7,14,9,24,19,29,18,35,15,2,3,12,10,19,14
1500000US270332703002,Block Group 2; Census Tract 2703; Cottonwood County; Minnesota,335,79,18,17,10,15,1,3,22,31,0,10,4,7,26,25,0,10,24,22,24,20,11,11,20,17,20,18,88,58,19,19,48,40
1500000US270332703003,Block Group 3; Census Tract 2703; Cottonwood County; Minnesota,467,87,22,24,0,10,13,16,0,10,36,26,0,10,2,3,12,14,11,15,2,3,19,15,25,22,143,76,37,52,25,23,120,60
1500000US270332703004,Block Group 4; Census Tract 2703; Cottonwood County; Minnesota,398,100,0,10,21,31,0,10,0,10,27,27,19,22,63,52,14,19,22,21,38,29,47,40,30,25,0,10,66,36,51,52,0,10
1500000US270332704001,Block Group 1; Census Tract 2704; Cottonwood County; Minnesota,348,79,16,16,9,9,2,3,1,3,5,5,5,6,5,5,1,2,24,30,59,38,34,22,47,35,69,34,27,15,18,14,26,14
1500000US270332704002,Block Group 2; Census Tract 2704; Cottonwood County; Minnesota,393,89,0,10,23,22,23,22,15,19,28,30,30,31,62,64,14,16,0,10,12,17,21,20,87,64,44,30,17,22,17,20,0,10
1500000US270332704003,Block Group 3; Census Tract 2704; Cottonwood County; Minnesota,474,83,0,10,18,19,20,22,11,16,46,41,47,44,24,33,12,21,30,28,48,35,20,24,139,73,32,26,9,12,0,10,18,24
1500000US270359501001,Block Group 1; Census Tract 9501; Crow Wing County; Minnesota,311,70,8,7,22,14,5,5,14,12,6,7,6,6,12,8,6,7,15,13,23,20,56,23,75,56,20,9,13,7,16,7,14,8
1500000US270359501002,Block Group 2; Census Tract 9501; Crow Wing County; Minnesota,419,52,15,11,10,8,5,5,11,8,15,13,3,4,11,9,25,19,25,16,26,11,37,15,80,28,40,21,22,11,66,31,28,11
1500000US270359501003,Block Group 3; Census Tract 9501; Crow Wing County; Minnesota,282,59,11,8,17,15,10,6,13,9,2,3,11,8,11,8,0,10,8,7,14,11,33,12,20,11,17,10,34,15,47,40,34,12
1500000US270359502041,Block Group 1; Census Tract 9502.04; Crow Wing County; Minnesota,621,106,55,40,2,3,9,10,7,9,12,16,23,22,9,11,7,8,21,15,27,20,31,21,162,78,51,27,40,35,49,29,116,46
1500000US270359502042,Block Group 2; Census Tract 9502.04; Crow Wing County; Minnesota,429,127,5,8,8,10,12,13,65,30,17,16,0,10,0,10,17,17,9,11,29,19,121,116,46,29,44,21,0,10,32,24,24,19
1500000US270359504011,Block Group 1; Census Tract 9504.01; Crow Wing County; Minnesota,848,108,49,38,15,14,19,17,7,10,0,10,17,16,9,16,46,34,64,45,41,23,61,35,158,52,48,28,76,39,167,53,71,41
1500000US270359504012,Block Group 2; Census Tract 9504.01; Crow Wing County; Minnesota,662,116,13,15,56,33,38,22,5,8,24,21,21,23,57,49,10,10,72,45,63,47,53,36,115,62,46,29,33,23,13,14,43,35
1500000US270359504013,Block Group 3; Census Tract 9504.01; Crow Wing County; Minnesota,187,48,10,10,0,10,3,4,9,11,0,10,11,12,8,11,0,10,0,10,13,14,15,17,13,14,42,27,19,15,12,12,32,29
1500000US270359504021,Block Group 1; Census Tract 9504.02; Crow Wing County; Minnesota,401,64,12,16,14,18,11,10,5,7,4,7,11,10,0,10,30,25,6,8,63,37,37,20,79,38,71,35,16,12,32,21,10,10
1500000US270359504022,Block Group 2; Census Tract 9504.02; Crow Wing County; Minnesota,347,58,24,14,7,10,6,8,13,10,0,10,6,8,4,5,18,21,2,3,21,14,50,37,46,22,54,27,14,13,19,9,63,24
1500000US270359505011,Block Group 1; Census Tract 9505.01; Crow Wing County; Minnesota,394,93,10,11,0,10,0,10,0,10,0,10,17,16,5,7,0,10,0,10,32,46,55,46,29,27,80,39,24,27,74,43,68,39
1500000US270359505012,Block Group 2; Census Tract 9505.01; Crow Wing County; Minnesota,544,118,19,16,13,21,8,11,18,24,85,90,26,26,10,9,9,12,5,8,22,15,65,35,70,36,65,37,39,27,53,43,37,28
1500000US270359505013,Block Group 3; Census Tract 9505.01; Crow Wing County; Minnesota,241,70,6,9,24,28,6,9,5,7,6,8,0,10,15,22,11,17,0,10,6,9,4,7,15,14,51,21,17,16,26,21,49,32
1500000US270359505021,Block Group 1; Census Tract 9505.02; Crow Wing County; Minnesota,560,72,15,10,17,19,9,8,47,23,21,20,21,13,13,10,15,12,14,9,34,20,85,39,81,31,49,18,26,14,69,26,44,22
1500000US270359505022,Block Group 2; Census Tract 9505.02; Crow Wing County; Minnesota,601,64,34,21,7,7,4,5,11,10,63,35,5,5,27,18,19,12,26,20,48,24,39,19,106,44,97,44,35,17,61,27,19,13
1500000US270359507011,Block Group 1; Census Tract 9507.01; Crow Wing County; Minnesota,679,124,15,10,37,30,4,5,35,20,7,9,18,17,49,70,36,21,11,8,41,17,82,36,101,72,41,14,74,27,61,25,67,18
1500000US270359507012,Block Group 2; Census Tract 9507.01; Crow Wing County; Minnesota,723,117,45,24,94,58,31,18,47,21,24,15,62,53,20,14,100,71,39,28,48,26,15,11,57,25,103,41,9,7,10,10,19,13
1500000US270359507021,Block Group 1; Census Tract 9507.02; Crow Wing County; Minnesota,652,96,30,21,9,6,46,37,31,17,19,12,7,6,23,13,14,10,40,33,69,33,55,21,107,40,81,32,72,44,36,22,13,10
1500000US270359507022,Block Group 2; Census Tract 9507.02; Crow Wing County; Minnesota,318,64,16,17,6,8,8,9,13,14,28,35,7,9,7,8,7,7,5,7,18,12,42,33,43,20,17,12,19,15,48,32,34,21
1500000US270359507023,Block Group 3; Census Tract 9507.02; Crow Wing County; Minnesota,404,110,3,6,16,14,10,12,93,91,18,14,54,41,2,3,1,2,8,10,17,16,62,34,44,22,44,33,14,12,11,11,7,6
1500000US270359508011,Block Group 1; Census Tract 9508.01; Crow Wing County; Minnesota,544,61,16,10,7,7,18,19,21,19,8,7,38,30,12,9,14,8,34,20,30,14,33,16,55,25,66,31,34,16,55,17,103,34
1500000US270359508012,Block Group 2; Census Tract 9508.01; Crow Wing County; Minnesota,351,57,11,8,10,16,7,7,18,18,26,20,3,4,10,7,14,15,11,10,24,13,41,24,61,22,26,14,14,13,41,39,34,14
1500000US270359508021,Block Group 1; Census Tract 9508.02; Crow Wing County; Minnesota,375,59,20,11,11,8,5,5,5,4,4,5,10,8,11,7,5,7,15,17,39,20,23,13,65,22,35,16,13,11,59,21,55,38
1500000US270359508022,Block Group 2; Census Tract 9508.02; Crow Wing County; Minnesota,395,66,11,9,5,5,7,5,6,4,13,11,10,7,14,9,19,14,0,10,30,26,62,25,77,46,41,16,31,16,57,21,12,9
1500000US270359508023,Block Group 3; Census Tract 9508.02; Crow Wing County; Minnesota,370,47,4,5,5,5,6,5,25,24,3,4,11,13,7,6,25,15,6,5,32,21,36,21,71,27,59,24,30,18,16,14,34,15
1500000US270359509011,Block Group 1; Census Tract 9509.01; Crow Wing County; Minnesota,364,100,23,35,0,10,13,22,24,27,14,23,0,10,0,10,9,18,14,23,0,10,72,61,60,49,3,5,53,56,28,38,51,50
1500000US270359509012,Block Group 2; Census Tract 9509.01; Crow Wing County; Minnesota,831,158,0,10,44,47,0,10,20,31,0,10,28,38,19,30,25,30,58,59,65,58,22,26,79,56,50,42,73,57,148,75,200,96
1500000US270359509021,Block Group 1; Census Tract 9509.02; Crow Wing County; Minnesota,168,74,0,10,27,42,0,10,4,8,0,10,0,10,0,10,7,17,0,10,32,45,20,28,7,11,0,10,49,33,11,13,11,16
1500000US270359509022,Block Group 2; Census Tract 9509.02; Crow Wing County; Minnesota,674,161,12,18,0,10,0,10,0,10,0,10,0,10,79,77,16,26,34,39,8,14,76,60,108,115,63,46,112,63,136,110,30,44
1500000US270359509023,Block Group 3; Census Tract 9509.02; Crow Wing County; Minnesota,274,85,0,10,0,10,8,13,4,7,7,12,0,10,38,30,0,10,10,15,24,22,38,36,13,15,8,10,31,34,18,29,75,65
1500000US270359510001,Block Group 1; Census Tract 9510; Crow Wing County; Minnesota,809,161,17,19,28,28,34,37,0,10,5,6,38,30,62,51,40,53,0,10,58,37,94,68,144,69,71,59,123,87,91,46,4,8
1500000US270359510002,Block Group 2; Census Tract 9510; Crow Wing County; Minnesota,598,133,0,10,45,39,16,24,44,53,0,10,22,37,44,40,27,26,0,10,0,10,0,10,137,59,120,98,75,86,48,69,20,21
1500000US270359510003,Block Group 3; Census Tract 9510; Crow Wing County; Minnesota,337,109,13,22,31,31,5,9,5,11,9,14,22,24,51,64,45,34,15,23,89,63,3,6,27,25,22,26,0,10,0,10,0,10
1500000US270359511001,Block Group 1; Census Tract 9511; Crow Wing County; Minnesota,657,161,7,10,23,35,49,57,56,45,52,51,18,16,27,36,32,38,61,61,90,62,79,64,64,44,39,40,53,66,7,12,0,10
1500000US270359511002,Block Group 2; Census Tract 9511; Crow Wing County; Minnesota,576,159,0,10,25,36,0,10,47,55,24,25,16,25,57,81,35,41,19,29,170,141,69,52,44,45,18,23,0,10,20,25,32,36
1500000US270359511003,Block Group 3; Census Tract 9511; Crow Wing County; Minnesota,346,102,29,47,21,24,3,4,3,5,44,69,0,10,6,10,0,10,22,36,35,46,48,43,61,43,48,38,26,30,0,10,0,10
1500000US270359511004,Block Group 4; Census Tract 9511; Crow Wing County; Minnesota,394,186,105,130,0,10,0,10,41,58,35,43,0,10,21,32,0,10,15,24,109,124,54,60,14,21,0,10,0,10,0,10,0,10
1500000US270359512001,Block Group 1; Census Tract 9512; Crow Wing County; Minnesota,659,144,31,35,48,40,49,48,69,54,0,10,11,15,44,46,37,56,17,25,101,94,47,37,128,60,36,35,14,23,14,17,13,26
1500000US270359512002,Block Group 2; Census Tract 9512; Crow Wing County; Minnesota,609,177,0,10,0,10,46,44,60,53,0,10,0,10,133,157,56,78,55,43,45,47,40,43,0,10,143,72,18,21,13,22,0,10
1500000US270359512003,Block Group 3; Census Tract 9512; Crow Wing County; Minnesota,298,98,14,21,53,76,0,10,0,10,0,10,0,10,4,11,36,36,22,22,34,32,64,58,60,47,9,15,2,11,0,10,0,10
1500000US270359513011,Block Group 1; Census Tract 9513.01; Crow Wing County; Minnesota,884,156,19,31,0,10,23,35,41,46,0,10,0,10,39,64,18,28,44,52,0,10,119,78,92,91,37,44,89,69,173,93,190,97
1500000US270359513012,Block Group 2; Census Tract 9513.01; Crow Wing County; Minnesota,418,165,31,47,0,10,69,97,0,10,0,10,8,12,0,10,0,10,0,10,17,26,70,68,66,56,46,44,49,58,45,52,17,29
1500000US270359513013,Block Group 3; Census Tract 9513.01; Crow Wing County; Minnesota,1028,188,72,75,37,42,24,39,106,83,49,54,103,105,41,46,12,22,24,38,216,139,103,77,95,74,49,58,42,50,55,56,0,10
1500000US270359513031,Block Group 1; Census Tract 9513.03; Crow Wing County; Minnesota,1003,187,15,26,32,35,65,79,51,49,50,48,52,48,21,34,27,31,12,19,76,63,85,70,252,131,107,62,15,25,54,44,89,76
1500000US270359513032,Block Group 2; Census Tract 9513.03; Crow Wing County; Minnesota,325,124,36,39,89,54,48,38,25,40,12,20,0,10,0,10,35,40,0,10,10,16,15,25,52,80,0,10,0,10,3,9,0,10
1500000US270359513033,Block Group 3; Census Tract 9513.03; Crow Wing County; Minnesota,581,133,14,21,0,10,0,10,12,20,14,22,0,10,11,17,14,23,49,55,35,42,39,26,214,122,48,43,31,30,31,27,69,52
1500000US270359513041,Block Group 1; Census Tract 9513.04; Crow Wing County; Minnesota,819,181,22,25,18,28,0,10,45,65,93,137,10,16,13,20,0,10,13,19,53,63,56,38,91,53,70,46,110,68,127,90,98,70
1500000US270359513042,Block Group 2; Census Tract 9513.04; Crow Wing County; Minnesota,447,123,44,39,7,12,0,10,14,21,0,10,0,10,41,43,50,38,38,35,15,13,58,54,47,50,34,39,99,91,0,10,0,10
1500000US270359514001,Block Group 1; Census Tract 9514; Crow Wing County; Minnesota,473,69,20,10,7,6,18,23,24,21,13,9,9,9,10,7,28,18,23,14,51,26,53,23,52,21,42,15,47,20,41,18,35,22
1500000US270359514002,Block Group 2; Census Tract 9514; Crow Wing County; Minnesota,326,47,12,12,4,5,4,5,13,9,3,5,14,11,3,4,14,18,14,14,30,23,22,11,44,21,67,29,27,13,10,8,45,27
1500000US270359514003,Block Group 3; Census Tract 9514; Crow Wing County; Minnesota,524,61,3,4,6,7,14,8,3,3,25,14,17,14,20,10,23,12,40,19,36,19,46,24,41,15,89,25,68,36,55,19,38,17
1500000US270359514004,Block Group 4; Census Tract 9514; Crow Wing County; Minnesota,714,76,21,16,4,6,3,4,24,13,41,31,19,14,34,26,11,9,16,10,44,22,64,24,87,31,132,50,97,29,82,27,35,13
1500000US270359516001,Block Group 1; Census Tract 9516; Crow Wing County; Minnesota,200,44,5,4,2,3,2,3,2,3,2,3,2,3,0,10,26,33,0,10,20,8,31,17,42,16,16,8,12,7,11,7,27,15
1500000US270359516002,Block Group 2; Census Tract 9516; Crow Wing County; Minnesota,419,82,1,2,26,19,8,5,16,11,30,22,12,6,20,13,10,7,13,8,37,17,37,14,81,56,46,23,34,22,39,16,9,7
1500000US270359516003,Block Group 3; Census Tract 9516; Crow Wing County; Minnesota,336,51,15,10,8,8,15,12,14,7,13,8,10,8,30,25,21,11,0,10,17,7,28,17,41,19,43,23,43,20,32,19,6,5
1500000US270359516004,Block Group 4; Census Tract 9516; Crow Wing County; Minnesota,161,29,4,4,5,4,11,9,8,7,5,6,1,2,12,9,4,4,2,2,4,4,25,11,20,9,19,10,27,19,9,8,5,6
1500000US270359517001,Block Group 1; Census Tract 9517; Crow Wing County; Minnesota,530,75,21,20,9,12,16,12,6,7,8,9,17,11,8,6,26,18,8,7,38,22,66,41,73,29,35,14,29,17,60,26,110,34
1500000US270359517002,Block Group 2; Census Tract 9517; Crow Wing County; Minnesota,488,63,24,13,16,11,6,7,9,6,19,10,9,10,23,13,16,9,20,14,43,20,45,14,35,12,45,15,76,43,65,23,37,16
1500000US270359517003,Block Group 3; Census Tract 9517; Crow Wing County; Minnesota,474,84,3,4,6,7,3,5,10,17,12,10,25,19,51,50,23,19,0,10,21,11,34,15,54,31,72,27,86,28,34,19,40,20
1500000US270370601011,Block Group 1; Census Tract 601.01; Dakota County; Minnesota,585,142,0,10,13,21,0,10,63,56,8,13,11,17,0,10,0,10,61,61,42,33,93,68,92,48,32,30,70,47,27,28,73,70
1500000US270370601012,Block Group 2; Census Tract 601.01; Dakota County; Minnesota,551,114,9,14,37,58,12,13,49,57,0,10,0,10,11,17,41,46,23,26,47,53,60,51,73,47,57,50,37,38,63,51,32,26
1500000US270370601013,Block Group 3; Census Tract 601.01; Dakota County; Minnesota,541,166,12,18,36,43,8,14,9,16,62,72,16,19,61,54,68,91,0,10,59,57,46,48,66,52,28,29,29,30,41,34,0,10
1500000US270370601021,Block Group 1; Census Tract 601.02; Dakota County; Minnesota,535,104,0,10,0,10,26,37,13,20,0,10,14,21,0,10,65,42,8,14,12,18,44,47,36,33,111,65,64,53,84,58,58,54
1500000US270370601022,Block Group 2; Census Tract 601.02; Dakota County; Minnesota,650,154,0,10,24,38,12,18,31,35,19,31,6,9,0,10,0,10,18,34,66,62,54,50,102,66,68,49,92,67,112,129,46,45
1500000US270370601031,Block Group 1; Census Tract 601.03; Dakota County; Minnesota,516,112,0,10,0,10,7,12,14,21,0,10,0,10,52,41,0,10,8,13,0,10,35,37,98,68,39,47,50,42,115,63,98,57
1500000US270370601032,Block Group 2; Census Tract 601.03; Dakota County; Minnesota,572,115,51,64,9,14,0,10,0,10,8,13,7,11,9,15,25,37,0,10,20,27,33,25,64,44,43,58,143,84,57,36,103,47
1500000US270370601041,Block Group 1; Census Tract 601.04; Dakota County; Minnesota,600,214,0,10,80,101,0,10,0,10,18,29,19,30,82,106,0,10,61,52,54,50,0,10,118,87,36,42,76,59,30,36,26,42
1500000US270370601042,Block Group 2; Census Tract 601.04; Dakota County; Minnesota,1184,323,18,30,76,120,109,116,196,267,47,59,12,28,0,10,53,50,0,10,62,56,72,60,104,75,119,94,53,53,101,116,162,79
1500000US270370601043,Block Group 3; Census Tract 601.04; Dakota County; Minnesota,768,232,46,53,20,32,0,10,35,60,137,95,23,37,148,158,78,94,35,39,66,60,130,102,20,32,30,48,0,10,0,10,0,10
1500000US270370601044,Block Group 4; Census Tract 601.04; Dakota County; Minnesota,414,101,18,28,0,10,24,40,0,10,0,10,0,10,0,10,15,23,17,29,0,10,16,24,125,88,21,36,62,49,40,48,76,65
1500000US270370601051,Block Group 1; Census Tract 601.05; Dakota County; Minnesota,1045,266,37,49,16,27,107,107,62,59,0,10,51,47,58,49,61,60,186,153,35,43,50,50,68,57,214,172,24,52,41,45,35,41
1500000US270370601052,Block Group 2; Census Tract 601.05; Dakota County; Minnesota,943,218,72,48,0,10,88,78,13,21,108,126,0,10,14,23,15,25,106,125,22,34,21,32,40,31,271,168,0,10,49,46,124,74
1500000US270370601053,Block Group 3; Census Tract 601.05; Dakota County; Minnesota,346,154,22,35,20,32,11,17,60,59,0,10,43,49,23,40,0,10,0,10,22,35,27,36,25,44,93,142,0,10,0,10,0,10
1500000US270370601054,Block Group 4; Census Tract 601.05; Dakota County; Minnesota,530,233,58,90,18,30,191,195,42,53,21,32,0,10,0,10,0,10,0,10,19,30,38,38,17,28,12,18,14,25,40,55,60,68
1500000US270370602011,Block Group 1; Census Tract 602.01; Dakota County; Minnesota,391,98,7,11,8,12,14,22,0,10,0,10,11,17,6,9,0,10,4,7,0,10,74,67,89,72,60,37,47,40,36,32,35,23
1500000US270370602012,Block Group 2; Census Tract 602.01; Dakota County; Minnesota,308,87,0,10,24,27,0,10,0,10,0,10,0,10,0,10,0,10,28,27,14,22,23,26,44,47,77,47,35,37,22,23,41,30
1500000US270370602013,Block Group 3; Census Tract 602.01; Dakota County; Minnesota,430,141,8,12,5,7,0,10,11,17,14,22,13,19,0,10,13,17,20,28,24,26,131,123,30,23,29,25,5,8,87,49,40,26
1500000US270370602021,Block Group 1; Census Tract 602.02; Dakota County; Minnesota,378,100,0,10,0,10,0,10,0,10,0,10,11,17,0,10,11,18,0,10,7,13,63,59,50,38,75,56,73,58,19,27,69,56
1500000US270370602022,Block Group 2; Census Tract 602.02; Dakota County; Minnesota,567,86,78,64,24,27,26,27,10,16,14,23,27,29,11,15,45,42,25,29,0,10,32,30,123,54,34,31,10,16,63,40,45,63
1500000US270370602023,Block Group 3; Census Tract 602.02; Dakota County; Minnesota,491,123,13,20,60,77,48,58,12,19,23,27,0,10,0,10,11,17,23,26,23,27,11,17,119,48,64,30,0,10,63,60,21,17
1500000US270370603011,Block Group 1; Census Tract 603.01; Dakota County; Minnesota,347,130,32,49,0,10,0,10,36,58,0,10,4,7,10,17,0,10,0,10,0,10,80,72,23,31,63,47,40,34,54,41,5,9
1500000US270370603012,Block Group 2; Census Tract 603.01; Dakota County; Minnesota,0,10,0,10,0,10,0,10,0,10,0,10,0,10,0,10,0,10,0,10,0,10,0,10,0,10,0,10,0,10,0,10,0,10
1500000US270370603013,Block Group 3; Census Tract 603.01; Dakota County; Minnesota,826,222,38,49,96,115,7,11,47,65,136,157,0,10,0,10,42,45,0,10,116,100,33,39,91,85,101,61,97,81,11,19,11,20
1500000US270370603014,Block Group 4; Census Tract 603.01; Dakota County; Minnesota,805,138,8,15,30,39,0,10,99,82,0,10,15,12,0,10,24,39,32,41,82,70,85,59,142,94,175,123,21,27,75,62,17,27
1500000US270370603021,Block Group 1; Census Tract 603.02; Dakota County; Minnesota,262,154,0,10,12,18,10,15,0,10,0,10,0,10,0,10,0,10,32,53,17,20,0,10,19,23,19,21,108,142,19,24,26,24
1500000US270370603022,Block Group 2; Census Tract 603.02; Dakota County; Minnesota,251,92,0,10,0,10,0,10,0,10,0,10,16,19,20,27,0,10,8,14,0,10,15,16,59,60,50,30,0,10,64,72,19,32
1500000US270370603023,Block Group 3; Census Tract 603.02; Dakota County; Minnesota,413,76,19,29,0,10,15,20,0,10,0,10,36,43,0,10,0,10,12,20,23,20,44,43,75,45,73,49,46,48,42,36,28,25
1500000US270370603024,Block Group 4; Census Tract 603.02; Dakota County; Minnesota,487,98,14,22,0,10,31,49,14,16,9,15,0,10,12,19,14,26,0,10,34,38,64,44,73,52,32,23,60,65,64,60,66,45
1500000US270370604011,Block Group 1; Census Tract 604.01; Dakota County; Minnesota,648,99,0,10,0,10,18,15,14,15,3,5,13,20,36,24,14,15,0,10,26,17,56,30,206,72,96,40,111,54,43,26,12,14
1500000US270370604012,Block Group 2; Census Tract 604.01; Dakota County; Minnesota,411,108,0,10,18,19,5,9,7,11,5,7,54,55,0,10,0,10,6,9,24,20,81,52,36,27,102,85,42,33,31,19,0,10
1500000US270370604021,Block Group 1; Census Tract 604.02; Dakota County; Minnesota,222,65,0,10,0,10,0,10,9,14,9,14,0,10,0,10,0,10,12,24,12,19,54,46,19,21,27,32,9,15,57,51,14,21
1500000US270370604022,Block Group 2; Census Tract 604.02; Dakota County; Minnesota,197,76,0,10,0,10,12,19,0,10,7,12,9,14,0,10,0,10,13,23,0,10,17,21,8,14,39,39,21,19,51,56,20,24
1500000US270370604023,Block Group 3; Census Tract 604.02; Dakota County; Minnesota,509,133,54,68,0,10,19,31,0,10,22,34,0,10,33,37,50,54,34,33,0,10,38,36,121,85,12,19,20,24,44,53,62,52
1500000US270370604024,Block Group 4; Census Tract 604.02; Dakota County; Minnesota,372,86,8,12,0,10,0,10,0,10,0,10,0,10,10,15,33,39,11,17,8,13,11,18,71,59,90,53,65,35,33,28,32,30
1500000US270370605021,Block Group 1; Census Tract 605.02; Dakota County; Minnesota,861,158,44,44,13,19,53,46,16,25,15,23,13,21,38,35,22,25,6,10,199,107,126,74,61,39,129,117,41,29,63,37,22,23
1500000US270370605022,Block Group 2; Census Tract 605.02; Dakota County; Minnesota,277,94,0,10,0,10,0,10,0,10,0,10,0,10,21,32,16,24,0,10,14,20,12,20,38,55,62,38,76,61,25,29,13,20
1500000US270370605023,Block Group 3; Census Tract 605.02; Dakota County; Minnesota,475,131,0,10,14,24,0,10,0,10,0,10,0,10,12,20,0,10,0,10,0,10,93,106,121,67,45,53,64,42,30,24,96,77
1500000US270370605024,Block Group 4; Census Tract 605.02; Dakota County; Minnesota,291,92,0,10,0,10,25,20,0,10,13,21,0,10,15,23,0,10,0,10,24,27,33,38,27,31,58,61,0,10,29,27,67,44
1500000US270370605031,Block Group 1; Census Tract 605.03; Dakota County; Minnesota,186,104,0,10,0,10,0,10,0,10,0,10,0,10,40,55,7,11,52,73,17,27,11,15,19,21,0,10,0,10,40,43,0,10
1500000US270370605032,Block Group 2; Census Tract 605.03; Dakota County; Minnesota,527,110,0,10,10,17,9,13,19,23,0,10,0,10,34,41,6,10,12,19,52,37,27,25,130,60,70,46,42,43,99,74,17,21
1500000US270370605033,Block Group 3; Census Tract 605.03; Dakota County; Minnesota,700,150,12,19,28,34,44,78,18,21,32,44,78,86,9,14,28,31,47,49,18,22,138,87,89,52,36,31,72,59,33,38,18,29
1500000US270370605034,Block Group 4; Census Tract 605.03; Dakota County; Minnesota,741,233,12,20,0,10,0,10,8,12,18,21,10,16,0,10,0,10,0,10,72,98,173,150,49,32,138,152,66,53,114,81,81,54
1500000US270370605051,Block Group 1; Census Tract 605.05; Dakota County; Minnesota,730,219,64,100,31,46,52,76,0,10,0,10,187,183,22,35,0,10,48,53,22,35,42,64,60,65,96,77,0,10,77,116,29,46
1500000US270370605052,Block Group 2; Census Tract 605.05; Dakota County; Minnesota,1026,211,18,27,0,10,25,38,0,10,0,10,0,10,19,30,0,10,0,10,33,41,11,18,18,29,167,148,69,62,318,210,348,110
1500000US270370605053,Block Group 3; Census Tract 605.05; Dakota County; Minnesota,621,171,80,72,0,10,0,10,0,10,0,10,29,44,0,10,15,25,39,46,70,71,118,129,257,119,0,10,0,10,0,10,13,18
1500000US270370605054,Block Group 4; Census Tract 605.05; Dakota County; Minnesota,756,195,2,3,50,54,18,31,28,41,0,10,57,64,35,38,48,51,17,27,62,92,57,43,83,81,101,142,37,40,19,13,142,44
1500000US270370605061,Block Group 1; Census Tract 605.06; Dakota County; Minnesota,445,124,0,10,0,10,0,10,10,16,0,10,14,23,0,10,47,57,12,20,0,10,16,25,77,77,56,54,61,67,69,74,83,79
1500000US270370605062,Block Group 2; Census Tract 605.06; Dakota County; Minnesota,775,156,15,24,0,10,0,10,0,10,16,29,0,10,23,28,15,25,0,10,15,24,171,114,138,87,42,48,117,74,113,83,110,87
1500000US270370605063,Block Group 3; Census Tract 605.06; Dakota County; Minnesota,448,161,15,24,14,23,0,10,30,50,0,10,14,22,40,35,13,20,7,16,14,23,89,109,105,97,44,52,0,10,63,72,0,10
1500000US270370605064,Block Group 4; Census Tract 605.06; Dakota County; Minnesota,645,125,0,10,14,21,0,10,0,10,0,10,0,10,29,48,14,23,0,10,95,114,50,48,90,58,127,85,87,71,39,35,100,76
1500000US270370605071,Block Group 1; Census Tract 605.07; Dakota County; Minnesota,459,165,10,16,16,24,18,15,0,10,97,139,0,10,11,18,21,35,0,10,32,38,48,58,38,47,41,31,77,63,22,26,28,26
1500000US270370605072,Block Group 2; Census Tract 605.07; Dakota County; Minnesota,303,79,10,16,0,10,9,15,8,14,0,10,0,10,9,14,0,10,0,10,10,14,24,23,56,35,0,10,22,25,97,50,58,64
1500000US270370605073,Block Group 3; Census Tract 605.07; Dakota County; Minnesota,559,100,20,23,10,14,0,10,0,10,11,19,0,10,0,10,33,38,0,10,93,47,94,61,61,40,65,39,56,59,52,35,64,38
1500000US270370605081,Block Group 1; Census Tract 605.08; Dakota County; Minnesota,14,13,0,10,0,10,0,10,0,10,0,10,0,10,0,10,0,10,0,10,9,14,0,10,0,10,0,10,0,10,5,8,0,10
1500000US270370605082,Block Group 2; Census Tract 605.08; Dakota County; Minnesota,648,144,10,16,0,10,32,33,20,28,14,17,22,25,9,15,8,12,0,10,12,23,29,29,17,20,141,94,96,62,37,37,201,104
1500000US270370605083,Block Group 3; Census Tract 605.08; Dakota County; Minnesota,427,125,0,10,0,10,0,10,0,10,9,14,0,10,0,10,0,10,0,10,28,25,0,10,20,17,16,13,87,102,79,51,188,60
1500000US270370605084,Block Group 4; Census Tract 605.08; Dakota County; Minnesota,269,88,0,10,0,10,0,10,0,10,0,10,0,10,0,10,0,10,0,10,0,10,8,10,46,45,9,14,0,10,10,15,196,87
1500000US270370605085,Block Group 5; Census Tract 605.08; Dakota County; Minnesota,472,92,0,10,0,10,6,10,0,10,0,10,10,15,14,16,17,27,8,14,8,13,9,15,38,44,66,53,37,33,35,30,224,61
1500000US270370605091,Block Group 1; Census Tract 605.09; Dakota County; Minnesota,568,154,0,10,36,60,34,51,8,16,0,10,0,10,10,17,0,10,11,18,15,26,77,62,71,50,0,10,129,105,47,47,130,100
1500000US270370605092,Block Group 2; Census Tract 605.09; Dakota County; Minnesota,1074,216,17,24,6,10,39,48,0,10,24,39,12,21,0,10,11,17,50,36,48,44,127,96,243,153,76,67,75,67,104,87,242,130
1500000US270370605093,Block Group 3; Census Tract 605.09; Dakota County; Minnesota,1151,410,10,17,0,10,0,10,7,10,40,42,0,10,0,10,26,31,31,36,23,27,60,54,142,78,82,69,258,332,292,252,180,102
1500000US270370606031,Block Group 1; Census Tract 606.03; Dakota County; Minnesota,357,76,0,10,0,10,0,10,0,10,0,10,0,10,0,10,0,10,20,21,19,21,26,18,38,27,75,56,24,21,75,49,80,39
1500000US270370606032,Block Group 2; Census Tract 606.03; Dakota County; Minnesota,586,106,26,25,0,10,0,10,17,19,16,18,25,43,0,10,8,13,0,10,46,56,41,40,43,27,29,27,111,73,62,38,162,63
1500000US270370606033,Block Group 3; Census Tract 606.03; Dakota County; Minnesota,449,82,3,5,6,8,7,12,8,8,19,17,8,10,2,4,6,7,1,3,17,15,52,38,26,23,42,40,55,44,22,20,175,70
1500000US270370606034,Block Group 4; Census Tract 606.03; Dakota County; Minnesota,351,60,8,13,0,10,0,10,7,12,7,11,0,10,0,10,0,10,0,10,18,18,29,30,56,34,54,31,25,21,65,38,82,44
1500000US270370606041,Block Group 1; Census Tract 606.04; Dakota County; Minnesota,565,97,2,3,10,11,9,6,17,15,7,7,9,8,4,6,16,13,3,4,23,13,50,22,110,32,100,68,35,15,68,32,102,33
1500000US270370606042,Block Group 2; Census Tract 606.04; Dakota County; Minnesota,304,65,0,10,15,22,8,13,0,10,0,10,7,11,0,10,9,14,8,12,11,16,0,10,42,32,32,28,41,30,77,44,54,34
1500000US270370606043,Block Group 3; Census Tract 606.04; Dakota County; Minnesota,655,110,45,43,0,10,0,10,10,15,0,10,4,6,9,13,11,16,27,37,0,10,0,10,52,33,40,32,30,26,155,67,272,101
1500000US270370606051,Block Group 1; Census Tract 606.05; Dakota County; Minnesota,0,10,0,10,0,10,0,10,0,10,0,10,0,10,0,10,0,10,0,10,0,10,0,10,0,10,0,10,0,10,0,10,0,10
1500000US270370606052,Block Group 2; Census Tract 606.05; Dakota County; Minnesota,319,84,0,10,2,3,0,10,0,10,0,10,0,10,7,10,27,21,0,10,0,10,32,22,19,17,26,23,10,13,47,25,149,83
1500000US270370606053,Block Group 3; Census Tract 606.05; Dakota County; Minnesota,659,176,15,16,0,10,25,21,0,10,18,28,18,29,0,10,10,15,115,137,0,10,147,155,63,41,135,56,15,16,39,27,59,26
1500000US270370606061,Block Group 1; Census Tract 606.06; Dakota County; Minnesota,554,94,8,14,0,10,27,24,0,10,0,10,46,49,7,12,5,9,19,22,8,12,51,34,69,44,48,32,55,44,43,31,168,45
1500000US270370606062,Block Group 2; Census Tract 606.06; Dakota County; Minnesota,570,93,9,13,30,47,40,46,0,10,0,10,15,24,6,10,14,24,10,16,26,25,25,23,22,22,102,63,47,44,82,42,142,56
1500000US270370607091,Block Group 1; Census Tract 607.09; Dakota County; Minnesota,594,169,0,10,0,10,36,53,0,10,0,10,0,10,16,27,59,75,56,67,19,29,56,64,102,76,103,78,21,37,18,30,108,100
1500000US270370607092,Block Group 2; Census Tract 607.09; Dakota County; Minnesota,502,177,0,10,0,10,18,31,10,17,0,10,0,10,12,21,18,31,26,58,14,24,47,49,63,44,50,48,36,42,117,127,91,68
1500000US270370607093,Block Group 3; Census Tract 607.09; Dakota County; Minnesota,580,162,45,62,0,10,30,51,15,29,0,10,0,10,0,10,0,10,35,54,55,65,244,166,56,65,0,10,0,10,24,28,76,68
1500000US270370607094,Block Group 4; Census Tract 607.09; Dakota County; Minnesota,351,113,0,10,39,59,0,10,0,10,0,10,0,10,0,10,19,31,0,10,0,10,0,10,14,23,35,41,81,78,136,102,27,43
1500000US270370607101,Block Group 1; Census Tract 607.10; Dakota County; Minnesota,545,131,0,10,0,10,81,102,0,10,18,32,39,47,0,10,65,62,37,37,0,10,18,17,26,24,77,46,30,30,118,57,36,29
1500000US270370607102,Block Group 2; Census Tract 607.10; Dakota County; Minnesota,792,175,96,63,69,83,21,34,66,67,63,58,47,35,15,24,24,30,0,10,53,55,93,91,62,51,28,28,92,43,0,10,63,53
1500000US270370607103,Block Group 3; Census Tract 607.10; Dakota County; Minnesota,238,90,11,18,14,22,20,42,0,10,32,59,0,10,0,10,0,10,0,10,0,10,0,10,24,19,54,42,40,37,17,19,26,30
1500000US270370607104,Block Group 4; Census Tract 607.10; Dakota County; Minnesota,0,10,0,10,0,10,0,10,0,10,0,10,0,10,0,10,0,10,0,10,0,10,0,10,0,10,0,10,0,10,0,10,0,10
1500000US270370607111,Block Group 1; Census Tract 607.11; Dakota County; Minnesota,381,119,19,30,0,10,0,10,0,10,10,17,13,21,0,10,0,10,16,26,12,19,22,48,149,114,11,17,113,65,0,10,16,26
1500000US270370607112,Block Group 2; Census Tract 607.11; Dakota County; Minnesota,935,267,62,82,0,10,42,51,36,43,21,35,22,26,0,10,145,125,22,34,101,104,231,129,217,177,16,28,20,31,0,10,0,10
1500000US270370607113,Block Group 3; Census Tract 607.11; Dakota County; Minnesota,337,107,0,10,0,10,0,10,0,10,0,10,37,37,0,10,13,21,0,10,0,10,80,87,55,67,14,25,37,44,69,71,32,33
1500000US270370607114,Block Group 4; Census Tract 607.11; Dakota County; Minnesota,493,186,12,20,0,10,34,41,0,10,0,10,17,28,96,142,0,10,63,95,20,34,39,51,125,84,58,67,15,24,14,26,0,10
1500000US270370607131,Block Group 1; Census Tract 607.13; Dakota County; Minnesota,370,75,51,50,0,10,0,10,7,9,15,23,0,10,0,10,0,10,0,10,25,26,20,30,92,53,37,30,61,32,51,46,11,17
1500000US270370607132,Block Group 2; Census Tract 607.13; Dakota County; Minnesota,804,113,8,14,9,14,19,29,0,10,33,32,8,13,9,14,0,10,13,21,42,43,85,76,107,50,104,53,122,65,109,63,136,55
1500000US270370607141,Block Group 1; Census Tract 607.14; Dakota County; Minnesota,666,102,22,25,14,20,11,17,0,10,0,10,18,22,0,10,22,23,39,52,9,14,77,44,18,30,112,75,79,52,134,48,111,55
1500000US270370607142,Block Group 2; Census Tract 607.14; Dakota County; Minnesota,730,164,0,10,30,49,20,22,0,10,36,34,14,19,74,115,9,14,24,24,85,84,77,56,59,41,88,49,92,64,73,42,49,51
1500000US270370607143,Block Group 3; Census Tract 607.14; Dakota County; Minnesota,543,129,10,15,0,10,0,10,0,10,21,25,0,10,6,8,36,38,50,67,98,120,48,43,139,88,69,46,32,30,29,26,5,8
1500000US270370607161,Block Group 1; Census Tract 607.16; Dakota County; Minnesota,917,197,80,123,7,11,0,10,31,36,14,17,15,16,0,10,15,20,7,12,58,45,105,53,134,96,85,50,141,105,70,48,155,74
1500000US270370607162,Block Group 2; Census Tract 607.16; Dakota County; Minnesota,647,119,0,10,8,13,0,10,11,16,0,10,0,10,0,10,0,10,0,10,40,43,66,48,17,18,46,29,29,23,84,43,346,111
1500000US270370607171,Block Group 1; Census Tract 607.17; Dakota County; Minnesota,61,27,0,10,0,10,0,10,11,17,0,10,10,16,0,10,9,14,0,10,12,18,0,10,0,10,8,14,0,10,0,10,11,17
1500000US270370607172,Block Group 2; Census Tract 607.17; Dakota County; Minnesota,0,10,0,10,0,10,0,10,0,10,0,10,0,10,0,10,0,10,0,10,0,10,0,10,0,10,0,10,0,10,0,10,0,10
1500000US270370607173,Block Group 3; Census Tract 607.17; Dakota County; Minnesota,0,10,0,10,0,10,0,10,0,10,0,10,0,10,0,10,0,10,0,10,0,10,0,10,0,10,0,10,0,10,0,10,0,10
1500000US270370607174,Block Group 4; Census Tract 607.17; Dakota County; Minnesota,404,88,0,10,10,15,0,10,6,9,0,10,0,10,0,10,0,10,10,15,16,18,4,6,76,38,15,16,23,20,95,48,149,64
1500000US270370607175,Block Group 5; Census Tract 607.17; Dakota County; Minnesota,0,10,0,10,0,10,0,10,0,10,0,10,0,10,0,10,0,10,0,10,0,10,0,10,0,10,0,10,0,10,0,10,0,10
1500000US270370607176,Block Group 6; Census Tract 607.17; Dakota County; Minnesota,388,65,0,10,0,10,13,20,0,10,27,30,0,10,17,19,0,10,11,14,36,27,40,27,69,37,92,45,7,10,61,44,15,15
1500000US270370607211,Block Group 1; Census Tract 607.21; Dakota County; Minnesota,750,112,60,47,91,86,0,10,0,10,81,60,32,33,26,41,95,84,0,10,24,27,81,40,38,34,40,36,59,55,42,33,81,50
1500000US270370607212,Block Group 2; Census Tract 607.21; Dakota County; Minnesota,583,116,0,10,17,21,10,16,20,25,45,54,0,10,0,10,0,10,0,10,20,22,27,28,116,67,98,42,93,78,74,38,63,52
1500000US270370607251,Block Group 1; Census Tract 607.25; Dakota County; Minnesota,820,180,30,31,8,14,12,20,0,10,31,33,10,16,0,10,16,25,0,10,27,25,78,55,323,156,59,55,29,37,138,127,59,45
1500000US270370607252,Block Group 2; Census Tract 607.25; Dakota County; Minnesota,539,183,0,10,14,22,0,10,14,23,16,24,95,109,36,36,31,30,14,20,88,72,49,54,57,45,91,82,0,10,18,28,16,25
1500000US270370607253,Block Group 3; Census Tract 607.25; Dakota County; Minnesota,888,202,12,28,0,10,10,16,0,10,0,10,16,19,0,10,13,21,27,31,152,89,103,55,135,107,79,80,47,53,226,155,68,47
1500000US270370607261,Block Group 1; Census Tract 607.26; Dakota County; Minnesota,359,123,0,10,0,10,0,10,15,21,8,12,5,8,0,10,0,10,7,12,37,45,28,29,70,91,47,36,5,9,82,48,55,45
1500000US270370607262,Block Group 2; Census Tract 607.26; Dakota County; Minnesota,687,252,145,187,0,10,10,17,0,10,10,17,14,24,31,35,7,11,0,10,62,44,130,74,64,59,22,23,107,84,85,91,0,10
1500000US270370607263,Block Group 3; Census Tract 607.26; Dakota County; Minnesota,386,109,0,10,15,22,0,10,0,10,0,10,7,11,31,31,0,10,8,12,28,27,30,28,128,66,78,57,0,10,30,43,31,29
1500000US270370607271,Block Group 1; Census Tract 607.27; Dakota County; Minnesota,579,174,0,10,8,14,8,13,6,12,8,14,0,10,8,13,0,10,17,20,8,15,11,18,76,39,109,64,133,135,122,72,65,41
1500000US270370607272,Block Group 2; Census Tract 607.27; Dakota County; Minnesota,0,10,0,10,0,10,0,10,0,10,0,10,0,10,0,10,0,10,0,10,0,10,0,10,0,10,0,10,0,10,0,10,0,10
1500000US270370607273,Block Group 3; Census Tract 607.27; Dakota County; Minnesota,1216,146,28,26,69,72,20,22,40,32,10,16,61,45,19,22,19,21,106,80,85,52,118,65,288,136,164,121,73,40,45,37,71,45
1500000US270370607281,Block Group 1; Census Tract 607.28; Dakota County; Minnesota,1062,298,12,20,11,17,0,10,7,12,30,35,0,10,19,32,0,10,65,70,66,80,16,28,64,50,90,71,198,201,142,77,342,242
1500000US270370607282,Block Group 2; Census Tract 607.28; Dakota County; Minnesota,820,130,74,87,0,10,52,76,14,24,35,40,18,28,0,10,65,60,65,54,117,77,35,43,45,46,94,76,64,58,35,43,107,45
1500000US270370607283,Block Group 3; Census Tract 607.28; Dakota County; Minnesota,301,90,0,10,0,10,0,10,0,10,0,10,0,10,0,10,0,10,0,10,0,10,19,30,0,10,73,63,50,55,22,23,137,61
1500000US270370607291,Block Group 1; Census Tract 607.29; Dakota County; Minnesota,544,96,0,10,0,10,11,17,14,22,8,12,18,18,9,15,0,10,0,10,31,28,19,20,66,57,58,37,40,30,87,42,183,74
1500000US270370607292,Block Group 2; Census Tract 607.29; Dakota County; Minnesota,500,81,8,13,0,10,0,10,0,10,0,10,11,17,38,55,0,10,32,28,34,50,12,18,54,34,82,44,49,26,59,46,121,51
1500000US270370607293,Block Group 3; Census Tract 607.29; Dakota County; Minnesota,332,72,0,10,0,10,0,10,0,10,0,10,0,10,9,14,0,10,0,10,0,10,8,12,10,16,76,45,42,35,80,46,107,46
1500000US270370607311,Block Group 1; Census Tract 607.31; Dakota County; Minnesota,403,81,0,10,0,10,10,16,0,10,17,19,0,10,0,10,0,10,0,10,0,10,31,31,14,17,63,45,50,42,118,56,100,52
1500000US270370607312,Block Group 2; Census Tract 607.31; Dakota County; Minnesota,491,134,27,42,14,18,0,10,21,22,0,10,0,10,0,10,0,10,0,10,16,17,17,20,29,27,75,60,79,43,98,60,115,94
1500000US270370607313,Block Group 3; Census Tract 607.31; Dakota County; Minnesota,495,242,8,12,0,10,0,10,0,10,0,10,0,10,0,10,0,10,10,15,16,17,24,24,92,71,37,36,159,223,63,44,86,46
1500000US270370607314,Block Group 4; Census Tract 607.31; Dakota County; Minnesota,491,110,11,16,0,10,0,10,10,16,0,10,9,16,0,10,0,10,0,10,0,10,8,13,24,22,27,26,18,20,126,80,258,78
1500000US270370607321,Block Group 1; Census Tract 607.32; Dakota County; Minnesota,402,72,0,10,0,10,0,10,0,10,8,14,8,13,0,10,7,11,0,10,0,10,35,29,21,23,18,22,87,55,56,31,162,59
1500000US270370607322,Block Group 2; Census Tract 607.32; Dakota County; Minnesota,442,107,10,15,0,10,0,10,0,10,0,10,0,10,0,10,0,10,10,17,0,10,21,23,14,16,40,57,45,37,66,46,236,80
1500000US270370607323,Block Group 3; Census Tract 607.32; Dakota County; Minnesota,239,62,10,15,0,10,0,10,0,10,9,15,0,10,17,20,0,10,0,10,6,9,0,10,33,26,35,31,25,25,30,29,74,39
1500000US270370607324,Block Group 4; Census Tract 607.32; Dakota County; Minnesota,632,143,0,10,9,13,0,10,0,10,0,10,0,10,38,53,16,18,15,25,19,21,15,21,67,36,50,38,116,70,133,113,154,68
1500000US270370607331,Block Group 1; Census Tract 607.33; Dakota County; Minnesota,582,154,104,110,0,10,0,10,6,9,0,10,45,70,0,10,18,20,10,18,6,9,48,41,85,50,61,48,77,71,38,29,84,58
1500000US270370607332,Block Group 2; Census Tract 607.33; Dakota County; Minnesota,736,179,11,17,0,10,0,10,10,15,0,10,0,10,0,10,93,113,10,16,23,21,96,117,47,31,155,93,64,41,162,71,65,37
1500000US270370607333,Block Group 3; Census Tract 607.33; Dakota County; Minnesota,477,126,32,43,0,10,9,14,15,28,9,16,9,14,27,29,23,25,0,10,8,13,39,32,66,61,33,27,77,65,95,80,35,36
1500000US270370607341,Block Group 1; Census Tract 607.34; Dakota County; Minnesota,510,109,0,10,18,13,8,12,8,12,32,33,9,14,16,19,0,10,24,22,32,39,68,36,68,69,8,15,71,42,58,45,90,63
1500000US270370607342,Block Group 2; Census Tract 607.34; Dakota County; Minnesota,280,73,0,10,0,10,0,10,7,11,19,28,0,10,0,10,19,20,0,10,24,39,9,14,47,38,43,27,4,7,65,39,43,32
1500000US270370607343,Block Group 3; Census Tract 607.34; Dakota County; Minnesota,629,108,8,12,15,22,0,10,0,10,8,12,0,10,0,10,7,13,53,73,0,10,27,24,78,49,45,38,88,54,99,48,201,61
1500000US270370607344,Block Group 4; Census Tract 607.34; Dakota County; Minnesota,406,238,0,10,0,10,0,10,0,10,0,10,0,10,10,17,0,10,0,10,9,14,34,29,8,13,39,34,41,19,41,38,224,231
1500000US270370607351,Block Group 1; Census Tract 607.35; Dakota County; Minnesota,815,273,122,205,26,41,13,21,14,22,0,10,14,25,24,29,84,79,101,86,0,10,107,85,170,113,88,68,20,33,32,48,0,10
1500000US270370607352,Block Group 2; Census Tract 607.35; Dakota County; Minnesota,500,151,15,25,0,10,0,10,0,10,0,10,23,29,0,10,0,10,0,10,38,47,24,38,198,157,74,63,76,90,36,46,16,30
1500000US270370607353,Block Group 3; Census Tract 607.35; Dakota County; Minnesota,347,117,35,39,0,10,0,10,0,10,0,10,0,10,0,10,0,10,5,12,27,42,26,33,8,14,93,65,76,67,10,20,67,69
1500000US270370607354,Block Group 4; Census Tract 607.35; Dakota County; Minnesota,479,178,63,93,0,10,0,10,0,10,87,101,0,10,14,23,0,10,0,10,65,64,44,52,103,58,61,61,0,10,27,34,15,26
1500000US270370607371,Block Group 1; Census Tract 607.37; Dakota County; Minnesota,1130,224,18,30,23,26,17,28,21,36,44,41,0,10,0,10,64,56,62,59,79,87,89,70,198,121,110,96,223,121,158,83,24,39
1500000US270370607372,Block Group 2; Census Tract 607.37; Dakota County; Minnesota,511,235,0,10,0,10,15,25,0,10,24,38,0,10,21,33,98,97,16,26,26,41,13,26,63,55,175,199,5,16,36,58,19,29
1500000US270370607373,Block Group 3; Census Tract 607.37; Dakota County; Minnesota,813,186,60,52,16,27,12,21,0,10,131,93,141,128,8,14,0,10,108,117,48,61,149,104,24,39,73,66,43,38,0,10,0,10
1500000US270370607381,Block Group 1; Census Tract 607.38; Dakota County; Minnesota,812,147,23,26,0,10,0,10,9,15,0,10,70,71,12,20,17,19,0,10,10,15,88,58,73,47,45,38,203,95,165,121,97,66
1500000US270370607382,Block Group 2; Census Tract 607.38; Dakota County; Minnesota,663,122,32,47,0,10,0,10,21,28,25,22,0,10,33,37,11,18,24,27,66,72,63,45,124,57,103,72,56,44,43,37,62,39
1500000US270370607391,Block Group 1; Census Tract 607.39; Dakota County; Minnesota,547,185,0,10,0,10,0,10,0,10,0,10,0,10,38,59,34,47,0,10,15,20,48,50,66,40,135,113,63,59,61,42,87,81
1500000US270370607392,Block Group 2; Census Tract 607.39; Dakota County; Minnesota,0,10,0,10,0,10,0,10,0,10,0,10,0,10,0,10,0,10,0,10,0,10,0,10,0,10,0,10,0,10,0,10,0,10
1500000US270370607393,Block Group 3; Census Tract 607.39; Dakota County; Minnesota,359,155,0,10,0,10,0,10,0,10,79,101,26,41,0,10,8,14,0,10,9,17,136,122,0,10,85,105,0,10,0,10,16,27
1500000US270370607394,Block Group 4; Census Tract 607.39; Dakota County; Minnesota,545,133,0,10,0,10,0,10,0,10,42,48,30,47,66,73,0,10,0,10,0,10,18,21,45,43,42,44,52,46,100,75,150,93
1500000US270370607395,Block Group 5; Census Tract 607.39; Dakota County; Minnesota,720,223,0,10,14,22,30,51,56,88,0,10,8,12,0,10,33,34,38,42,106,144,33,39,38,48,218,143,17,20,40,45,89,72
1500000US270370607421,Block Group 1; Census Tract 607.42; Dakota County; Minnesota,514,86,0,10,0,10,0,10,11,16,0,10,0,10,0,10,0,10,9,14,11,17,43,37,67,54,64,36,57,38,123,50,129,74
1500000US270370607422,Block Group 2; Census Tract 607.42; Dakota County; Minnesota,323,72,0,10,0,10,0,10,0,10,14,22,0,10,0,10,33,49,0,10,19,21,20,24,24,25,41,30,30,25,68,40,74,40
1500000US270370607423,Block Group 3; Census Tract 607.42; Dakota County; Minnesota,522,152,11,17,27,41,0,10,0,10,11,18,0,10,0,10,88,140,9,13,8,13,31,26,37,28,59,36,88,45,86,45,67,40
1500000US270370607431,Block Group 1; Census Tract 607.43; Dakota County; Minnesota,648,135,5,7,0,10,51,25,4,6,6,9,0,10,49,40,6,11,3,5,80,48,64,43,66,40,60,83,22,26,152,114,80,35
1500000US270370607441,Block Group 1; Census Tract 607.44; Dakota County; Minnesota,560,57,0,10,6,9,0,10,7,10,7,10,5,8,5,8,0,10,6,9,25,17,5,7,39,32,67,39,43,28,112,44,233,47
1500000US270370607451,Block Group 1; Census Tract 607.45; Dakota County; Minnesota,712,212,29,39,8,13,0,10,0,10,14,21,0,10,47,60,8,13,0,10,8,13,98,84,73,48,206,203,76,53,87,49,58,39
1500000US270370607452,Block Group 2; Census Tract 607.45; Dakota County; Minnesota,606,118,12,20,0,10,0,10,11,19,0,10,58,52,28,33,49,60,0,10,28,34,126,73,87,57,172,113,0,10,35,29,0,10
1500000US270370607453,Block Group 3; Census Tract 607.45; Dakota County; Minnesota,108,60,21,31,7,12,0,10,27,32,26,31,0,10,0,10,0,10,18,29,0,10,0,10,0,10,9,14,0,10,0,10,0,10
1500000US270370607454,Block Group 4; Census Tract 607.45; Dakota County; Minnesota,0,10,0,10,0,10,0,10,0,10,0,10,0,10,0,10,0,10,0,10,0,10,0,10,0,10,0,10,0,10,0,10,0,10
1500000US270370607455,Block Group 5; Census Tract 607.45; Dakota County; Minnesota,0,10,0,10,0,10,0,10,0,10,0,10,0,10,0,10,0,10,0,10,0,10,0,10,0,10,0,10,0,10,0,10,0,10
1500000US270370607456,Block Group 6; Census Tract 607.45; Dakota County; Minnesota,305,67,0,10,0,10,12,20,12,18,0,10,0,10,0,10,0,10,0,10,24,27,18,22,22,22,17,25,41,35,50,45,109,46
1500000US270370607461,Block Group 1; Census Tract 607.46; Dakota County; Minnesota,547,138,8,12,21,33,5,12,94,128,0,10,57,55,7,11,22,19,0,10,31,32,21,21,80,62,101,76,29,30,53,59,18,24
1500000US270370607462,Block Group 2; Census Tract 607.46; Dakota County; Minnesota,938,139,45,39,5,9,0,10,84,93,18,20,29,29,54,51,0,10,36,59,79,44,20,19,56,30,116,70,78,51,157,73,161,110
1500000US270370607471,Block Group 1; Census Tract 607.47; Dakota County; Minnesota,709,179,0,10,6,11,0,10,13,21,83,98,57,74,0,10,38,34,0,10,37,42,143,120,58,40,85,47,97,74,34,33,58,38
1500000US270370607472,Block Group 2; Census Tract 607.47; Dakota County; Minnesota,978,221,33,37,14,21,0,10,11,18,32,31,33,45,0,10,177,123,23,31,19,29,43,29,115,67,213,158,44,35,113,93,108,103
1500000US270370607481,Block Group 1; Census Tract 607.48; Dakota County; Minnesota,413,105,59,75,13,22,0,10,9,14,16,19,0,10,78,94,29,26,19,30,76,61,16,21,73,55,12,22,0,10,13,20,0,10
1500000US270370607482,Block Group 2; Census Tract 607.48; Dakota County; Minnesota,365,80,0,10,0,10,0,10,0,10,10,15,0,10,0,10,24,28,6,12,10,14,67,66,21,25,76,50,32,28,43,39,76,51
1500000US270370607483,Block Group 3; Census Tract 607.48; Dakota County; Minnesota,0,10,0,10,0,10,0,10,0,10,0,10,0,10,0,10,0,10,0,10,0,10,0,10,0,10,0,10,0,10,0,10,0,10
1500000US270370607484,Block Group 4; Census Tract 607.48; Dakota County; Minnesota,682,196,16,33,10,16,18,20,22,30,0,10,35,44,0,10,8,14,15,18,62,61,131,77,143,156,73,41,43,43,41,32,65,55
1500000US270370607491,Block Group 1; Census Tract 607.49; Dakota County; Minnesota,814,77,0,10,8,13,21,24,39,30,12,19,13,12,16,13,37,24,65,41,40,29,119,47,146,49,114,49,38,27,73,62,73,32
1500000US270370607501,Block Group 1; Census Tract 607.50; Dakota County; Minnesota,951,209,13,24,53,69,24,39,111,109,26,29,56,60,79,78,79,94,0,10,0,10,120,78,200,157,107,91,36,50,25,34,22,27
1500000US270370607502,Block Group 2; Census Tract 607.50; Dakota County; Minnesota,253,130,0,10,0,10,0,10,22,33,0,10,0,10,0,10,0,10,8,13,0,10,7,15,0,10,52,70,51,51,59,65,54,53
1500000US270370607503,Block Group 3; Census Tract 607.50; Dakota County; Minnesota,844,213,22,26,0,10,0,10,53,77,63,69,14,22,0,10,58,60,0,10,207,141,81,54,94,57,14,24,62,61,156,153,20,23
1500000US270370607511,Block Group 1; Census Tract 607.51; Dakota County; Minnesota,260,95,0,10,0,10,0,10,0,10,0,10,0,10,0,10,6,9,0,10,0,10,0,10,0,10,24,18,21,24,11,11,198,91
1500000US270370607512,Block Group 2; Census Tract 607.51; Dakota County; Minnesota,678,108,47,33,0,10,0,10,0,10,0,10,20,23,27,34,46,54,13,22,35,23,43,35,75,44,69,35,30,24,91,42,182,93
1500000US270370607521,Block Group 1; Census Tract 607.52; Dakota County; Minnesota,353,87,0,10,0,10,0,10,0,10,0,10,0,10,0,10,5,10,0,10,0,10,26,26,34,40,22,25,0,10,65,49,201,84
1500000US270370607522,Block Group 2; Census Tract 607.52; Dakota County; Minnesota,238,67,0,10,0,10,0,10,0,10,0,10,0,10,0,10,0,10,0,10,0,10,22,27,7,13,9,13,11,17,85,57,104,55
1500000US270370607523,Block Group 3; Census Tract 607.52; Dakota County; Minnesota,526,161,0,10,0,10,0,10,0,10,0,10,0,10,0,10,0,10,27,28,0,10,0,10,32,32,0,10,38,61,210,154,219,62
1500000US270370607531,Block Group 1; Census Tract 607.53; Dakota County; Minnesota,1031,209,0,10,25,32,108,102,26,39,60,66,20,32,64,52,53,80,0,10,18,31,112,86,210,146,183,123,72,49,0,10,80,60
1500000US270370607532,Block Group 2; Census Tract 607.53; Dakota County; Minnesota,258,117,0,10,0,10,7,12,0,10,0,10,0,10,0,10,0,10,0,10,39,63,44,45,0,10,42,48,75,102,7,14,44,41
1500000US270370607541,Block Group 1; Census Tract 607.54; Dakota County; Minnesota,247,87,0,10,0,10,0,10,0,10,0,10,24,27,10,16,11,17,0,10,0,10,29,36,71,70,55,32,9,16,33,33,5,10
1500000US270370607542,Block Group 2; Census Tract 607.54; Dakota County; Minnesota,624,187,0,10,0,10,0,10,39,61,19,28,50,52,25,28,33,56,14,20,194,161,86,66,23,24,49,44,33,31,59,47,0,10
1500000US270370607543,Block Group 3; Census Tract 607.54; Dakota County; Minnesota,809,179,0,10,0,10,0,10,0,10,0,10,0,10,26,42,61,67,13,21,36,44,53,55,183,103,46,47,141,92,55,36,195,105
1500000US270370607544,Block Group 4; Census Tract 607.54; Dakota County; Minnesota,239,87,0,10,0,10,0,10,0,10,0,10,10,16,0,10,12,19,26,31,0,10,11,19,107,77,49,44,21,35,0,10,3,6
1500000US270370608051,Block Group 1; Census Tract 608.05; Dakota County; Minnesota,435,93,24,38,0,10,42,41,0,10,0,10,16,24,16,27,8,14,20,30,14,25,87,76,28,33,76,59,12,19,43,52,49,47
1500000US270370608052,Block Group 2; Census Tract 608.05; Dakota County; Minnesota,345,99,65,74,0,10,0,10,0,10,0,10,0,10,22,34,0,10,0,10,39,41,91,76,54,62,34,50,40,52,0,10,0,10
1500000US270370608053,Block Group 3; Census Tract 608.05; Dakota County; Minnesota,468,119,0,10,63,97,0,10,20,32,20,30,0,10,0,10,110,98,11,31,50,47,0,10,44,50,49,48,46,37,24,26,31,25
1500000US270370608061,Block Group 1; Census Tract 608.06; Dakota County; Minnesota,549,126,0,10,17,28,0,10,0,10,0,10,0,10,20,31,0,10,41,45,30,38,11,17,133,97,50,46,20,31,118,83,109,72
1500000US270370608062,Block Group 2; Census Tract 608.06; Dakota County; Minnesota,458,114,22,37,0,10,0,10,19,31,0,10,0,10,0,10,0,10,38,47,0,10,21,33,30,35,73,69,77,56,36,39,142,95
1500000US270370608063,Block Group 3; Census Tract 608.06; Dakota County; Minnesota,486,106,28,42,0,10,0,10,16,25,0,10,36,41,18,28,0,10,16,27,43,34,38,46,142,82,83,71,34,38,0,10,32,35
1500000US270370608064,Block Group 4; Census Tract 608.06; Dakota County; Minnesota,532,122,0,10,0,10,0,10,13,20,10,16,0,10,0,10,0,10,0,10,0,10,22,34,48,43,10,18,121,71,131,92,177,74
1500000US270370608111,Block Group 1; Census Tract 608.11; Dakota County; Minnesota,497,135,0,10,0,10,0,10,20,32,0,10,20,33,0,10,16,26,53,62,65,87,13,22,27,43,110,86,26,32,57,41,90,50
1500000US270370608112,Block Group 2; Census Tract 608.11; Dakota County; Minnesota,426,142,15,24,30,35,0,10,55,89,18,29,16,25,0,10,0,10,0,10,0,10,14,23,64,43,83,76,88,82,26,29,17,28
1500000US270370608113,Block Group 3; Census Tract 608.11; Dakota County; Minnesota,0,10,0,10,0,10,0,10,0,10,0,10,0,10,0,10,0,10,0,10,0,10,0,10,0,10,0,10,0,10,0,10,0,10
1500000US270370608114,Block Group 4; Census Tract 608.11; Dakota County; Minnesota,729,162,57,65,27,44,0,10,23,38,76,69,0,10,36,41,25,37,47,55,148,115,50,55,111,69,19,33,33,37,14,22,63,53
1500000US270370608115,Block Group 5; Census Tract 608.11; Dakota County; Minnesota,390,97,0,10,0,10,21,33,0,10,0,10,0,10,26,39,0,10,0,10,43,42,22,35,67,57,15,26,49,45,128,90,19,22
1500000US270370608121,Block Group 1; Census Tract 608.12; Dakota County; Minnesota,546,230,0,10,0,10,0,10,0,10,0,10,0,10,19,31,0,10,0,10,0,10,61,64,95,116,40,42,29,35,83,75,219,167
1500000US270370608122,Block Group 2; Census Tract 608.12; Dakota County; Minnesota,528,200,0,10,0,10,0,10,19,33,0,10,0,10,0,10,34,32,16,29,0,10,45,41,130,153,46,44,130,114,32,35,76,63
1500000US270370608123,Block Group 3; Census Tract 608.12; Dakota County; Minnesota,507,212,0,10,37,44,9,19,100,114,0,10,13,20,0,10,0,10,0,10,77,92,30,29,230,156,0,10,0,10,0,10,11,20
1500000US270370608124,Block Group 4; Census Tract 608.12; Dakota County; Minnesota,742,159,16,26,0,10,0,10,14,22,14,22,0,10,108,113,86,79,0,10,19,27,28,31,98,62,50,34,36,36,126,113,147,99
1500000US270370608131,Block Group 1; Census Tract 608.13; Dakota County; Minnesota,741,125,8,15,0,10,0,10,23,36,0,10,8,13,5,10,17,21,8,12,30,24,97,49,69,60,86,55,39,32,155,76,196,77
1500000US270370608132,Block Group 2; Census Tract 608.13; Dakota County; Minnesota,518,130,16,26,0,10,0,10,0,10,30,46,0,10,0,10,21,31,0,10,20,22,9,16,18,20,37,30,37,32,108,65,222,116
1500000US270370608133,Block Group 3; Census Tract 608.13; Dakota County; Minnesota,797,240,43,64,0,10,56,73,0,10,7,13,0,10,8,13,57,85,19,21,0,10,73,48,174,168,47,38,105,70,81,52,127,52
1500000US270370608141,Block Group 1; Census Tract 608.14; Dakota County; Minnesota,522,141,0,10,0,10,0,10,16,27,31,37,0,10,8,14,35,39,0,10,37,40,28,33,57,54,67,73,121,83,79,62,43,42
1500000US270370608142,Block Group 2; Census Tract 608.14; Dakota County; Minnesota,284,89,0,10,0,10,0,10,0,10,0,10,0,10,15,24,0,10,0,10,0,10,32,37,46,36,14,23,46,45,36,43,95,58
1500000US270370608143,Block Group 3; Census Tract 608.14; Dakota County; Minnesota,218,87,0,10,0,10,0,10,0,10,0,10,0,10,0,10,0,10,0,10,0,10,16,25,21,35,76,56,0,10,17,20,88,78
1500000US270370608144,Block Group 4; Census Tract 608.14; Dakota County; Minnesota,450,138,0,10,0,10,0,10,0,10,0,10,34,42,0,10,0,10,0,10,40,62,29,36,13,20,83,59,77,49,90,97,84,63
1500000US270370608145,Block Group 5; Census Tract 608.14; Dakota County; Minnesota,391,97,0,10,37,47,0,10,0,10,0,10,0,10,43,45,0,10,17,28,0,10,74,60,36,47,61,46,49,48,14,26,60,48
1500000US270370608151,Block Group 1; Census Tract 608.15; Dakota County; Minnesota,906,144,0,10,11,17,9,14,0,10,0,10,0,10,18,22,14,21,0,10,53,40,86,60,50,38,105,81,65,42,143,86,352,121
1500000US270370608152,Block Group 2; Census Tract 608.15; Dakota County; Minnesota,535,127,56,45,0,10,12,19,39,41,0,10,23,28,0,10,0,10,47,54,0,10,57,62,107,69,94,102,54,44,16,21,30,24
1500000US270370608153,Block Group 3; Census Tract 608.15; Dakota County; Minnesota,649,188,11,18,0,10,0,10,0,10,0,10,0,10,0,10,0,10,47,44,89,128,103,105,54,33,34,29,67,57,80,55,164,53
1500000US270370608161,Block Group 1; Census Tract 608.16; Dakota County; Minnesota,764,216,0,10,0,10,0,10,52,85,0,10,0,10,0,10,14,23,18,27,0,10,0,10,0,10,71,68,39,66,203,95,367,182
1500000US270370608162,Block Group 2; Census Tract 608.16; Dakota County; Minnesota,374,112,0,10,0,10,0,10,0,10,0,10,17,27,0,10,0,10,0,10,16,25,0,10,69,66,18,28,42,43,103,83,109,53
1500000US270370608163,Block Group 3; Census Tract 608.16; Dakota County; Minnesota,487,113,0,10,17,26,0,10,0,10,0,10,0,10,0,10,0,10,24,38,0,10,0,10,0,10,0,10,51,57,7,13,388,105
1500000US270370608164,Block Group 4; Census Tract 608.16; Dakota County; Minnesota,625,228,0,10,0,10,0,10,0,10,0,10,0,10,0,10,0,10,0,10,0,10,0,10,51,52,216,200,31,37,116,86,211,105
1500000US270370608191,Block Group 1; Census Tract 608.19; Dakota County; Minnesota,576,133,16,25,0,10,13,22,0,10,0,10,0,10,0,10,0,10,27,43,0,10,48,45,55,63,101,88,60,48,122,92,134,71
1500000US270370608192,Block Group 2; Census Tract 608.19; Dakota County; Minnesota,785,311,66,92,0,10,0,10,0,10,0,10,17,27,12,19,0,10,0,10,0,10,17,26,226,228,203,161,26,44,67,55,151,89
1500000US270370608193,Block Group 3; Census Tract 608.19; Dakota County; Minnesota,299,119,0,10,0,10,0,10,0,10,0,10,0,10,0,10,0,10,9,13,18,29,12,20,0,10,41,47,25,41,30,34,164,121
1500000US270370608194,Block Group 4; Census Tract 608.19; Dakota County; Minnesota,755,140,0,10,0,10,33,53,0,10,0,10,0,10,14,28,0,10,0,10,17,26,37,45,123,67,106,79,100,82,133,79,192,89
1500000US270370608221,Block Group 1; Census Tract 608.22; Dakota County; Minnesota,626,111,18,22,7,10,0,10,0,10,3,4,0,10,12,13,0,10,13,13,21,17,61,38,39,22,105,64,105,87,162,60,80,36
1500000US270370608231,Block Group 1; Census Tract 608.23; Dakota County; Minnesota,445,124,0,10,0,10,5,10,8,12,0,10,11,17,0,10,11,16,15,13,41,44,69,93,39,27,70,44,51,34,55,42,70,39
1500000US270370608232,Block Group 2; Census Tract 608.23; Dakota County; Minnesota,373,77,23,31,0,10,0,10,10,15,0,10,0,10,0,10,0,10,0,10,16,20,0,10,16,20,16,17,34,28,132,58,126,80
1500000US270370608233,Block Group 3; Census Tract 608.23; Dakota County; Minnesota,822,165,36,33,0,10,21,32,14,20,12,19,18,20,11,19,0,10,10,18,0,10,88,47,187,72,72,42,116,70,103,120,134,72
1500000US270370608241,Block Group 1; Census Tract 608.24; Dakota County; Minnesota,672,113,0,10,7,11,0,10,15,17,9,13,15,17,0,10,0,10,0,10,14,16,62,45,86,51,55,34,79,44,139,73,191,72
1500000US270370608242,Block Group 2; Census Tract 608.24; Dakota County; Minnesota,675,145,14,15,13,15,22,19,54,43,54,45,15,18,21,17,22,21,52,45,40,39,94,106,67,44,41,30,59,32,76,50,31,29
1500000US270370608281,Block Group 1; Census Tract 608.28; Dakota County; Minnesota,0,10,0,10,0,10,0,10,0,10,0,10,0,10,0,10,0,10,0,10,0,10,0,10,0,10,0,10,0,10,0,10,0,10
1500000US270370608282,Block Group 2; Census Tract 608.28; Dakota County; Minnesota,544,174,47,48,8,13,0,10,0,10,26,46,19,35,0,10,50,40,0,10,13,24,59,55,189,143,61,59,72,69,0,10,0,10
1500000US270370608283,Block Group 3; Census Tract 608.28; Dakota County; Minnesota,442,139,0,10,0,10,10,17,12,20,0,10,0,10,0,10,0,10,0,10,30,43,131,90,43,48,73,56,41,43,45,72,57,39
1500000US270370608284,Block Group 4; Census Tract 608.28; Dakota County; Minnesota,276,154,0,10,0,10,0,10,0,10,0,10,18,22,0,10,0,10,0,10,0,10,0,10,14,21,35,43,43,50,40,42,126,125
1500000US270370608285,Block Group 5; Census Tract 608.28; Dakota County; Minnesota,1297,203,144,128,19,32,0,10,45,50,13,21,0,10,141,107,59,57,0,10,148,98,159,90,275,142,180,129,45,44,24,32,45,52
1500000US270370608291,Block Group 1; Census Tract 608.29; Dakota County; Minnesota,1094,165,30,35,16,25,0,10,74,92,44,46,17,26,53,42,42,44,36,30,131,71,172,111,93,56,108,66,40,27,188,157,50,44
1500000US270370608292,Block Group 2; Census Tract 608.29; Dakota County; Minnesota,638,128,0,10,0,10,0,10,25,24,2,7,11,18,12,19,14,22,45,48,25,33,87,106,69,45,62,51,86,59,105,66,95,55
1500000US270370608301,Block Group 1; Census Tract 608.30; Dakota County; Minnesota,568,94,15,24,0,10,0,10,10,16,16,25,14,22,0,10,29,38,25,39,11,19,65,55,103,63,82,65,103,70,73,41,22,28
1500000US270370608302,Block Group 2; Census Tract 608.30; Dakota County; Minnesota,225,63,0,10,0,10,0,10,10,17,22,26,0,10,0,10,13,20,16,26,40,51,14,23,12,19,15,18,65,47,18,28,0,10
1500000US270370608303,Block Group 3; Census Tract 608.30; Dakota County; Minnesota,461,87,14,19,0,10,21,24,0,10,0,10,0,10,0,10,40,40,13,19,27,30,28,31,59,49,50,52,64,50,74,43,71,43
1500000US270370608311,Block Group 1; Census Tract 608.31; Dakota County; Minnesota,825,179,0,10,0,10,0,10,0,10,0,10,0,10,6,10,20,30,0,10,20,33,18,29,46,54,0,10,97,71,208,122,410,144
1500000US270370608312,Block Group 2; Census Tract 608.31; Dakota County; Minnesota,1042,195,56,89,33,51,0,10,0,10,0,10,0,10,20,31,0,10,18,28,20,34,18,29,112,75,95,78,97,62,209,101,364,132
1500000US270370608313,Block Group 3; Census Tract 608.31; Dakota County; Minnesota,639,224,0,10,0,10,0,10,14,22,0,10,0,10,0,10,0,10,0,10,0,10,32,37,53,49,49,53,134,90,148,97,209,192
1500000US270370608321,Block Group 1; Census Tract 608.32; Dakota County; Minnesota,293,77,0,10,0,10,0,10,0,10,0,10,0,10,0,10,0,10,6,11,0,10,0,10,43,45,20,25,82,66,61,47,81,55
1500000US270370608322,Block Group 2; Census Tract 608.32; Dakota County; Minnesota,695,186,0,10,0,10,0,10,0,10,22,34,0,10,0,10,0,10,39,50,44,41,94,71,58,40,89,70,21,32,102,54,226,182
1500000US270370608323,Block Group 3; Census Tract 608.32; Dakota County; Minnesota,232,95,0,10,0,10,0,10,16,25,0,10,0,10,0,10,14,24,0,10,0,10,14,23,0,10,0,10,21,24,53,61,114,63
1500000US270370608324,Block Group 4; Census Tract 608.32; Dakota County; Minnesota,909,212,23,32,0,10,0,10,88,81,0,10,35,38,0,10,35,38,45,50,27,29,51,52,86,69,172,149,79,52,68,52,200,119
1500000US270370608331,Block Group 1; Census Tract 608.33; Dakota County; Minnesota,1552,206,37,54,0,10,24,38,0,10,34,44,39,57,0,10,12,19,31,30,28,25,226,166,98,60,116,76,164,99,222,101,521,159
1500000US270370608332,Block Group 2; Census Tract 608.33; Dakota County; Minnesota,584,132,0,10,0,10,0,10,0,10,0,10,0,10,23,25,0,10,12,19,7,13,29,28,97,103,28,26,139,67,78,55,171,63
1500000US270370608341,Block Group 1; Census Tract 608.34; Dakota County; Minnesota,411,73,0,10,16,25,6,10,0,10,0,10,22,24,12,20,0,10,0,10,12,13,34,35,20,21,36,26,36,34,114,52,103,45
1500000US270370608342,Block Group 2; Census Tract 608.34; Dakota County; Minnesota,602,115,18,29,0,10,0,10,0,10,0,10,6,10,0,10,0,10,10,12,13,15,38,43,66,35,52,32,33,30,146,75,220,76
1500000US270370608351,Block Group 1; Census Tract 608.35; Dakota County; Minnesota,515,126,0,10,0,10,0,10,0,10,0,10,0,10,12,18,36,58,24,34,12,19,17,26,120,65,44,35,9,14,159,94,82,52
1500000US270370608352,Block Group 2; Census Tract 608.35; Dakota County; Minnesota,734,161,11,17,14,21,0,10,0,10,0,10,0,10,17,26,0,10,0,10,33,47,13,21,84,49,71,47,139,131,151,87,201,87
1500000US270370608353,Block Group 3; Census Tract 608.35; Dakota County; Minnesota,597,99,0,10,0,10,10,15,10,17,12,18,0,10,0,10,15,22,11,18,20,26,9,14,93,65,81,71,26,26,75,42,235,87
1500000US270370608361,Block Group 1; Census Tract 608.36; Dakota County; Minnesota,0,10,0,10,0,10,0,10,0,10,0,10,0,10,0,10,0,10,0,10,0,10,0,10,0,10,0,10,0,10,0,10,0,10
1500000US270370608362,Block Group 2; Census Tract 608.36; Dakota County; Minnesota,872,224,41,52,44,67,25,39,41,49,13,23,38,61,0,10,41,42,31,37,1,6,193,203,55,46,147,90,37,34,33,34,132,86
1500000US270370608363,Block Group 3; Census Tract 608.36; Dakota County; Minnesota,0,10,0,10,0,10,0,10,0,10,0,10,0,10,0,10,0,10,0,10,0,10,0,10,0,10,0,10,0,10,0,10,0,10
1500000US270370608364,Block Group 4; Census Tract 608.36; Dakota County; Minnesota,443,182,0,10,0,10,7,11,0,10,0,10,62,70,0,10,0,10,0,10,2,7,69,67,7,13,61,47,11,18,167,142,57,45
1500000US270370608365,Block Group 5; Census Tract 608.36; Dakota County; Minnesota,881,164,11,18,0,10,0,10,34,49,11,16,38,43,0,10,0,10,6,10,0,10,38,41,145,81,146,101,55,60,169,89,228,91
1500000US270370608371,Block Group 1; Census Tract 608.37; Dakota County; Minnesota,541,162,0,10,0,10,30,43,0,10,16,26,71,63,0,10,0,10,35,50,66,74,31,37,35,41,79,57,18,29,113,112,47,42
1500000US270370608372,Block Group 2; Census Tract 608.37; Dakota County; Minnesota,1388,221,35,42,15,26,0,10,0,10,115,135,0,10,0,10,42,50,0,10,0,10,48,44,99,60,194,104,105,66,247,107,488,197
1500000US270370608381,Block Group 1; Census Tract 608.38; Dakota County; Minnesota,585,161,0,10,0,10,0,10,0,10,0,10,9,16,0,10,19,31,12,18,30,25,49,32,81,54,159,121,74,54,48,36,104,96
1500000US270370608382,Block Group 2; Census Tract 608.38; Dakota County; Minnesota,672,143,0,10,0,10,0,10,0,10,54,58,0,10,33,52,0,10,29,33,87,73,100,77,198,78,18,21,125,61,15,22,13,20
1500000US270370608383,Block Group 3; Census Tract 608.38; Dakota County; Minnesota,545,133,0,10,0,10,0,10,26,35,15,26,84,104,5,8,0,10,9,14,62,59,21,25,49,45,73,60,46,43,132,62,23,25
1500000US270370608391,Block Group 1; Census Tract 608.39; Dakota County; Minnesota,563,107,0,10,0,10,14,21,0,10,30,42,0,10,0,10,0,10,0,10,25,29,21,19,29,27,66,47,37,42,123,68,218,80
1500000US270370608392,Block Group 2; Census Tract 608.39; Dakota County; Minnesota,509,97,0,10,0,10,0,10,0,10,0,10,17,19,0,10,0,10,12,20,32,32,13,16,55,36,75,60,27,25,110,66,168,76
1500000US270370608393,Block Group 3; Census Tract 608.39; Dakota County; Minnesota,632,103,0,10,11,19,0,10,38,34,33,52,0,10,25,30,38,47,25,29,0,10,59,45,107,67,51,49,84,70,44,36,117,54
1500000US270370608401,Block Group 1; Census Tract 608.40; Dakota County; Minnesota,649,139,10,15,0,10,21,29,5,9,15,17,5,9,29,40,0,10,0,10,11,13,61,53,152,115,86,57,59,42,94,87,101,54
1500000US270370608402,Block Group 2; Census Tract 608.40; Dakota County; Minnesota,400,97,0,10,0,10,0,10,0,10,0,10,0,10,5,10,0,10,0,10,0,10,35,42,118,48,24,38,47,35,82,54,89,58
1500000US270370608403,Block Group 3; Census Tract 608.40; Dakota County; Minnesota,239,114,0,10,0,10,0,10,0,10,0,10,0,10,0,10,0,10,0,10,0,10,11,18,6,10,0,10,0,10,157,114,65,42
1500000US270370608411,Block Group 1; Census Tract 608.41; Dakota County; Minnesota,379,118,13,19,0,10,0,10,0,10,0,10,31,50,11,18,9,15,0,10,75,80,43,52,71,61,43,34,10,15,51,34,22,25
1500000US270370608412,Block Group 2; Census Tract 608.41; Dakota County; Minnesota,379,125,39,37,16,25,59,92,0,10,0,10,0,10,23,25,9,14,13,21,9,15,77,66,37,32,36,34,25,21,19,30,17,20
1500000US270370608413,Block Group 3; Census Tract 608.41; Dakota County; Minnesota,533,119,0,10,0,10,0,10,32,44,0,10,0,10,0,10,0,10,25,39,31,29,27,31,19,21,88,85,0,10,80,49,231,95
1500000US270370609021,Block Group 1; Census Tract 609.02; Dakota County; Minnesota,691,105,23,26,8,11,12,19,10,16,0,10,35,50,10,16,12,19,0,10,46,53,25,15,71,43,108,59,41,35,124,62,166,78
1500000US270370609022,Block Group 2; Census Tract 609.02; Dakota County; Minnesota,421,87,0,10,11,17,0,10,0,10,23,26,10,17,0,10,12,18,20,23,13,22,8,12,108,71,45,32,63,48,53,37,55,31
1500000US270370609023,Block Group 3; Census Tract 609.02; Dakota County; Minnesota,620,99,0,10,13,21,0,10,0,10,72,74,9,15,0,10,10,17,16,24,37,36,18,21,88,56,99,66,74,42,52,35,132,73
1500000US270370609041,Block Group 1; Census Tract 609.04; Dakota County; Minnesota,306,108,20,22,0,10,0,10,28,52,0,10,0,10,30,32,1,14,29,30,29,34,10,15,15,16,39,44,76,76,5,8,24,24
1500000US270370609042,Block Group 2; Census Tract 609.04; Dakota County; Minnesota,587,191,18,20,11,17,14,31,0,10,29,26,17,20,10,17,0,10,96,121,121,139,17,21,93,60,58,56,24,27,44,44,35,32
1500000US270370609043,Block Group 3; Census Tract 609.04; Dakota County; Minnesota,330,109,31,37,9,14,11,20,0,10,52,70,3,6,10,17,12,19,17,19,7,12,73,66,33,29,24,30,0,10,19,21,29,44
1500000US270370609044,Block Group 4; Census Tract 609.04; Dakota County; Minnesota,356,95,0,10,8,13,39,42,0,10,0,10,0,10,0,10,0,10,0,10,34,35,16,17,99,62,53,50,0,10,72,58,35,30
1500000US270370609051,Block Group 1; Census Tract 609.05; Dakota County; Minnesota,391,81,9,14,0,10,0,10,0,10,0,10,5,9,0,10,8,12,2,5,2,4,37,29,59,39,67,47,46,51,50,35,106,53
1500000US270370609052,Block Group 2; Census Tract 609.05; Dakota County; Minnesota,495,158,0,10,0,10,0,10,13,21,5,9,23,31,0,10,0,10,0,10,19,23,138,116,64,56,39,39,100,65,94,55,0,10
1500000US270370609053,Block Group 3; Census Tract 609.05; Dakota County; Minnesota,973,152,28,27,0,10,0,10,10,16,35,55,23,28,24,33,25,30,11,17,16,21,111,81,83,85,117,72,148,87,263,121,79,50
1500000US270370609061,Block Group 1; Census Tract 609.06; Dakota County; Minnesota,502,199,0,10,0,10,0,10,0,10,0,10,0,10,7,11,0,10,0,10,0,10,43,43,38,31,60,38,44,37,205,191,105,72
1500000US270370609062,Block Group 2; Census Tract 609.06; Dakota County; Minnesota,371,81,11,18,9,14,0,10,0,10,0,10,8,13,8,14,10,17,12,18,0,10,22,25,51,44,37,35,52,31,58,48,93,68
1500000US270370609063,Block Group 3; Census Tract 609.06; Dakota County; Minnesota,336,88,0,10,11,16,0,10,0,10,0,10,0,10,0,10,9,15,0,10,0,10,38,28,44,58,50,40,32,37,81,61,71,48
1500000US270370609071,Block Group 1; Census Tract 609.07; Dakota County; Minnesota,233,90,0,10,0,10,0,10,0,10,0,10,0,10,0,10,0,10,0,10,0,10,18,28,48,40,20,33,57,52,51,46,39,43
1500000US270370609072,Block Group 2; Census Tract 609.07; Dakota County; Minnesota,179,77,0,10,0,10,0,10,0,10,0,10,0,10,0,10,0,10,0,10,16,28,0,10,0,10,94,60,12,20,22,35,35,40
1500000US270370609073,Block Group 3; Census Tract 609.07; Dakota County; Minnesota,682,134,19,30,0,10,0,10,0,10,0,10,0,10,0,10,0,10,0,10,14,36,0,10,80,38,134,84,145,96,97,87,193,102
1500000US270370609074,Block Group 4; Census Tract 609.07; Dakota County; Minnesota,479,146,0,10,0,10,0,10,0,10,0,10,0,10,0,10,17,29,19,30,17,28,0,10,96,88,60,69,124,77,49,54,97,75
1500000US270370609075,Block Group 5; Census Tract 609.07; Dakota County; Minnesota,397,124,0,10,0,10,0,10,46,70,0,10,0,10,0,10,0,10,0,10,0,10,31,51,36,41,19,31,21,40,132,81,112,73
1500000US270370609076,Block Group 6; Census Tract 609.07; Dakota County; Minnesota,608,136,0,10,0,10,0,10,0,10,0,10,0,10,0,10,0,10,0,10,0,10,0,10,60,67,46,54,95,63,126,90,281,106
1500000US270370610011,Block Group 1; Census Tract 610.01; Dakota County; Minnesota,349,74,10,9,8,10,7,9,5,5,23,35,6,5,11,15,0,10,0,10,19,12,15,9,53,20,33,17,60,34,42,17,57,45
1500000US270370610012,Block Group 2; Census Tract 610.01; Dakota County; Minnesota,344,51,3,4,3,5,6,6,3,4,1,3,11,7,4,5,9,10,11,10,15,9,31,15,44,17,50,27,56,18,43,17,54,21
1500000US270370610013,Block Group 3; Census Tract 610.01; Dakota County; Minnesota,341,72,2,3,0,10,0,10,5,5,1,2,2,3,4,5,4,5,14,8,12,9,31,22,35,14,85,67,29,16,45,16,72,23
1500000US270370610014,Block Group 4; Census Tract 610.01; Dakota County; Minnesota,478,99,12,11,0,10,5,6,0,10,4,6,5,6,5,8,0,10,0,10,33,24,19,12,19,13,38,24,68,30,186,90,84,29
1500000US270370610031,Block Group 1; Census Tract 610.03; Dakota County; Minnesota,0,10,0,10,0,10,0,10,0,10,0,10,0,10,0,10,0,10,0,10,0,10,0,10,0,10,0,10,0,10,0,10,0,10
1500000US270370610032,Block Group 2; Census Tract 610.03; Dakota County; Minnesota,1249,112,0,10,5,9,0,10,0,10,0,10,59,72,14,20,0,10,36,31,95,47,36,27,96,46,98,54,84,47,241,79,485,89
1500000US270370610051,Block Group 1; Census Tract 610.05; Dakota County; Minnesota,670,102,24,22,13,14,23,25,0,10,9,13,19,15,3,7,6,9,12,14,8,9,48,32,199,75,118,38,54,43,83,36,51,30
1500000US270370610052,Block Group 2; Census Tract 610.05; Dakota County; Minnesota,209,48,7,11,0,10,0,10,3,5,0,10,0,10,6,11,0,10,0,10,0,10,26,23,35,22,50,32,17,18,22,22,43,27
1500000US270370610071,Block Group 1; Census Tract 610.07; Dakota County; Minnesota,390,78,0,10,0,10,0,10,0,10,0,10,0,10,6,11,0,10,0,10,29,30,11,19,28,28,75,46,71,45,56,42,114,57
1500000US270370610072,Block Group 2; Census Tract 610.07; Dakota County; Minnesota,262,71,8,12,0,10,0,10,11,18,11,17,12,16,0,10,0,10,0,10,19,29,14,16,72,53,8,13,38,33,28,35,41,38
1500000US270370610073,Block Group 3; Census Tract 610.07; Dakota County; Minnesota,778,121,6,10,49,56,8,12,57,50,0,10,36,32,18,22,21,34,11,17,0,10,78,42,89,43,147,73,84,47,81,52,93,48
1500000US270370610074,Block Group 4; Census Tract 610.07; Dakota County; Minnesota,472,131,0,10,14,17,13,22,0,10,0,10,0,10,25,28,7,11,0,10,0,10,22,24,83,47,65,42,23,25,154,117,66,43
1500000US270370610081,Block Group 1; Census Tract 610.08; Dakota County; Minnesota,677,99,42,31,21,23,22,20,0,10,53,33,58,59,9,12,18,17,16,21,21,28,60,45,79,51,77,50,30,31,119,61,52,46
1500000US270370610082,Block Group 2; Census Tract 610.08; Dakota County; Minnesota,396,93,30,26,0,10,11,17,44,48,20,22,10,15,23,25,11,12,0,10,0,10,12,19,121,67,37,32,49,46,0,10,28,30
1500000US270370610091,Block Group 1; Census Tract 610.09; Dakota County; Minnesota,1148,214,0,10,0,10,0,10,0,10,0,10,0,10,0,10,0,10,30,36,26,41,67,46,58,54,32,42,92,74,314,164,529,157
1500000US270370610092,Block Group 2; Census Tract 610.09; Dakota County; Minnesota,373,116,47,56,0,10,0,10,0,10,19,28,0,10,17,29,0,10,45,52,8,15,26,43,59,65,94,76,19,30,24,37,15,28
1500000US270370610093,Block Group 3; Census Tract 610.09; Dakota County; Minnesota,311,105,0,10,0,10,0,10,0,10,0,10,54,71,0,10,0,10,0,10,0,10,0,10,35,43,62,43,27,32,51,42,82,61
1500000US270370610094,Block Group 4; Census Tract 610.09; Dakota County; Minnesota,440,138,0,10,0,10,0,10,0,10,0,10,24,38,0,10,0,10,0,10,65,73,11,22,65,54,110,95,35,50,50,49,80,67
1500000US270370610095,Block Group 5; Census Tract 610.09; Dakota County; Minnesota,268,99,0,10,0,10,0,10,18,30,0,10,0,10,0,10,14,23,0,10,0,10,0,10,16,28,35,43,0,10,72,58,113,84
1500000US270370610101,Block Group 1; Census Tract 610.10; Dakota County; Minnesota,751,227,30,36,15,23,0,10,8,13,0,10,0,10,8,14,0,10,0,10,17,16,21,25,27,26,38,34,11,17,108,59,468,224
1500000US270370610102,Block Group 2; Census Tract 610.10; Dakota County; Minnesota,516,133,6,9,9,15,0,10,0,10,8,13,0,10,0,10,0,10,0,10,7,13,8,13,60,38,0,10,40,44,59,43,319,117
1500000US270370610111,Block Group 1; Census Tract 610.11; Dakota County; Minnesota,324,59,0,10,0,10,0,10,0,10,0,10,0,10,0,10,7,10,0,10,17,22,17,20,33,24,13,14,47,33,96,51,94,45
1500000US270370610112,Block Group 2; Census Tract 610.11; Dakota County; Minnesota,690,125,25,28,10,15,0,10,0,10,15,18,0,10,10,17,106,109,23,30,42,40,15,14,188,74,52,44,74,44,88,43,42,32
1500000US270370611021,Block Group 1; Census Tract 611.02; Dakota County; Minnesota,435,119,9,14,0,10,26,30,0,10,0,10,16,26,19,31,72,75,16,25,45,48,44,44,11,18,62,45,62,69,29,29,24,23
1500000US270370611022,Block Group 2; Census Tract 611.02; Dakota County; Minnesota,707,120,9,14,29,35,13,21,31,30,63,48,24,26,0,10,0,10,47,38,35,33,58,40,108,80,79,62,61,38,40,33,110,47
1500000US270370611023,Block Group 3; Census Tract 611.02; Dakota County; Minnesota,311,90,0,10,10,15,0,10,11,17,0,10,0,10,0,10,32,51,8,13,2,4,22,25,30,34,43,60,37,32,55,32,61,47
1500000US270370611024,Block Group 4; Census Tract 611.02; Dakota County; Minnesota,314,106,0,10,0,10,0,10,0,10,0,10,26,29,23,28,10,16,0,10,24,29,51,43,56,39,29,27,23,25,11,17,61,82
1500000US270370611051,Block Group 1; Census Tract 611.05; Dakota County; Minnesota,427,76,0,10,0,10,8,13,17,18,38,47,9,14,13,21,10,16,6,9,20,21,57,41,75,44,15,15,99,64,60,47,0,10
1500000US270370611052,Block Group 2; Census Tract 611.05; Dakota County; Minnesota,540,79,6,9,0,10,10,16,17,19,12,18,0,10,17,19,45,39,14,17,33,28,12,19,150,68,83,41,56,37,48,30,37,27
1500000US270370611061,Block Group 1; Census Tract 611.06; Dakota County; Minnesota,604,88,34,33,0,10,12,20,47,55,0,10,0,10,26,27,10,16,9,15,29,28,34,26,68,54,57,36,39,32,141,70,98,53
1500000US270370611062,Block Group 2; Census Tract 611.06; Dakota County; Minnesota,700,150,39,37,0,10,0,10,95,133,59,62,42,36,47,44,33,32,23,26,32,30,17,18,145,74,48,33,70,41,30,27,20,21
1500000US270370611091,Block Group 1; Census Tract 611.09; Dakota County; Minnesota,594,131,73,56,0,10,21,32,0,10,38,36,6,11,29,27,8,13,13,22,80,58,80,53,55,40,106,90,44,40,4,7,37,41
1500000US270370611092,Block Group 2; Census Tract 611.09; Dakota County; Minnesota,728,124,12,19,15,23,10,16,25,28,19,23,49,71,4,6,9,17,0,10,46,39,95,94,206,103,135,81,30,32,43,30,30,36
1500000US270370611101,Block Group 1; Census Tract 611.10; Dakota County; Minnesota,742,128,11,17,40,45,24,40,22,25,53,67,25,40,29,33,8,13,8,12,10,18,68,50,89,50,139,83,98,43,76,69,42,32
1500000US270370611102,Block Group 2; Census Tract 611.10; Dakota County; Minnesota,601,222,12,20,0,10,0,10,11,20,0,10,7,14,5,7,32,36,0,10,31,30,32,25,48,46,208,225,145,68,23,30,47,33
1500000US270370611111,Block Group 1; Census Tract 611.11; Dakota County; Minnesota,455,137,10,16,3,5,0,10,0,10,71,106,9,15,0,10,0,10,0,10,0,10,0,10,23,24,21,23,53,50,115,61,150,63
1500000US270370611112,Block Group 2; Census Tract 611.11; Dakota County; Minnesota,690,122,64,62,9,15,10,17,50,77,11,17,0,10,0,10,78,82,51,59,30,36,23,25,71,46,88,57,43,41,101,46,61,50
1500000US270370611121,Block Group 1; Census Tract 611.12; Dakota County; Minnesota,547,117,0,10,0,10,7,9,17,21,0,10,0,10,8,14,28,26,8,12,34,31,69,53,81,52,71,45,100,81,25,29,99,65
1500000US270370611122,Block Group 2; Census Tract 611.12; Dakota County; Minnesota,762,156,39,45,0,10,0,10,16,20,0,10,0,10,68,88,8,13,0,10,28,22,39,40,104,54,63,36,59,41,123,64,215,133
1500000US270370614011,Block Group 1; Census Tract 614.01; Dakota County; Minnesota,349,58,4,6,7,10,0,10,7,8,37,33,8,8,0,10,3,5,6,9,11,10,20,13,44,25,41,22,24,19,76,29,61,38
1500000US270370614012,Block Group 2; Census Tract 614.01; Dakota County; Minnesota,704,78,0,10,7,7,0,10,3,4,0,10,17,14,12,10,0,10,23,23,12,12,49,26,52,27,128,51,117,72,138,39,146,44
1500000US270370614021,Block Group 1; Census Tract 614.02; Dakota County; Minnesota,326,40,0,10,7,7,1,3,4,6,4,4,7,6,0,10,3,6,11,8,17,11,38,12,71,26,24,10,37,17,48,18,54,16
1500000US270370614022,Block Group 2; Census Tract 614.02; Dakota County; Minnesota,501,84,8,6,3,4,0,10,9,11,12,10,8,5,20,14,11,11,2,3,25,13,35,14,36,15,95,35,32,12,77,19,128,72
1500000US270370614023,Block Group 3; Census Tract 614.02; Dakota County; Minnesota,220,30,3,4,2,2,0,10,0,10,5,5,11,10,4,5,3,4,4,5,12,7,19,9,28,10,48,16,28,13,28,12,25,9
1500000US270370614024,Block Group 4; Census Tract 614.02; Dakota County; Minnesota,363,48,5,4,2,2,3,3,12,8,0,10,9,7,16,10,10,8,13,7,14,8,42,27,32,18,46,13,50,19,39,16,70,23
1500000US270370615011,Block Group 1; Census Tract 615.01; Dakota County; Minnesota,464,51,12,11,6,6,5,6,22,15,5,6,24,19,11,14,6,6,20,17,11,6,29,13,81,28,26,15,46,22,65,21,95,30
1500000US270370615012,Block Group 2; Census Tract 615.01; Dakota County; Minnesota,0,10,0,10,0,10,0,10,0,10,0,10,0,10,0,10,0,10,0,10,0,10,0,10,0,10,0,10,0,10,0,10,0,10
1500000US270370615013,Block Group 3; Census Tract 615.01; Dakota County; Minnesota,399,85,12,10,3,6,4,6,0,10,9,7,4,5,0,10,65,81,1,3,34,22,21,12,24,12,20,12,43,23,56,23,103,27
1500000US270370615021,Block Group 1; Census Tract 615.02; Dakota County; Minnesota,376,59,14,11,4,5,2,3,4,5,5,5,5,5,11,9,17,11,8,6,19,13,45,21,46,28,58,21,23,11,47,21,68,19
1500000US270370615022,Block Group 2; Census Tract 615.02; Dakota County; Minnesota,430,73,0,10,9,12,9,11,0,10,10,15,11,14,0,10,27,29,0,10,10,14,10,14,96,38,88,44,64,42,45,27,51,33
1500000US270370615023,Block Group 3; Census Tract 615.02; Dakota County; Minnesota,301,68,17,18,0,10,0,10,0,10,0,10,17,20,2,2,8,6,0,10,22,15,28,13,30,14,50,51,27,15,56,18,44,22
1500000US270399501001,Block Group 1; Census Tract 9501; Dodge County; Minnesota,336,45,7,7,6,6,16,10,2,4,0,10,2,3,14,10,4,4,6,6,18,10,39,21,44,17,56,25,15,9,40,18,67,29
1500000US270399501002,Block Group 2; Census Tract 9501; Dodge County; Minnesota,375,76,21,16,2,3,2,3,4,5,4,4,3,5,5,5,7,6,7,6,13,9,28,13,78,45,34,17,65,36,46,16,56,30
1500000US270399501003,Block Group 3; Census Tract 9501; Dodge County; Minnesota,409,56,10,10,4,6,5,6,18,16,5,6,4,5,22,17,8,6,2,3,19,12,32,19,22,11,77,42,50,20,50,18,81,23
1500000US270399501004,Block Group 4; Census Tract 9501; Dodge County; Minnesota,457,55,14,18,3,4,3,4,14,10,0,10,0,10,0,10,5,8,9,9,16,13,16,11,21,16,46,26,71,30,124,37,115,31
1500000US270399502001,Block Group 1; Census Tract 9502; Dodge County; Minnesota,340,68,5,6,2,4,2,3,7,7,2,4,4,5,2,3,9,9,0,10,16,13,15,13,71,27,77,36,31,16,34,22,63,28
1500000US270399502002,Block Group 2; Census Tract 9502; Dodge County; Minnesota,649,70,9,12,0,10,7,10,11,12,5,8,0,10,0,10,34,19,7,10,57,35,25,14,144,56,84,31,85,36,57,31,124,48
1500000US270399502003,Block Group 3; Census Tract 9502; Dodge County; Minnesota,644,89,2,3,32,27,19,15,26,30,5,9,6,8,21,21,13,11,33,34,50,25,65,39,116,50,117,48,70,35,30,18,39,20
1500000US270399503001,Block Group 1; Census Tract 9503; Dodge County; Minnesota,394,51,18,11,19,13,2,3,14,10,11,9,0,10,5,6,6,6,31,21,51,21,43,22,98,32,31,19,37,22,20,11,8,7
1500000US270399503002,Block Group 2; Census Tract 9503; Dodge County; Minnesota,237,31,8,6,1,2,5,6,3,6,9,9,5,4,11,8,3,4,7,6,7,4,20,11,37,12,36,14,12,6,45,16,28,10
1500000US270399503003,Block Group 3; Census Tract 9503; Dodge County; Minnesota,270,44,8,7,2,3,11,9,17,12,25,21,1,3,11,12,12,10,2,2,22,14,17,9,71,22,15,10,35,15,8,6,13,7
1500000US270399504001,Block Group 1; Census Tract 9504; Dodge County; Minnesota,342,52,20,19,3,4,4,6,7,7,7,5,7,9,8,6,1,2,2,4,22,12,22,12,40,20,48,22,44,14,50,17,57,22
1500000US270399504002,Block Group 2; Census Tract 9504; Dodge County; Minnesota,553,75,12,9,31,27,45,28,28,26,26,28,6,7,22,18,18,11,26,13,30,13,51,24,76,22,59,23,51,19,67,34,5,6
1500000US270399504003,Block Group 3; Census Tract 9504; Dodge County; Minnesota,499,49,8,7,11,14,4,4,7,9,4,4,7,6,5,5,26,21,14,7,23,18,53,25,67,26,50,16,53,18,81,23,86,19
1500000US270399505001,Block Group 1; Census Tract 9505; Dodge County; Minnesota,1048,173,22,34,0,10,37,43,0,10,0,10,15,24,90,61,28,47,43,38,58,54,118,104,112,65,101,74,193,112,156,85,75,68
1500000US270399505002,Block Group 2; Census Tract 9505; Dodge County; Minnesota,903,162,0,10,6,10,0,10,0,10,0,10,3,6,4,7,25,39,78,52,167,122,102,75,163,106,100,86,102,77,123,75,30,35
1500000US270399505003,Block Group 3; Census Tract 9505; Dodge County; Minnesota,627,175,74,84,89,87,37,50,21,32,0,10,0,10,3,5,38,41,0,10,43,58,35,46,106,61,60,67,60,71,57,53,4,6
1500000US270414501001,Block Group 1; Census Tract 4501; Douglas County; Minnesota,623,55,12,8,18,9,10,7,22,13,21,14,9,6,16,10,26,17,29,15,26,10,51,16,98,23,52,18,57,18,89,24,87,25
1500000US270414501002,Block Group 2; Census Tract 4501; Douglas County; Minnesota,343,42,14,9,20,15,6,5,13,8,17,13,10,12,3,4,16,11,4,4,23,10,44,16,57,14,30,13,44,16,30,14,12,7
1500000US270414501003,Block Group 3; Census Tract 4501; Douglas County; Minnesota,459,61,9,13,10,10,17,11,12,7,13,9,29,22,11,9,32,22,12,9,36,23,30,11,58,18,90,27,27,16,40,14,33,15
1500000US270414502001,Block Group 1; Census Tract 4502; Douglas County; Minnesota,340,45,17,13,27,18,8,11,27,20,8,8,11,9,15,10,9,9,0,10,15,9,35,17,50,21,41,13,30,18,28,15,19,15
1500000US270414502002,Block Group 2; Census Tract 4502; Douglas County; Minnesota,536,77,8,6,7,7,12,10,7,9,18,15,6,5,21,16,14,9,4,3,35,16,72,21,112,45,51,25,64,18,67,20,38,15
1500000US270414502003,Block Group 3; Census Tract 4502; Douglas County; Minnesota,359,54,7,5,6,9,10,10,4,4,6,6,30,17,20,13,11,8,9,6,44,21,41,17,37,17,33,13,51,29,17,8,33,23
1500000US270414502004,Block Group 4; Census Tract 4502; Douglas County; Minnesota,409,68,2,3,10,9,0,10,11,10,6,5,10,6,8,5,26,22,17,12,22,14,21,10,82,52,48,30,47,19,48,14,51,19
1500000US270414505001,Block Group 1; Census Tract 4505; Douglas County; Minnesota,578,70,37,37,14,13,5,5,3,5,12,9,14,12,10,12,16,11,9,9,80,56,73,33,77,25,75,36,61,37,56,26,36,22
1500000US270414505002,Block Group 2; Census Tract 4505; Douglas County; Minnesota,366,70,20,21,5,5,8,10,11,8,15,21,11,11,1,2,9,10,24,25,28,16,51,37,59,27,40,21,23,15,22,17,39,37
1500000US270414505003,Block Group 3; Census Tract 4505; Douglas County; Minnesota,534,117,0,10,10,13,0,10,11,15,10,16,33,28,0,10,0,10,0,10,18,25,18,19,96,53,79,45,99,61,121,83,39,29
1500000US270414505004,Block Group 4; Census Tract 4505; Douglas County; Minnesota,630,86,11,12,13,12,0,10,9,9,12,12,0,10,18,14,5,8,29,17,93,43,50,35,101,41,62,31,51,25,52,26,124,61
1500000US270414506011,Block Group 1; Census Tract 4506.01; Douglas County; Minnesota,751,168,0,10,26,29,0,10,39,42,18,29,72,57,77,102,11,16,74,89,143,66,34,34,147,86,64,44,22,22,24,23,0,10
1500000US270414506012,Block Group 2; Census Tract 4506.01; Douglas County; Minnesota,489,121,27,32,18,23,20,32,16,24,0,10,85,95,22,27,20,24,4,11,72,58,23,25,24,28,82,59,21,22,26,29,29,46
1500000US270414506013,Block Group 3; Census Tract 4506.01; Douglas County; Minnesota,391,64,10,15,0,10,0,10,10,15,7,10,0,10,0,10,0,10,6,9,46,43,20,15,17,16,91,53,60,37,25,23,99,56
1500000US270414506021,Block Group 1; Census Tract 4506.02; Douglas County; Minnesota,585,116,23,30,38,36,35,44,90,63,56,50,0,10,44,57,62,43,36,33,8,12,44,36,0,10,81,50,29,24,27,24,12,19
1500000US270414506022,Block Group 2; Census Tract 4506.02; Douglas County; Minnesota,774,118,39,52,13,21,14,17,3,5,23,27,13,21,0,10,43,39,0,10,43,34,146,85,122,52,83,45,99,53,75,43,58,38
1500000US270414507021,Block Group 1; Census Tract 4507.02; Douglas County; Minnesota,716,105,26,19,10,16,37,44,80,55,19,21,17,19,27,31,0,10,18,24,44,54,70,40,113,52,55,42,39,31,94,61,67,44
1500000US270414507022,Block Group 2; Census Tract 4507.02; Douglas County; Minnesota,407,107,8,13,20,22,8,12,9,14,7,12,9,14,9,14,8,13,0,10,25,25,89,51,78,47,26,25,72,81,0,10,39,31
1500000US270414507031,Block Group 1; Census Tract 4507.03; Douglas County; Minnesota,1311,172,36,35,39,31,21,18,28,33,21,24,170,89,111,96,61,47,48,38,126,74,225,97,246,117,61,46,29,32,18,16,71,39
1500000US270414507041,Block Group 1; Census Tract 4507.04; Douglas County; Minnesota,891,183,55,39,153,115,35,32,63,87,57,38,41,35,38,44,40,47,8,13,96,83,110,63,95,67,22,24,24,28,19,23,35,33
1500000US270414507042,Block Group 2; Census Tract 4507.04; Douglas County; Minnesota,886,166,91,75,72,49,36,38,0,10,34,43,75,70,59,78,47,41,32,29,52,33,25,29,188,105,91,78,53,68,0,10,31,31
1500000US270414508001,Block Group 1; Census Tract 4508; Douglas County; Minnesota,672,117,19,16,87,90,11,16,29,19,9,6,21,11,23,12,39,23,16,11,22,12,31,16,96,27,84,29,94,44,66,44,25,13
1500000US270414508002,Block Group 2; Census Tract 4508; Douglas County; Minnesota,683,74,16,19,17,13,13,9,24,19,7,7,14,12,19,11,42,26,5,7,28,17,65,23,71,27,94,32,69,35,99,38,100,33
1500000US270414508003,Block Group 3; Census Tract 4508; Douglas County; Minnesota,348,78,10,14,8,6,44,42,16,16,31,19,26,18,13,14,10,15,19,19,21,13,42,20,41,15,28,16,22,20,17,22,0,10
1500000US270414509001,Block Group 1; Census Tract 4509; Douglas County; Minnesota,704,88,20,21,10,14,15,14,0,10,11,17,0,10,0,10,0,10,8,12,11,16,54,42,170,75,115,57,78,44,96,54,116,72
1500000US270414509002,Block Group 2; Census Tract 4509; Douglas County; Minnesota,432,66,6,6,12,10,18,16,37,27,0,10,0,10,11,11,17,13,16,13,17,11,45,17,28,12,49,23,48,26,75,28,53,21
1500000US270414509003,Block Group 3; Census Tract 4509; Douglas County; Minnesota,294,45,8,6,7,6,10,7,9,8,3,7,4,6,6,6,7,6,14,9,26,18,40,29,61,17,18,10,19,12,40,22,22,14
1500000US270414510001,Block Group 1; Census Tract 4510; Douglas County; Minnesota,483,133,8,12,37,33,0,10,7,11,11,17,0,10,75,59,0,10,0,10,8,13,14,15,56,33,77,37,71,50,40,27,79,75
1500000US270414510002,Block Group 2; Census Tract 4510; Douglas County; Minnesota,521,76,16,10,6,6,8,11,6,5,18,16,7,9,5,5,9,15,16,14,23,14,41,34,84,25,76,28,58,29,48,22,100,32
1500000US270414510003,Block Group 3; Census Tract 4510; Douglas County; Minnesota,514,94,2,3,0,10,4,7,4,8,88,72,16,12,15,13,21,14,14,9,41,20,40,28,64,26,64,30,93,48,32,19,16,14
1500000US270414510004,Block Group 4; Census Tract 4510; Douglas County; Minnesota,490,89,16,13,0,10,13,15,0,10,16,13,0,10,0,10,29,33,4,7,43,35,27,26,56,30,78,37,32,25,52,35,124,49
1500000US270434601001,Block Group 1; Census Tract 4601; Faribault County; Minnesota,224,34,13,10,7,8,7,5,1,2,12,7,9,6,2,3,3,3,8,7,19,13,25,8,29,10,25,12,19,14,22,9,23,15
1500000US270434601002,Block Group 2; Census Tract 4601; Faribault County; Minnesota,257,36,4,4,3,3,8,5,6,4,3,3,14,11,8,6,9,9,5,4,6,4,24,9,47,21,54,18,22,10,25,12,19,7
1500000US270434601003,Block Group 3; Census Tract 4601; Faribault County; Minnesota,314,53,8,8,6,5,27,18,17,15,9,5,14,8,18,13,7,6,10,6,20,12,43,20,43,21,25,9,38,15,18,11,11,6
1500000US270434602001,Block Group 1; Census Tract 4602; Faribault County; Minnesota,380,38,6,5,9,6,15,10,19,12,3,3,10,9,7,7,12,12,22,11,38,13,64,24,73,22,21,12,18,11,42,22,21,11
1500000US270434602002,Block Group 2; Census Tract 4602; Faribault County; Minnesota,540,56,18,19,61,41,27,20,14,8,25,18,25,21,33,14,2,4,0,10,77,33,35,20,70,28,56,22,42,18,44,28,11,13
1500000US270434603001,Block Group 1; Census Tract 4603; Faribault County; Minnesota,347,38,21,11,9,8,1,3,5,9,3,3,11,11,27,15,25,18,13,8,26,14,42,17,33,15,9,6,49,17,42,11,31,10
1500000US270434603002,Block Group 2; Census Tract 4603; Faribault County; Minnesota,223,40,16,17,9,5,21,17,7,5,16,8,21,19,12,6,17,21,9,6,42,19,12,6,9,7,4,3,10,7,12,14,6,4
1500000US270434603003,Block Group 3; Census Tract 4603; Faribault County; Minnesota,237,27,4,3,5,3,3,3,8,6,12,9,4,4,5,4,5,4,8,6,21,15,28,15,24,11,27,10,40,15,33,14,10,8
1500000US270434604001,Block Group 1; Census Tract 4604; Faribault County; Minnesota,212,53,12,19,9,14,0,10,0,10,15,13,0,10,0,10,0,10,16,24,9,16,29,29,35,38,27,23,30,22,14,19,16,18
1500000US270434604002,Block Group 2; Census Tract 4604; Faribault County; Minnesota,434,95,43,54,34,26,21,23,0,10,19,25,0,10,6,9,0,10,0,10,22,23,77,61,33,28,79,58,19,25,37,37,44,37
1500000US270434604003,Block Group 3; Census Tract 4604; Faribault County; Minnesota,349,85,0,10,0,10,0,10,0,10,34,41,5,10,21,21,0,10,33,30,76,64,37,37,17,21,29,26,25,23,19,22,53,39
1500000US270434604004,Block Group 4; Census Tract 4604; Faribault County; Minnesota,332,90,25,26,22,23,18,21,16,25,9,16,1,4,41,41,13,20,16,19,30,26,25,22,56,35,48,43,6,8,6,9,0,10
1500000US270434605001,Block Group 1; Census Tract 4605; Faribault County; Minnesota,263,30,0,10,21,14,1,2,5,4,9,7,3,3,6,3,12,9,14,8,27,13,18,15,43,18,37,14,29,10,22,7,16,10
1500000US270434605002,Block Group 2; Census Tract 4605; Faribault County; Minnesota,193,30,4,4,2,2,14,11,4,4,8,6,14,14,9,9,9,11,4,5,11,7,17,8,19,11,23,10,9,5,18,10,28,16
1500000US270434605003,Block Group 3; Census Tract 4605; Faribault County; Minnesota,553,57,34,17,40,28,25,8,23,12,23,11,11,8,33,14,26,12,21,17,58,14,61,18,86,24,36,15,33,10,12,9,31,12
1500000US270434606001,Block Group 1; Census Tract 4606; Faribault County; Minnesota,354,70,37,30,17,17,12,12,11,12,28,20,25,31,6,8,26,26,21,18,17,12,32,24,54,27,17,12,22,16,15,8,14,15
1500000US270434606002,Block Group 2; Census Tract 4606; Faribault County; Minnesota,411,79,11,12,0,10,0,10,55,38,26,20,4,6,12,14,14,13,39,47,31,31,48,23,61,30,43,31,30,23,37,30,0,10
1500000US270434606003,Block Group 3; Census Tract 4606; Faribault County; Minnesota,456,88,18,27,7,10,0,10,30,31,15,14,12,14,30,29,56,42,15,15,8,11,62,42,104,48,57,31,16,13,12,13,14,13
1500000US270459601001,Block Group 1; Census Tract 9601; Fillmore County; Minnesota,328,44,4,4,7,5,13,6,11,7,14,11,16,8,22,12,6,5,8,5,14,6,29,13,54,23,41,15,24,11,35,14,30,13
1500000US270459601002,Block Group 2; Census Tract 9601; Fillmore County; Minnesota,286,41,6,5,4,5,23,21,4,4,19,18,13,11,10,6,2,4,6,6,8,6,39,15,16,9,29,15,58,24,45,20,4,4
1500000US270459601003,Block Group 3; Census Tract 9601; Fillmore County; Minnesota,734,72,29,18,51,35,17,10,10,7,8,6,16,9,25,12,15,8,41,25,32,15,65,31,128,28,87,26,103,36,89,31,18,9
1500000US270459602001,Block Group 1; Census Tract 9602; Fillmore County; Minnesota,598,66,15,11,22,13,5,6,14,7,7,6,13,8,29,18,18,10,27,17,28,14,51,17,94,33,90,31,41,18,88,39,56,28
1500000US270459602002,Block Group 2; Census Tract 9602; Fillmore County; Minnesota,641,67,6,7,19,15,2,3,35,22,16,19,13,13,7,7,28,16,11,12,30,17,69,52,136,45,18,16,81,41,102,34,68,31
1500000US270459602003,Block Group 3; Census Tract 9602; Fillmore County; Minnesota,393,45,12,6,4,5,11,11,14,10,10,11,23,14,18,16,12,7,3,3,40,21,41,15,48,17,60,19,28,14,35,17,34,12
1500000US270459602004,Block Group 4; Census Tract 9602; Fillmore County; Minnesota,293,40,5,5,6,6,16,16,7,6,4,5,8,8,19,12,0,10,4,5,22,21,26,13,38,18,33,18,31,17,33,10,41,16
1500000US270459603001,Block Group 1; Census Tract 9603; Fillmore County; Minnesota,281,52,2,6,17,14,13,11,1,2,7,8,9,8,1,3,1,3,8,7,22,17,34,17,33,14,42,22,38,17,28,22,25,21
1500000US270459603002,Block Group 2; Census Tract 9603; Fillmore County; Minnesota,525,64,21,17,19,14,21,12,15,12,21,19,28,20,5,8,23,19,12,12,69,34,41,30,70,29,76,41,32,19,45,25,27,20
1500000US270459603003,Block Group 3; Census Tract 9603; Fillmore County; Minnesota,350,57,8,12,20,14,9,10,28,26,8,8,0,10,16,13,32,29,4,6,18,15,39,21,53,29,67,52,37,33,4,4,7,7
1500000US270459603004,Block Group 4; Census Tract 9603; Fillmore County; Minnesota,437,60,31,28,4,5,18,13,26,17,36,30,7,7,5,5,21,21,45,30,14,12,29,17,53,20,44,22,24,15,57,25,23,17
1500000US270459604001,Block Group 1; Census Tract 9604; Fillmore County; Minnesota,373,57,14,9,2,3,29,28,8,7,24,26,14,12,21,19,54,24,16,9,40,37,20,10,42,18,32,11,20,11,15,8,22,13
1500000US270459604002,Block Group 2; Census Tract 9604; Fillmore County; Minnesota,315,45,24,16,1,3,2,3,8,6,17,16,5,8,5,4,10,10,7,7,18,12,29,16,70,30,44,16,23,9,17,11,35,13
1500000US270459604003,Block Group 3; Census Tract 9604; Fillmore County; Minnesota,281,38,10,6,3,4,6,9,10,12,2,3,7,6,1,2,11,8,19,22,3,5,34,16,50,19,40,18,26,20,16,9,43,21
1500000US270459604004,Block Group 4; Census Tract 9604; Fillmore County; Minnesota,314,37,5,6,3,5,4,5,4,4,32,24,3,4,13,7,12,9,11,8,24,17,43,16,31,14,39,11,23,14,44,14,23,9
1500000US270459605001,Block Group 1; Census Tract 9605; Fillmore County; Minnesota,256,47,8,5,3,6,6,5,13,14,18,18,4,5,9,8,2,3,22,13,15,11,40,20,60,22,25,11,8,5,17,10,6,5
1500000US270459605002,Block Group 2; Census Tract 9605; Fillmore County; Minnesota,225,28,5,5,0,10,7,7,13,14,2,2,22,13,3,3,13,9,6,5,15,13,32,14,54,20,7,6,31,14,15,6,0,10
1500000US270459605003,Block Group 3; Census Tract 9605; Fillmore County; Minnesota,444,65,10,7,10,8,12,7,13,9,28,18,59,35,14,16,19,10,15,9,23,14,40,14,79,37,44,18,43,24,14,11,21,8
1500000US270459605004,Block Group 4; Census Tract 9605; Fillmore County; Minnesota,335,39,10,7,12,8,10,13,13,7,5,5,8,9,19,14,31,16,22,13,27,12,29,14,60,23,29,13,27,16,24,11,9,6
1500000US270459606001,Block Group 1; Census Tract 9606; Fillmore County; Minnesota,398,45,18,19,37,15,24,28,7,5,10,10,5,4,6,5,5,8,23,13,25,11,32,13,54,16,48,17,74,20,15,10,15,7
1500000US270459606002,Block Group 2; Census Tract 9606; Fillmore County; Minnesota,347,46,8,8,22,18,12,10,14,10,2,2,15,10,12,8,5,8,2,5,31,20,33,14,35,17,66,18,28,10,33,9,29,15
1500000US270459606003,Block Group 3; Census Tract 9606; Fillmore County; Minnesota,202,33,5,6,4,4,1,2,5,4,2,3,1,2,4,4,10,9,14,10,30,18,37,13,43,16,24,8,9,6,4,4,9,5
1500000US270459606004,Block Group 4; Census Tract 9606; Fillmore County; Minnesota,367,66,14,8,12,6,8,5,18,11,14,7,10,7,13,11,13,6,20,12,57,41,32,11,76,41,28,15,25,14,21,10,6,6
1500000US270471801001,Block Group 1; Census Tract 1801; Freeborn County; Minnesota,385,53,1,4,2,6,6,5,10,7,24,11,15,9,18,12,16,10,8,5,28,17,36,13,54,19,82,31,30,13,19,12,36,13
1500000US270471801002,Block Group 2; Census Tract 1801; Freeborn County; Minnesota,439,53,4,7,9,10,10,6,17,11,25,18,8,8,10,11,13,9,14,8,34,14,88,28,57,17,49,24,48,19,18,8,35,19
1500000US270471801003,Block Group 3; Census Tract 1801; Freeborn County; Minnesota,258,30,11,11,5,4,8,5,13,12,8,5,6,7,1,2,7,4,4,4,10,5,38,14,50,17,37,16,10,6,36,13,14,9
1500000US270471802001,Block Group 1; Census Tract 1802; Freeborn County; Minnesota,361,49,8,4,2,3,5,4,7,6,14,13,2,3,26,23,17,10,4,3,7,6,59,25,50,16,44,22,35,14,44,19,37,32
1500000US270471802002,Block Group 2; Census Tract 1802; Freeborn County; Minnesota,390,64,5,3,8,5,6,7,15,7,6,7,11,6,8,8,9,9,19,11,36,15,44,16,44,14,84,51,21,11,41,15,33,12
1500000US270471802003,Block Group 3; Census Tract 1802; Freeborn County; Minnesota,377,41,32,26,4,3,3,4,5,4,9,6,21,15,25,15,4,4,9,6,23,8,44,14,55,16,42,16,51,21,38,20,12,7
1500000US270471803001,Block Group 1; Census Tract 1803; Freeborn County; Minnesota,334,48,10,6,7,7,17,13,17,8,14,10,12,7,18,8,9,8,23,14,25,11,32,13,48,18,31,11,30,15,27,15,14,9
1500000US270471803002,Block Group 2; Census Tract 1803; Freeborn County; Minnesota,363,44,4,4,9,9,16,9,6,5,10,8,32,16,7,7,15,10,21,19,24,11,49,15,56,17,40,16,16,8,44,18,14,8
1500000US270471803003,Block Group 3; Census Tract 1803; Freeborn County; Minnesota,678,61,25,13,3,3,16,13,16,12,38,27,16,12,24,14,33,19,23,13,35,18,55,20,122,27,74,22,87,32,35,11,76,27
1500000US270471804001,Block Group 1; Census Tract 1804; Freeborn County; Minnesota,340,108,26,41,0,10,0,10,11,16,20,23,13,24,24,26,11,17,13,21,33,34,41,45,36,42,45,47,28,26,0,10,39,39
1500000US270471804002,Block Group 2; Census Tract 1804; Freeborn County; Minnesota,605,111,23,27,29,27,8,12,10,16,34,41,74,84,21,24,11,18,36,36,40,30,76,65,44,34,31,26,36,33,65,60,67,44
1500000US270471804003,Block Group 3; Census Tract 1804; Freeborn County; Minnesota,542,99,57,46,0,10,0,10,38,34,10,16,0,10,11,18,0,10,0,10,37,41,65,53,52,39,35,31,91,58,80,48,66,75
1500000US270471805001,Block Group 1; Census Tract 1805; Freeborn County; Minnesota,788,121,48,55,9,15,51,57,61,59,10,16,10,16,0,10,35,34,41,32,29,26,90,55,177,75,19,21,106,67,53,37,49,39
1500000US270471805002,Block Group 2; Census Tract 1805; Freeborn County; Minnesota,196,73,0,10,7,12,15,18,9,15,20,23,11,17,0,10,0,10,0,10,7,13,27,26,32,29,48,50,0,10,6,6,14,17
1500000US270471805003,Block Group 3; Census Tract 1805; Freeborn County; Minnesota,537,116,21,24,0,10,18,23,33,31,72,62,0,10,39,32,56,59,4,6,8,13,73,44,34,36,50,44,32,28,35,29,62,51
1500000US270471805004,Block Group 4; Census Tract 1805; Freeborn County; Minnesota,380,102,8,14,0,10,10,15,0,10,23,26,9,17,33,51,15,20,17,25,60,45,127,72,25,23,7,13,21,18,15,22,10,16
1500000US270471806001,Block Group 1; Census Tract 1806; Freeborn County; Minnesota,515,132,9,14,20,22,21,23,34,28,46,49,44,54,2,3,19,22,11,16,24,23,62,51,60,41,29,28,26,30,37,57,71,73
1500000US270471806002,Block Group 2; Census Tract 1806; Freeborn County; Minnesota,221,85,48,41,62,59,10,16,0,10,0,10,11,18,18,22,0,10,18,21,0,10,19,19,0,10,22,31,13,19,0,10,0,10
1500000US270471806003,Block Group 3; Census Tract 1806; Freeborn County; Minnesota,321,82,35,32,0,10,0,10,0,10,24,22,11,18,0,10,9,13,24,27,18,22,53,32,79,56,16,19,52,46,0,10,0,10
1500000US270471806004,Block Group 4; Census Tract 1806; Freeborn County; Minnesota,474,123,25,27,0,10,43,49,28,35,8,14,0,10,10,14,26,39,39,38,6,10,59,50,66,40,38,28,35,55,45,54,46,59
1500000US270471807001,Block Group 1; Census Tract 1807; Freeborn County; Minnesota,477,57,22,16,4,5,12,8,27,20,7,9,11,9,8,7,14,13,39,34,19,12,44,17,84,24,51,25,43,17,41,18,51,20
1500000US270471807002,Block Group 2; Census Tract 1807; Freeborn County; Minnesota,451,47,18,14,15,11,10,13,2,4,16,12,10,7,9,11,20,14,18,15,30,15,49,20,72,30,67,20,33,14,69,24,13,10
1500000US270471808001,Block Group 1; Census Tract 1808; Freeborn County; Minnesota,439,123,12,17,0,10,4,9,18,31,11,17,23,27,39,36,39,36,0,10,14,17,20,21,94,78,97,62,20,26,42,54,6,9
1500000US270471808002,Block Group 2; Census Tract 1808; Freeborn County; Minnesota,759,129,0,10,89,76,7,11,28,30,93,84,127,104,31,37,37,36,0,10,65,44,67,59,46,36,137,84,18,23,0,10,14,23
1500000US270471809001,Block Group 1; Census Tract 1809; Freeborn County; Minnesota,427,116,36,38,9,13,10,16,12,23,25,30,10,16,11,18,0,10,4,7,50,37,33,29,49,33,94,74,41,55,33,25,10,16
1500000US270471809002,Block Group 2; Census Tract 1809; Freeborn County; Minnesota,402,115,10,15,10,17,96,65,23,27,23,28,8,12,17,19,34,27,18,20,81,73,40,47,7,11,16,18,19,28,0,10,0,10
1500000US270471809003,Block Group 3; Census Tract 1809; Freeborn County; Minnesota,257,74,23,26,23,28,0,10,16,21,0,10,11,17,8,12,10,18,0,10,45,45,33,34,70,50,12,20,0,10,0,10,6,9
1500000US270471809004,Block Group 4; Census Tract 1809; Freeborn County; Minnesota,191,84,26,37,5,9,0,10,0,10,7,13,15,17,53,58,11,18,31,24,7,10,9,15,10,17,17,20,0,10,0,10,0,10
1500000US270471810001,Block Group 1; Census Tract 1810; Freeborn County; Minnesota,381,60,28,17,8,6,7,5,45,40,13,7,15,9,17,8,18,8,8,6,36,25,45,16,70,21,24,9,13,7,29,14,5,5
1500000US270471810002,Block Group 2; Census Tract 1810; Freeborn County; Minnesota,238,34,7,9,4,4,9,9,3,3,6,6,10,6,3,3,3,3,4,3,18,8,39,16,39,13,20,8,19,10,40,17,14,9
1500000US270471810003,Block Group 3; Census Tract 1810; Freeborn County; Minnesota,320,61,7,7,3,3,5,4,1,2,9,9,6,4,11,7,10,7,11,7,33,12,21,12,40,15,82,50,33,12,20,11,28,15
1500000US270490801011,Block Group 1; Census Tract 801.01; Goodhue County; Minnesota,390,93,42,35,52,33,27,24,26,27,7,11,30,25,6,10,0,10,8,13,77,53,8,12,13,18,27,21,33,40,22,26,12,17
1500000US270490801012,Block Group 2; Census Tract 801.01; Goodhue County; Minnesota,257,70,9,15,0,10,7,10,15,22,0,10,6,9,36,39,11,17,0,10,54,54,19,25,39,31,17,23,11,18,16,19,17,20
1500000US270490801013,Block Group 3; Census Tract 801.01; Goodhue County; Minnesota,850,150,63,48,51,48,0,10,30,28,46,35,30,49,39,43,38,35,7,13,79,55,207,107,106,54,26,28,77,47,29,30,22,24
1500000US270490801014,Block Group 4; Census Tract 801.01; Goodhue County; Minnesota,314,96,0,10,7,10,0,10,0,10,15,17,20,25,0,10,5,10,8,14,35,38,42,38,9,15,60,48,19,21,24,23,70,73
1500000US270490801021,Block Group 1; Census Tract 801.02; Goodhue County; Minnesota,722,182,92,63,79,71,0,10,44,59,36,43,0,10,16,19,14,23,33,43,13,21,103,118,97,97,137,65,21,26,23,31,14,23
1500000US270490801022,Block Group 2; Census Tract 801.02; Goodhue County; Minnesota,926,173,20,32,56,51,11,14,0,10,1,2,0,10,2,3,1,2,76,61,17,31,160,88,155,96,147,103,74,59,83,61,123,55
1500000US270490801023,Block Group 3; Census Tract 801.02; Goodhue County; Minnesota,409,126,0,10,84,72,50,57,0,10,0,10,49,53,0,10,0,10,0,10,30,39,20,33,32,37,78,74,36,40,0,10,30,36
1500000US270490801024,Block Group 4; Census Tract 801.02; Goodhue County; Minnesota,435,134,21,24,0,10,28,31,30,33,52,73,81,88,34,56,47,47,0,10,0,10,8,14,62,43,33,39,11,20,19,30,9,16
1500000US270490802011,Block Group 1; Census Tract 802.01; Goodhue County; Minnesota,516,130,49,65,9,15,72,65,43,45,23,25,29,34,0,10,60,54,35,35,0,10,48,42,50,39,44,46,0,10,11,18,43,42
1500000US270490802012,Block Group 2; Census Tract 802.01; Goodhue County; Minnesota,453,168,42,62,0,10,0,10,0,10,0,10,0,10,90,112,0,10,6,11,6,9,116,96,98,70,42,38,53,61,0,10,0,10
1500000US270490802013,Block Group 3; Census Tract 802.01; Goodhue County; Minnesota,390,89,0,10,0,10,0,10,48,69,11,17,20,31,2,3,0,10,21,25,35,40,31,23,32,35,95,60,38,36,23,20,34,35
1500000US270490802021,Block Group 1; Census Tract 802.02; Goodhue County; Minnesota,755,115,13,19,8,12,32,35,39,52,10,17,13,15,59,51,52,41,0,10,32,35,20,30,79,53,87,57,148,75,94,55,69,41
1500000US270490802022,Block Group 2; Census Tract 802.02; Goodhue County; Minnesota,789,145,36,44,57,66,0,10,23,28,33,31,21,32,38,35,0,10,76,105,77,47,0,10,154,90,57,42,42,35,54,36,121,59
1500000US270490802023,Block Group 3; Census Tract 802.02; Goodhue County; Minnesota,431,90,84,33,7,7,2,4,38,35,1,3,50,39,0,10,16,17,36,43,17,19,25,26,58,46,23,24,33,34,16,16,25,16
1500000US270490803001,Block Group 1; Census Tract 803; Goodhue County; Minnesota,611,59,38,24,2,3,46,30,9,8,20,16,20,15,17,13,0,10,24,16,20,14,35,17,83,35,92,33,69,22,97,33,39,18
1500000US270490803002,Block Group 2; Census Tract 803; Goodhue County; Minnesota,556,74,8,10,1,2,6,6,3,4,18,16,23,14,19,16,24,19,12,11,23,13,27,10,89,33,82,33,71,24,82,45,68,26
1500000US270490803003,Block Group 3; Census Tract 803; Goodhue County; Minnesota,360,42,17,13,0,10,4,6,8,7,8,6,7,9,11,8,8,7,11,7,25,16,31,12,41,18,70,25,43,14,44,16,32,14
1500000US270490804001,Block Group 1; Census Tract 804; Goodhue County; Minnesota,357,50,13,18,6,4,7,6,5,5,5,4,7,9,1,2,4,4,17,13,14,9,29,14,33,13,34,14,32,14,66,21,84,23
1500000US270490804002,Block Group 2; Census Tract 804; Goodhue County; Minnesota,731,76,9,6,8,6,12,7,11,9,5,4,17,9,23,15,16,12,15,10,39,17,63,31,151,49,99,27,115,29,67,21,81,22
1500000US270490804003,Block Group 3; Census Tract 804; Goodhue County; Minnesota,257,37,0,10,6,7,4,4,4,3,4,3,4,4,3,4,10,8,5,5,8,7,30,14,43,17,23,11,28,13,35,16,50,18
1500000US270490805001,Block Group 1; Census Tract 805; Goodhue County; Minnesota,562,99,9,9,13,17,5,5,12,12,9,6,16,13,10,10,12,7,10,11,52,67,56,29,60,27,37,12,72,22,78,22,111,28
1500000US270490805002,Block Group 2; Census Tract 805; Goodhue County; Minnesota,213,30,6,6,0,10,5,6,6,5,0,10,4,5,0,10,0,10,0,10,18,10,23,12,26,11,36,15,22,11,31,13,36,16
1500000US270490805003,Block Group 3; Census Tract 805; Goodhue County; Minnesota,472,67,18,15,3,3,23,23,1,2,22,14,2,3,8,7,12,8,11,7,25,11,48,26,49,18,49,23,40,15,96,42,65,20
1500000US270490806001,Block Group 1; Census Tract 806; Goodhue County; Minnesota,719,145,12,19,31,45,39,43,67,88,69,62,10,12,40,36,0,10,0,10,28,25,19,28,149,74,73,51,87,52,78,46,17,14
1500000US270490806002,Block Group 2; Census Tract 806; Goodhue County; Minnesota,658,139,9,9,0,10,25,25,30,30,86,91,0,10,2,4,3,5,12,21,5,8,119,77,116,82,105,49,29,33,83,54,34,36
1500000US270490806003,Block Group 3; Census Tract 806; Goodhue County; Minnesota,648,144,56,50,50,45,5,9,3,5,32,37,0,10,0,10,13,18,17,19,76,82,70,53,104,61,35,34,96,74,54,42,37,34
1500000US270490807001,Block Group 1; Census Tract 807; Goodhue County; Minnesota,379,56,7,6,8,8,6,6,2,3,6,5,0,10,4,4,7,6,7,5,47,25,44,20,86,35,29,15,47,17,38,13,41,15
1500000US270490807002,Block Group 2; Census Tract 807; Goodhue County; Minnesota,285,43,28,34,2,3,1,3,13,9,1,2,5,5,10,10,0,10,4,4,11,9,27,13,49,16,47,16,19,11,29,18,39,18
1500000US270490807003,Block Group 3; Census Tract 807; Goodhue County; Minnesota,753,67,26,17,23,13,3,4,15,12,29,21,63,42,22,15,16,10,23,17,46,27,73,29,165,45,129,39,50,20,48,19,22,14
1500000US270490808001,Block Group 1; Census Tract 808; Goodhue County; Minnesota,575,92,5,7,3,4,0,10,7,9,3,4,5,5,9,7,16,13,3,4,26,15,76,32,60,30,127,69,60,29,113,39,62,31
1500000US270490808002,Block Group 2; Census Tract 808; Goodhue County; Minnesota,616,136,28,26,62,74,11,16,4,6,5,10,69,68,23,38,8,11,58,73,38,39,51,37,0,10,83,46,84,48,71,35,21,22
1500000US270490808003,Block Group 3; Census Tract 808; Goodhue County; Minnesota,510,139,0,10,0,10,9,14,2,3,7,11,7,11,0,10,0,10,29,23,23,22,0,10,119,126,34,34,73,38,116,54,91,44
1500000US270490809001,Block Group 1; Census Tract 809; Goodhue County; Minnesota,521,106,15,21,0,10,5,6,0,10,62,72,6,6,4,8,6,5,14,9,24,20,48,24,48,17,98,46,29,15,72,35,90,48
1500000US270490809002,Block Group 2; Census Tract 809; Goodhue County; Minnesota,540,102,27,24,6,8,45,37,8,7,6,11,66,46,7,7,15,20,4,5,33,29,47,26,103,39,65,37,24,16,54,26,30,14
1500000US270490809003,Block Group 3; Census Tract 809; Goodhue County; Minnesota,1111,185,2,3,95,115,17,22,87,48,91,94,59,81,0,10,12,18,23,24,49,42,76,64,50,42,309,161,121,69,46,39,74,53
1500000US270490809004,Block Group 4; Census Tract 809; Goodhue County; Minnesota,656,131,53,58,45,48,20,30,22,32,0,10,0,10,0,10,35,38,52,55,39,40,88,53,102,61,37,41,4,4,31,40,128,74
1500000US270510701001,Block Group 1; Census Tract 701; Grant County; Minnesota,489,53,35,22,16,12,20,17,38,25,13,8,42,25,19,12,23,11,0,10,36,12,35,17,84,18,46,20,24,17,26,16,32,12
1500000US270510701002,Block Group 2; Census Tract 701; Grant County; Minnesota,840,73,24,10,22,13,23,12,49,18,28,10,31,17,18,8,24,14,26,14,50,24,104,29,100,26,112,34,55,26,88,22,86,23
1500000US270510702001,Block Group 1; Census Tract 702; Grant County; Minnesota,411,44,18,12,12,8,14,11,27,17,12,7,24,15,8,6,13,10,17,10,25,12,31,11,80,23,39,12,45,19,26,12,20,11
1500000US270510702002,Block Group 2; Census Tract 702; Grant County; Minnesota,425,55,13,7,19,10,11,6,13,9,23,9,20,10,3,3,6,5,11,11,10,6,52,20,61,17,109,43,19,10,20,10,35,13
1500000US270510702003,Block Group 3; Census Tract 702; Grant County; Minnesota,325,45,13,7,15,15,26,21,34,17,22,23,12,7,2,3,18,18,5,5,30,19,23,10,39,16,42,13,11,6,14,12,19,15
1500000US270530001011,Block Group 1; Census Tract 1.01; Hennepin County; Minnesota,288,85,58,57,0,10,0,10,0,10,0,10,0,10,31,31,0,10,0,10,23,25,33,37,44,47,12,20,0,10,87,54,0,10
1500000US270530001012,Block Group 2; Census Tract 1.01; Hennepin County; Minnesota,220,71,0,10,0,10,0,10,35,42,27,30,12,19,14,21,0,10,0,10,5,10,12,20,28,25,17,21,21,25,28,35,21,31
1500000US270530001013,Block Group 3; Census Tract 1.01; Hennepin County; Minnesota,205,73,8,14,0,10,0,10,25,39,0,10,0,10,0,10,0,10,22,31,21,26,43,46,36,34,10,14,25,25,15,25,0,10
1500000US270530001014,Block Group 4; Census Tract 1.01; Hennepin County; Minnesota,434,180,21,23,0,10,0,10,0,10,33,38,0,10,23,30,0,10,0,10,21,25,15,23,42,38,139,121,28,35,0,10,112,148
1500000US270530001021,Block Group 1; Census Tract 1.02; Hennepin County; Minnesota,337,125,33,52,9,16,0,10,14,20,61,65,0,10,0,10,13,21,0,10,16,25,10,15,81,52,36,37,0,10,64,58,0,10
1500000US270530001022,Block Group 2; Census Tract 1.02; Hennepin County; Minnesota,716,120,0,10,57,73,64,74,0,10,92,88,0,10,29,35,51,57,0,10,78,53,33,30,147,72,27,31,101,85,22,23,15,31
1500000US270530001023,Block Group 3; Census Tract 1.02; Hennepin County; Minnesota,405,119,0,10,24,36,0,10,30,46,11,17,27,36,0,10,9,15,0,10,29,47,8,15,73,62,58,53,28,44,68,56,40,37
1500000US270530001024,Block Group 4; Census Tract 1.02; Hennepin County; Minnesota,444,161,0,10,10,16,0,10,24,39,0,10,0,10,0,10,9,14,0,10,37,34,3,15,74,72,69,68,78,63,45,31,95,106
1500000US270530003001,Block Group 1; Census Tract 3; Hennepin County; Minnesota,571,136,14,23,0,10,23,27,47,34,0,10,36,56,0,10,8,10,2,3,41,46,17,20,145,85,57,46,36,33,94,69,51,54
1500000US270530003002,Block Group 2; Census Tract 3; Hennepin County; Minnesota,371,92,30,45,7,12,0,10,0,10,0,10,48,53,0,10,29,29,6,10,21,22,35,32,19,23,68,49,47,35,47,43,14,17
1500000US270530003003,Block Group 3; Census Tract 3; Hennepin County; Minnesota,390,114,10,14,0,10,46,51,47,41,0,10,0,10,0,10,0,10,6,9,14,17,7,11,43,33,26,20,39,42,71,85,81,67
1500000US270530006011,Block Group 1; Census Tract 6.01; Hennepin County; Minnesota,297,104,32,34,9,15,0,10,0,10,34,55,0,10,12,20,0,10,0,10,0,10,0,10,61,44,69,52,19,28,38,45,23,25
1500000US270530006012,Block Group 2; Census Tract 6.01; Hennepin County; Minnesota,448,107,7,11,21,32,0,10,0,10,0,10,0,10,0,10,8,12,0,10,64,63,92,59,88,57,84,52,37,29,17,17,30,36
1500000US270530006013,Block Group 3; Census Tract 6.01; Hennepin County; Minnesota,465,119,25,38,0,10,65,98,0,10,0,10,0,10,7,11,0,10,31,31,0,10,49,63,88,64,56,67,33,39,64,65,47,43
1500000US270530006014,Block Group 4; Census Tract 6.01; Hennepin County; Minnesota,215,68,0,10,0,10,0,10,0,10,0,10,13,21,0,10,0,10,5,9,0,10,4,7,43,43,72,47,7,12,26,30,45,33
1500000US270530006015,Block Group 5; Census Tract 6.01; Hennepin County; Minnesota,444,123,0,10,23,31,20,24,0,10,0,10,0,10,26,29,10,16,0,10,25,34,0,10,40,33,89,95,113,62,98,76,0,10
1500000US270530006031,Block Group 1; Census Tract 6.03; Hennepin County; Minnesota,460,84,10,16,0,10,0,10,0,10,10,18,0,10,0,10,12,17,0,10,34,27,52,42,108,42,33,33,41,31,84,52,76,46
1500000US270530006032,Block Group 2; Census Tract 6.03; Hennepin County; Minnesota,602,236,0,10,0,10,0,10,7,11,0,10,9,14,0,10,34,25,11,16,30,27,8,12,126,79,19,21,10,16,126,57,222,234
1500000US270530006033,Block Group 3; Census Tract 6.03; Hennepin County; Minnesota,324,114,0,10,13,19,0,10,11,18,0,10,0,10,0,10,10,15,7,11,13,20,0,10,26,26,37,28,51,41,43,31,113,103
1500000US270530011001,Block Group 1; Census Tract 11; Hennepin County; Minnesota,362,105,5,8,0,10,5,8,0,10,0,10,6,9,50,71,4,7,7,10,38,23,41,23,67,56,12,13,25,20,46,29,56,33
1500000US270530011002,Block Group 2; Census Tract 11; Hennepin County; Minnesota,626,69,50,32,6,9,25,27,5,8,5,7,38,47,20,17,29,31,19,27,44,24,8,9,129,63,71,36,29,20,62,33,86,48
1500000US270530017001,Block Group 1; Census Tract 17; Hennepin County; Minnesota,291,95,55,50,10,15,0,10,9,14,0,10,13,19,30,34,0,10,0,10,27,41,27,40,47,44,0,10,7,11,28,27,38,34
1500000US270530017002,Block Group 2; Census Tract 17; Hennepin County; Minnesota,773,140,10,17,0,10,15,24,10,16,50,57,38,47,0,10,1,5,79,89,105,60,89,63,27,26,155,104,24,25,101,52,69,53
1500000US270530022001,Block Group 1; Census Tract 22; Hennepin County; Minnesota,203,53,7,10,7,11,8,12,13,17,0,10,0,10,0,10,0,10,7,12,51,44,12,17,33,24,27,22,26,30,12,17,0,10
1500000US270530022002,Block Group 2; Census Tract 22; Hennepin County; Minnesota,160,85,8,12,4,8,0,10,0,10,43,64,0,10,0,10,0,10,0,10,0,10,23,23,0,10,29,36,42,36,7,14,4,8
1500000US270530024001,Block Group 1; Census Tract 24; Hennepin County; Minnesota,616,138,11,20,10,16,0,10,3,5,48,69,11,17,11,17,19,20,59,45,42,50,83,79,81,45,49,48,23,23,61,41,105,50
1500000US270530024002,Block Group 2; Census Tract 24; Hennepin County; Minnesota,768,136,34,30,0,10,45,40,9,15,0,10,0,10,50,76,35,53,9,14,66,44,92,73,167,78,84,63,67,42,17,19,93,58
1500000US270530027001,Block Group 1; Census Tract 27; Hennepin County; Minnesota,275,68,0,10,12,14,0,10,23,26,36,45,9,12,19,21,0,10,11,12,4,6,58,34,24,23,10,16,21,23,43,37,5,8
1500000US270530027002,Block Group 2; Census Tract 27; Hennepin County; Minnesota,562,127,48,51,6,9,4,6,0,10,29,29,33,33,12,18,19,18,7,13,0,10,31,28,118,80,70,42,53,36,49,41,83,64
1500000US270530032001,Block Group 1; Census Tract 32; Hennepin County; Minnesota,329,142,27,34,53,47,0,10,4,7,0,10,40,30,63,106,23,23,1,2,0,10,9,19,36,42,4,6,36,36,9,26,24,19
1500000US270530032002,Block Group 2; Census Tract 32; Hennepin County; Minnesota,321,113,35,31,63,54,7,12,3,6,17,22,0,10,15,26,0,10,0,10,18,21,37,48,24,36,20,20,8,16,50,33,24,24
1500000US270530033001,Block Group 1; Census Tract 33; Hennepin County; Minnesota,366,120,36,35,6,8,0,10,6,11,0,10,56,83,12,15,0,10,40,48,46,47,34,31,40,30,14,18,29,25,9,16,38,46
1500000US270530033002,Block Group 2; Census Tract 33; Hennepin County; Minnesota,241,75,6,9,15,23,0,10,0,10,0,10,0,10,0,10,0,10,0,10,33,47,23,37,79,58,32,38,27,26,19,19,7,11
1500000US270530038011,Block Group 1; Census Tract 38.01; Hennepin County; Minnesota,690,143,42,36,19,22,0,10,42,39,0,10,71,35,11,18,31,36,50,48,0,10,102,65,58,57,17,18,86,61,73,66,88,30
1500000US270530038012,Block Group 2; Census Tract 38.01; Hennepin County; Minnesota,886,299,43,40,32,37,18,22,88,95,230,254,53,58,47,47,118,133,0,10,0,10,45,46,92,74,0,10,33,49,30,41,57,71
1500000US270530038021,Block Group 1; Census Tract 38.02; Hennepin County; Minnesota,452,145,20,23,7,12,68,16,70,113,0,10,0,10,20,23,0,10,0,10,42,32,29,26,90,30,50,81,25,29,0,10,31,30
1500000US270530038022,Block Group 2; Census Tract 38.02; Hennepin County; Minnesota,556,162,70,67,38,60,56,61,161,144,38,64,21,26,47,61,11,18,0,10,13,21,31,30,0,10,0,10,48,77,22,26,0,10
1500000US270530059011,Block Group 1; Census Tract 59.01; Hennepin County; Minnesota,472,160,105,94,96,79,42,46,27,49,14,22,0,10,17,27,0,10,0,10,84,69,56,51,31,47,0,10,0,10,0,10,0,10
1500000US270530059012,Block Group 2; Census Tract 59.01; Hennepin County; Minnesota,267,109,62,59,13,22,0,10,30,32,16,26,13,21,0,10,17,27,0,10,17,58,27,23,23,34,33,37,0,10,16,31,0,10
1500000US270530059013,Block Group 3; Census Tract 59.01; Hennepin County; Minnesota,702,207,85,96,139,124,5,16,14,22,46,64,0,10,12,21,81,83,0,10,185,142,16,28,41,59,16,24,37,55,25,39,0,10
1500000US270530059021,Block Group 1; Census Tract 59.02; Hennepin County; Minnesota,301,115,0,10,0,10,0,10,41,50,0,10,106,84,0,10,0,10,49,40,61,42,0,10,0,10,8,24,0,10,21,33,15,22
1500000US270530059022,Block Group 2; Census Tract 59.02; Hennepin County; Minnesota,193,85,20,31,0,10,12,18,9,18,0,10,0,10,45,34,0,10,18,31,61,67,18,29,10,16,0,10,0,10,0,10,0,10
1500000US270530059023,Block Group 3; Census Tract 59.02; Hennepin County; Minnesota,687,176,217,119,26,37,18,29,35,32,22,33,31,44,0,10,0,10,28,27,143,108,83,95,39,49,41,34,0,10,4,17,0,10
1500000US270530068001,Block Group 1; Census Tract 68; Hennepin County; Minnesota,712,268,0,10,60,76,182,195,0,10,0,10,0,10,42,67,37,58,43,45,49,77,106,76,44,42,131,156,18,30,0,10,0,10
1500000US270530068002,Block Group 2; Census Tract 68; Hennepin County; Minnesota,421,137,34,49,0,10,0,10,25,38,28,32,18,29,23,36,15,27,15,24,97,75,22,36,31,37,0,10,86,102,0,10,27,38
1500000US270530068003,Block Group 3; Census Tract 68; Hennepin County; Minnesota,612,161,116,127,13,21,18,30,0,10,19,30,0,10,60,61,0,10,34,51,72,61,41,51,138,96,28,32,7,13,66,90,0,10
1500000US270530068004,Block Group 4; Census Tract 68; Hennepin County; Minnesota,408,143,62,63,0,10,0,10,22,37,0,10,42,54,0,10,0,10,138,116,0,10,49,39,18,30,17,27,0,10,26,42,34,50
1500000US270530077001,Block Group 1; Census Tract 77; Hennepin County; Minnesota,1287,365,404,283,45,68,0,10,74,116,0,10,40,64,21,36,8,17,102,130,99,108,169,111,123,105,110,108,50,69,0,10,42,66
1500000US270530077002,Block Group 2; Census Tract 77; Hennepin County; Minnesota,2568,483,27,41,43,52,15,24,94,144,0,10,21,31,55,51,103,109,271,258,238,208,446,325,377,174,247,252,180,156,225,138,226,141
1500000US270530078011,Block Group 1; Census Tract 78.01; Hennepin County; Minnesota,437,93,48,39,42,35,18,16,24,34,0,10,39,28,3,4,34,31,19,19,58,57,37,37,99,66,0,10,8,13,8,13,0,10
1500000US270530078012,Block Group 2; Census Tract 78.01; Hennepin County; Minnesota,329,104,12,19,6,10,31,28,0,10,0,10,91,63,5,8,6,9,32,30,69,60,0,10,56,59,6,10,0,10,2,4,13,15
1500000US270530081001,Block Group 1; Census Tract 81; Hennepin County; Minnesota,367,113,19,23,15,25,31,46,0,10,0,10,10,16,31,49,14,23,0,10,43,56,18,20,25,24,54,42,24,30,20,23,63,50
1500000US270530081002,Block Group 2; Census Tract 81; Hennepin County; Minnesota,328,96,17,20,0,10,0,10,0,10,0,10,11,17,0,10,10,15,9,15,14,23,57,50,40,35,20,32,60,58,47,40,43,34
1500000US270530081003,Block Group 3; Census Tract 81; Hennepin County; Minnesota,495,114,0,10,0,10,11,19,0,10,0,10,0,10,0,10,12,18,23,37,68,45,49,36,163,101,41,46,30,35,46,37,52,48
1500000US270530081004,Block Group 4; Census Tract 81; Hennepin County; Minnesota,714,145,71,56,0,10,0,10,0,10,84,90,58,46,48,43,44,45,11,17,43,35,129,58,61,41,60,53,0,10,9,14,96,72
1500000US270530082001,Block Group 1; Census Tract 82; Hennepin County; Minnesota,970,270,169,165,74,53,120,124,34,56,143,158,73,131,69,69,21,33,45,74,127,185,0,10,5,11,90,107,0,10,0,10,0,10
1500000US270530082002,Block Group 2; Census Tract 82; Hennepin County; Minnesota,474,212,23,39,20,31,26,49,0,10,0,10,0,10,6,11,0,10,71,83,17,30,107,126,70,64,0,10,26,41,49,79,59,62
1500000US270530082003,Block Group 3; Census Tract 82; Hennepin County; Minnesota,501,183,0,10,0,10,0,10,55,86,0,10,67,58,0,10,0,10,0,10,79,121,32,40,65,90,30,40,104,97,26,45,43,42
1500000US270530082004,Block Group 4; Census Tract 82; Hennepin County; Minnesota,274,161,28,36,0,10,0,10,0,10,0,10,0,10,0,10,0,10,0,10,0,10,94,89,58,95,60,54,13,25,21,26,0,10
1500000US270530083001,Block Group 1; Census Tract 83; Hennepin County; Minnesota,328,94,0,10,0,10,12,18,32,34,32,51,35,50,4,16,9,13,0,10,28,39,8,12,64,33,6,10,38,31,18,19,42,29
1500000US270530083002,Block Group 2; Census Tract 83; Hennepin County; Minnesota,238,62,31,32,0,10,0,10,0,10,9,12,35,49,35,48,5,9,1,5,24,23,8,10,19,18,0,10,0,10,52,41,19,20
1500000US270530084001,Block Group 1; Census Tract 84; Hennepin County; Minnesota,430,74,11,16,0,10,16,17,0,10,0,10,10,14,9,14,10,16,0,10,16,18,41,50,50,26,53,43,47,42,100,57,67,41
1500000US270530084002,Block Group 2; Census Tract 84; Hennepin County; Minnesota,308,76,0,10,9,13,12,18,8,12,0,10,0,10,9,13,0,10,0,10,34,34,57,44,27,23,50,36,62,46,17,19,23,20
1500000US270530085001,Block Group 1; Census Tract 85; Hennepin County; Minnesota,273,106,60,90,0,10,0,10,0,10,35,34,0,10,0,10,11,18,0,10,0,10,32,41,40,37,12,20,34,32,15,21,34,33
1500000US270530085002,Block Group 2; Census Tract 85; Hennepin County; Minnesota,849,262,160,168,60,79,12,18,9,15,60,52,32,37,104,143,15,22,19,30,34,34,67,45,123,75,77,89,44,38,33,35,0,10
1500000US270530085003,Block Group 3; Census Tract 85; Hennepin County; Minnesota,192,81,0,10,0,10,0,10,0,10,0,10,16,26,0,10,14,16,22,25,7,10,8,14,40,43,9,16,37,42,39,38,0,10
1500000US270530085004,Block Group 4; Census Tract 85; Hennepin County; Minnesota,311,122,88,86,0,10,0,10,0,10,0,10,0,10,0,10,0,10,68,64,10,16,30,32,73,48,20,23,13,21,1,3,8,14
1500000US270530095001,Block Group 1; Census Tract 95; Hennepin County; Minnesota,321,142,44,67,32,50,0,10,10,16,0,10,45,72,0,10,0,10,0,10,0,10,23,23,38,31,33,33,8,14,75,103,13,20
1500000US270530095002,Block Group 2; Census Tract 95; Hennepin County; Minnesota,300,103,13,20,0,10,0,10,0,10,21,23,0,10,5,8,13,21,10,16,31,51,88,77,20,24,41,40,0,10,34,32,24,28
1500000US270530095003,Block Group 3; Census Tract 95; Hennepin County; Minnesota,426,83,0,10,0,10,0,10,12,20,0,10,0,10,0,10,0,10,10,16,21,23,58,46,25,24,50,33,69,59,90,49,91,75
1500000US270530096001,Block Group 1; Census Tract 96; Hennepin County; Minnesota,251,79,0,10,0,10,0,10,10,16,9,15,21,35,16,23,22,32,23,25,13,21,23,22,29,28,53,54,0,10,0,10,32,31
1500000US270530096002,Block Group 2; Census Tract 96; Hennepin County; Minnesota,434,128,36,40,0,10,7,12,51,85,56,57,0,10,10,16,0,10,3,5,32,25,51,45,99,64,28,29,10,17,44,38,7,11
1500000US270530096003,Block Group 3; Census Tract 96; Hennepin County; Minnesota,358,79,0,10,0,10,0,10,0,10,0,10,31,36,0,10,0,10,0,10,14,16,20,23,58,39,98,51,39,28,35,36,63,45
1500000US270530096004,Block Group 4; Census Tract 96; Hennepin County; Minnesota,279,62,0,10,0,10,0,10,0,10,0,10,0,10,8,13,0,10,12,19,27,27,39,36,43,38,0,10,33,27,56,39,61,52
1500000US270530106001,Block Group 1; Census Tract 106; Hennepin County; Minnesota,315,81,26,39,0,10,0,10,0,10,0,10,0,10,16,23,0,10,11,16,0,10,0,10,47,42,40,36,20,23,29,33,126,62
1500000US270530106002,Block Group 2; Census Tract 106; Hennepin County; Minnesota,613,133,0,10,0,10,0,10,9,15,28,34,0,10,0,10,0,10,10,15,36,32,33,34,104,94,39,27,16,18,98,67,240,73
1500000US270530106003,Block Group 3; Census Tract 106; Hennepin County; Minnesota,358,84,0,10,14,17,0,10,0,10,0,10,4,8,0,10,0,10,48,39,24,29,0,10,18,21,60,51,21,23,23,24,146,57
1500000US270530107001,Block Group 1; Census Tract 107; Hennepin County; Minnesota,269,51,5,9,0,10,6,10,8,10,4,6,18,19,4,7,0,10,5,8,10,11,21,18,34,27,65,32,17,13,27,21,45,24
1500000US270530107002,Block Group 2; Census Tract 107; Hennepin County; Minnesota,433,61,4,7,4,8,16,27,0,10,0,10,0,10,0,10,0,10,0,10,30,26,24,23,14,11,85,48,55,36,19,18,182,52
1500000US270530107003,Block Group 3; Census Tract 107; Hennepin County; Minnesota,256,51,0,10,0,10,0,10,0,10,0,10,0,10,0,10,15,17,6,7,6,8,4,6,26,18,29,17,11,12,9,11,150,45
1500000US270530110001,Block Group 1; Census Tract 110; Hennepin County; Minnesota,394,82,0,10,0,10,0,10,7,9,0,10,0,10,8,14,18,26,10,16,7,10,33,35,101,56,42,30,31,31,73,65,64,41
1500000US270530110002,Block Group 2; Census Tract 110; Hennepin County; Minnesota,390,161,0,10,0,10,0,10,0,10,0,10,98,146,0,10,0,10,12,13,71,62,15,19,60,52,47,43,25,27,31,28,31,27
1500000US270530110003,Block Group 3; Census Tract 110; Hennepin County; Minnesota,281,73,5,8,0,10,16,17,0,10,0,10,0,10,0,10,0,10,0,10,16,26,24,27,26,26,74,47,23,19,68,57,29,28
1500000US270530110004,Block Group 4; Census Tract 110; Hennepin County; Minnesota,533,151,5,9,0,10,12,18,0,10,0,10,19,20,0,10,0,10,12,13,30,31,18,20,7,10,88,60,48,37,186,122,108,63
1500000US270530117031,Block Group 1; Census Tract 117.03; Hennepin County; Minnesota,322,88,0,10,0,10,0,10,0,10,0,10,7,13,0,10,12,18,9,14,31,31,32,46,36,35,10,17,21,23,80,54,84,45
1500000US270530117032,Block Group 2; Census Tract 117.03; Hennepin County; Minnesota,306,91,0,10,0,10,0,10,0,10,8,13,0,10,0,10,0,10,25,38,7,11,20,23,18,18,20,24,15,17,65,52,128,53
1500000US270530117033,Block Group 3; Census Tract 117.03; Hennepin County; Minnesota,307,70,0,10,0,10,0,10,0,10,0,10,0,10,8,13,0,10,0,10,0,10,17,20,65,37,31,26,38,29,33,30,115,53
1500000US270530117034,Block Group 4; Census Tract 117.03; Hennepin County; Minnesota,300,92,7,13,9,14,0,10,11,18,9,14,0,10,0,10,0,10,8,13,0,10,27,32,8,12,25,25,25,23,65,43,106,83
1500000US270530117035,Block Group 5; Census Tract 117.03; Hennepin County; Minnesota,398,80,42,50,0,10,0,10,0,10,0,10,9,14,0,10,0,10,0,10,15,18,8,13,19,20,8,12,75,41,92,67,130,58
1500000US270530117041,Block Group 1; Census Tract 117.04; Hennepin County; Minnesota,399,83,9,14,0,10,0,10,0,10,0,10,0,10,0,10,0,10,18,27,0,10,10,17,28,28,12,18,43,33,79,43,200,63
1500000US270530117042,Block Group 2; Census Tract 117.04; Hennepin County; Minnesota,390,134,0,10,11,17,0,10,0,10,0,10,0,10,0,10,0,10,9,14,10,17,18,21,15,24,52,50,45,29,44,35,186,121
1500000US270530117043,Block Group 3; Census Tract 117.04; Hennepin County; Minnesota,532,98,11,18,0,10,0,10,11,17,0,10,0,10,19,31,0,10,0,10,0,10,78,52,80,55,60,44,57,39,75,50,141,69
1500000US270530118001,Block Group 1; Census Tract 118; Hennepin County; Minnesota,355,108,41,47,0,10,0,10,0,10,0,10,18,29,0,10,15,24,1,3,22,35,0,10,14,23,28,34,28,31,32,30,156,90
1500000US270530118002,Block Group 2; Census Tract 118; Hennepin County; Minnesota,265,99,0,10,0,10,0,10,0,10,0,10,0,10,0,10,0,10,0,10,21,32,11,19,106,80,0,10,50,52,24,31,53,47
1500000US270530118003,Block Group 3; Census Tract 118; Hennepin County; Minnesota,359,148,0,10,0,10,0,10,0,10,0,10,0,10,0,10,0,10,0,10,13,22,104,134,49,46,41,48,40,46,24,32,88,70
1500000US270530118004,Block Group 4; Census Tract 118; Hennepin County; Minnesota,372,101,22,34,0,10,0,10,16,24,0,10,0,10,0,10,0,10,0,10,0,10,60,70,78,54,35,29,13,22,74,63,74,61
1500000US270530118005,Block Group 5; Census Tract 118; Hennepin County; Minnesota,599,232,15,27,0,10,0,10,67,70,0,10,0,10,0,10,0,10,0,10,0,10,40,45,52,47,98,67,70,56,77,49,180,211
1500000US270530119981,Block Group 1; Census Tract 119.98; Hennepin County; Minnesota,358,159,1,12,28,41,12,20,0,10,0,10,21,35,0,10,0,10,25,40,0,10,0,10,37,44,0,10,32,36,127,147,75,53
1500000US270530119982,Block Group 2; Census Tract 119.98; Hennepin County; Minnesota,366,106,36,42,16,22,0,10,0,10,0,10,0,10,0,10,22,36,0,10,28,30,0,10,88,87,28,37,45,42,40,39,63,50
1500000US270530119983,Block Group 3; Census Tract 119.98; Hennepin County; Minnesota,639,161,45,50,0,10,0,10,38,42,0,10,47,66,0,10,36,41,13,21,40,46,60,50,79,62,82,87,112,95,16,28,71,55
1500000US270530119984,Block Group 4; Census Tract 119.98; Hennepin County; Minnesota,352,120,29,45,19,32,23,37,0,10,0,10,27,43,0,10,0,10,48,53,34,41,54,61,37,45,10,22,55,52,0,10,16,29
1500000US270530119985,Block Group 5; Census Tract 119.98; Hennepin County; Minnesota,392,126,12,19,0,10,21,34,0,10,0,10,0,10,0,10,0,10,0,10,63,70,57,51,41,53,29,39,34,50,92,67,43,47
1500000US270530120011,Block Group 1; Census Tract 120.01; Hennepin County; Minnesota,530,144,0,10,38,46,0,10,0,10,11,17,49,74,0,10,0,10,0,10,0,10,13,21,47,45,28,33,59,52,75,47,210,144
1500000US270530120012,Block Group 2; Census Tract 120.01; Hennepin County; Minnesota,496,131,0,10,0,10,0,10,0,10,0,10,0,10,0,10,0,10,0,10,0,10,16,26,64,91,44,42,0,10,190,83,182,113
1500000US270530120013,Block Group 3; Census Tract 120.01; Hennepin County; Minnesota,325,150,12,19,0,10,0,10,20,33,0,10,0,10,0,10,23,36,68,108,23,26,0,10,36,26,30,35,59,87,25,40,29,24
1500000US270530120014,Block Group 4; Census Tract 120.01; Hennepin County; Minnesota,355,99,0,10,0,10,0,10,0,10,15,24,0,10,10,18,17,26,0,10,35,39,0,10,48,46,14,27,34,39,114,86,68,68
1500000US270530120015,Block Group 5; Census Tract 120.01; Hennepin County; Minnesota,343,108,0,10,0,10,0,10,21,34,17,27,18,29,0,10,0,10,19,31,12,20,15,25,15,24,77,59,28,45,26,41,95,73
1500000US270530120016,Block Group 6; Census Tract 120.01; Hennepin County; Minnesota,553,165,18,31,0,10,0,10,0,10,0,10,18,28,0,10,0,10,0,10,0,10,15,27,57,49,59,51,129,146,81,61,176,75
1500000US270530120031,Block Group 1; Census Tract 120.03; Hennepin County; Minnesota,725,182,0,10,101,98,0,10,0,10,2,30,0,10,0,10,25,44,55,48,0,10,183,149,45,53,30,46,26,45,179,129,79,74
1500000US270530120032,Block Group 2; Census Tract 120.03; Hennepin County; Minnesota,301,220,43,84,0,10,0,10,0,10,0,10,0,10,0,10,128,140,0,10,0,10,18,28,0,10,1,10,49,60,0,10,62,100
1500000US270530120033,Block Group 3; Census Tract 120.03; Hennepin County; Minnesota,503,226,0,10,0,10,0,10,0,10,0,10,0,10,0,10,30,43,0,10,10,19,16,26,15,24,1,10,137,159,0,10,294,168
1500000US270530120034,Block Group 4; Census Tract 120.03; Hennepin County; Minnesota,108,60,0,10,0,10,0,10,0,10,0,10,0,10,23,37,0,10,26,39,0,10,0,10,15,23,33,39,0,10,11,18,0,10
1500000US270530120035,Block Group 5; Census Tract 120.03; Hennepin County; Minnesota,344,134,0,10,0,10,0,10,0,10,17,30,0,10,0,10,0,10,0,10,0,10,10,18,0,10,0,10,0,10,217,132,100,79
1500000US270530120036,Block Group 6; Census Tract 120.03; Hennepin County; Minnesota,462,286,0,10,0,10,74,113,16,30,22,35,0,10,0,10,0,10,18,27,0,10,15,25,231,262,29,40,25,39,0,10,32,39
1500000US270530121011,Block Group 1; Census Tract 121.01; Hennepin County; Minnesota,435,107,7,11,0,10,0,10,0,10,0,10,0,10,29,31,9,13,9,16,42,44,27,26,69,50,52,52,63,44,117,58,11,17
1500000US270530121012,Block Group 2; Census Tract 121.01; Hennepin County; Minnesota,409,118,43,59,23,37,36,39,9,18,16,19,0,10,15,25,55,58,15,22,62,64,14,20,17,27,12,19,23,30,58,42,11,15
1500000US270530121013,Block Group 3; Census Tract 121.01; Hennepin County; Minnesota,269,66,0,10,10,17,0,10,0,10,0,10,0,10,7,13,10,15,0,10,9,15,0,10,49,40,18,25,35,32,68,59,63,58
1500000US270530121021,Block Group 1; Census Tract 121.02; Hennepin County; Minnesota,606,137,10,16,0,10,9,15,0,10,0,10,11,18,0,10,0,10,11,17,14,23,64,41,165,97,18,17,141,76,70,42,93,53
1500000US270530121022,Block Group 2; Census Tract 121.02; Hennepin County; Minnesota,396,87,11,16,0,10,0,10,0,10,8,17,0,10,15,22,16,23,17,18,34,33,75,71,70,44,65,32,30,24,43,25,12,20
1500000US270530121023,Block Group 3; Census Tract 121.02; Hennepin County; Minnesota,438,185,15,25,0,10,0,10,0,10,0,10,0,10,11,17,0,10,0,10,0,10,12,19,111,66,50,46,29,30,152,156,58,48
1500000US270530201011,Block Group 1; Census Tract 201.01; Hennepin County; Minnesota,539,165,0,10,9,15,0,10,0,10,0,10,0,10,16,19,7,11,0,10,15,19,64,59,25,31,16,19,7,11,23,22,357,161
1500000US270530201012,Block Group 2; Census Tract 201.01; Hennepin County; Minnesota,410,106,0,10,0,10,0,10,0,10,28,39,0,10,0,10,17,19,0,10,25,23,24,22,54,40,52,32,48,39,55,36,107,64
1500000US270530201013,Block Group 3; Census Tract 201.01; Hennepin County; Minnesota,251,74,0,10,0,10,2,5,0,10,0,10,9,15,8,13,8,13,0,10,0,10,28,26,8,15,45,35,23,24,38,27,82,45
1500000US270530201021,Block Group 1; Census Tract 201.02; Hennepin County; Minnesota,507,138,12,19,0,10,0,10,10,16,14,21,10,15,0,10,11,18,0,10,0,10,43,66,19,22,145,158,80,65,61,46,102,57
1500000US270530201022,Block Group 2; Census Tract 201.02; Hennepin County; Minnesota,0,10,0,10,0,10,0,10,0,10,0,10,0,10,0,10,0,10,0,10,0,10,0,10,0,10,0,10,0,10,0,10,0,10
1500000US270530201023,Block Group 3; Census Tract 201.02; Hennepin County; Minnesota,698,180,31,30,13,20,91,127,5,8,14,18,40,41,48,52,33,32,40,32,16,19,59,40,81,58,45,37,43,39,29,26,110,81
1500000US270530202011,Block Group 1; Census Tract 202.01; Hennepin County; Minnesota,332,118,0,10,14,23,0,10,20,32,14,24,0,10,0,10,16,20,0,10,26,32,98,80,42,33,11,17,6,11,11,17,74,82
1500000US270530202012,Block Group 2; Census Tract 202.01; Hennepin County; Minnesota,287,131,0,10,73,108,0,10,34,44,13,21,0,10,39,53,0,10,17,27,24,34,35,55,15,24,3,7,10,16,0,10,24,45
1500000US270530202013,Block Group 3; Census Tract 202.01; Hennepin County; Minnesota,310,100,71,81,70,78,57,64,11,18,31,51,0,10,18,32,0,10,0,10,16,26,0,10,10,16,0,10,26,42,0,10,0,10
1500000US270530202021,Block Group 1; Census Tract 202.02; Hennepin County; Minnesota,409,144,43,66,0,10,0,10,8,14,0,10,0,10,0,10,8,12,38,57,9,13,86,97,12,21,34,41,13,23,91,75,67,53
1500000US270530202022,Block Group 2; Census Tract 202.02; Hennepin County; Minnesota,343,116,28,43,0,10,24,38,0,10,10,20,0,10,0,10,0,10,90,98,31,31,53,64,65,67,24,30,18,20,0,10,0,10
1500000US270530202023,Block Group 3; Census Tract 202.02; Hennepin County; Minnesota,315,181,9,14,0,10,0,10,6,11,0,10,8,14,10,16,7,12,14,22,15,24,109,147,94,114,8,15,35,28,0,10,0,10
1500000US270530202024,Block Group 4; Census Tract 202.02; Hennepin County; Minnesota,399,295,12,24,0,10,0,10,0,10,0,10,8,12,0,10,0,10,14,23,10,16,274,277,55,65,26,25,0,10,0,10,0,10
1500000US270530202025,Block Group 5; Census Tract 202.02; Hennepin County; Minnesota,417,83,47,53,0,10,0,10,0,10,0,10,0,10,0,10,92,56,48,61,18,31,25,34,55,51,66,59,66,45,0,10,0,10
1500000US270530203011,Block Group 1; Census Tract 203.01; Hennepin County; Minnesota,320,77,8,11,5,8,4,6,0,10,15,23,11,13,12,13,12,13,0,10,31,30,32,22,23,20,83,46,36,26,33,28,15,21
1500000US270530203012,Block Group 2; Census Tract 203.01; Hennepin County; Minnesota,484,85,6,9,19,28,0,10,12,14,0,10,0,10,0,10,6,8,43,43,48,39,29,40,155,61,39,30,14,15,43,27,70,48
1500000US270530203021,Block Group 1; Census Tract 203.02; Hennepin County; Minnesota,556,100,26,21,14,20,40,39,1,3,82,70,16,17,0,10,45,32,12,13,35,46,63,47,97,48,3,7,44,36,63,52,15,21
1500000US270530203022,Block Group 2; Census Tract 203.02; Hennepin County; Minnesota,380,129,15,23,0,10,31,26,26,25,0,10,0,10,8,11,8,13,16,16,18,20,96,106,72,41,30,26,12,15,23,32,25,20
1500000US270530203031,Block Group 1; Census Tract 203.03; Hennepin County; Minnesota,362,75,0,10,0,10,27,42,0,10,0,10,0,10,0,10,0,10,8,14,8,14,52,43,77,41,95,67,27,30,55,34,13,16
1500000US270530203032,Block Group 2; Census Tract 203.03; Hennepin County; Minnesota,563,188,82,117,21,25,0,10,0,10,0,10,34,50,14,21,0,10,20,30,0,10,36,23,33,30,95,86,77,59,57,40,94,103
1500000US270530203033,Block Group 3; Census Tract 203.03; Hennepin County; Minnesota,354,98,9,14,0,10,22,34,11,16,0,10,6,11,0,10,0,10,5,9,68,74,38,33,62,55,51,33,36,30,46,51,0,10
1500000US270530203041,Block Group 1; Census Tract 203.04; Hennepin County; Minnesota,451,139,19,30,0,10,20,25,0,10,0,10,31,42,29,25,0,10,48,51,0,10,54,43,18,20,150,99,65,64,17,22,0,10
1500000US270530203042,Block Group 2; Census Tract 203.04; Hennepin County; Minnesota,446,163,0,10,0,10,66,93,0,10,11,17,18,23,9,15,8,17,72,79,62,63,64,55,62,86,20,19,0,10,27,30,27,36
1500000US270530203043,Block Group 3; Census Tract 203.04; Hennepin County; Minnesota,423,122,7,11,0,10,7,11,4,10,0,10,10,21,0,10,41,54,0,10,108,102,85,82,38,43,56,55,22,30,37,41,8,12
1500000US270530204001,Block Group 1; Census Tract 204; Hennepin County; Minnesota,493,169,11,20,0,10,8,13,0,10,0,10,13,21,48,82,11,17,11,17,69,40,19,23,163,114,105,65,0,10,26,24,9,14
1500000US270530204002,Block Group 2; Census Tract 204; Hennepin County; Minnesota,448,238,157,221,16,26,13,20,9,14,10,15,0,10,0,10,0,10,9,14,0,10,82,72,27,22,59,59,31,28,8,13,27,42
1500000US270530204003,Block Group 3; Census Tract 204; Hennepin County; Minnesota,657,134,66,83,21,24,0,10,19,22,42,54,0,10,29,46,49,64,48,63,16,21,60,44,155,69,29,29,106,59,10,15,7,11
1500000US270530204004,Block Group 4; Census Tract 204; Hennepin County; Minnesota,0,10,0,10,0,10,0,10,0,10,0,10,0,10,0,10,0,10,0,10,0,10,0,10,0,10,0,10,0,10,0,10,0,10
1500000US270530204005,Block Group 5; Census Tract 204; Hennepin County; Minnesota,394,168,21,24,63,103,0,10,21,35,7,11,9,15,53,68,0,10,43,66,51,69,12,17,0,10,77,93,5,8,21,27,11,18
1500000US270530205001,Block Group 1; Census Tract 205; Hennepin County; Minnesota,304,122,0,10,0,10,19,33,0,10,0,10,9,16,9,15,0,10,0,10,11,17,155,67,76,103,5,9,6,11,0,10,14,17
1500000US270530205002,Block Group 2; Census Tract 205; Hennepin County; Minnesota,430,158,0,10,0,10,0,10,38,56,0,10,0,10,0,10,0,10,5,8,49,62,43,47,59,61,46,43,98,107,73,73,19,22
1500000US270530205003,Block Group 3; Census Tract 205; Hennepin County; Minnesota,527,148,27,53,60,83,1,8,16,29,0,10,11,17,16,27,0,10,0,10,24,27,26,29,227,135,40,36,32,34,19,24,28,47
1500000US270530206001,Block Group 1; Census Tract 206; Hennepin County; Minnesota,320,64,0,10,37,43,0,10,6,9,3,6,0,10,9,13,9,10,2,4,20,13,11,14,92,36,72,33,26,24,14,14,19,23
1500000US270530206002,Block Group 2; Census Tract 206; Hennepin County; Minnesota,440,81,7,8,0,10,12,20,21,15,3,6,21,32,14,17,16,18,10,11,71,56,26,28,97,74,90,50,35,37,7,10,10,11
1500000US270530207001,Block Group 1; Census Tract 207; Hennepin County; Minnesota,496,104,18,24,0,10,0,10,0,10,13,21,12,13,0,10,7,11,6,11,10,13,112,80,88,54,72,54,63,39,18,20,77,57
1500000US270530207002,Block Group 2; Census Tract 207; Hennepin County; Minnesota,500,95,22,24,19,21,11,17,0,10,11,17,0,10,0,10,0,10,9,13,13,19,58,48,74,49,47,36,56,43,72,42,108,56
1500000US270530207003,Block Group 3; Census Tract 207; Hennepin County; Minnesota,667,130,23,26,32,48,7,12,44,44,0,10,63,52,16,18,0,10,0,10,23,27,39,33,91,44,116,85,45,33,157,78,11,15
1500000US270530208011,Block Group 1; Census Tract 208.01; Hennepin County; Minnesota,455,116,0,10,0,10,13,19,4,8,13,14,0,10,2,4,38,55,7,12,39,36,82,50,75,47,60,57,41,34,29,22,52,37
1500000US270530208012,Block Group 2; Census Tract 208.01; Hennepin County; Minnesota,453,80,33,42,7,10,11,12,6,9,15,22,34,27,8,11,0,10,26,22,64,40,12,13,40,23,94,44,52,35,36,21,15,10
1500000US270530208041,Block Group 1; Census Tract 208.04; Hennepin County; Minnesota,441,93,24,37,33,43,17,24,31,29,24,29,8,14,42,45,76,79,8,12,5,7,66,54,11,16,20,24,30,32,26,30,20,23
1500000US270530208042,Block Group 2; Census Tract 208.04; Hennepin County; Minnesota,400,142,8,13,0,10,0,10,28,33,15,23,6,10,0,10,23,22,29,32,0,10,19,23,123,112,44,34,60,53,45,68,0,10
1500000US270530208043,Block Group 3; Census Tract 208.04; Hennepin County; Minnesota,390,126,0,10,0,10,0,10,0,10,21,37,0,10,4,8,0,10,9,15,0,10,40,29,37,34,51,37,103,103,96,76,29,33
1500000US270530209021,Block Group 1; Census Tract 209.02; Hennepin County; Minnesota,276,59,15,18,0,10,0,10,6,8,6,8,0,10,0,10,0,10,10,11,5,9,30,23,63,35,40,29,34,27,44,30,23,20
1500000US270530209022,Block Group 2; Census Tract 209.02; Hennepin County; Minnesota,634,110,0,10,6,9,4,7,11,12,6,9,8,10,6,10,7,8,6,9,48,46,15,14,89,43,109,47,91,38,100,48,128,89
1500000US270530209031,Block Group 1; Census Tract 209.03; Hennepin County; Minnesota,392,94,46,43,0,10,0,10,11,17,0,10,12,17,17,26,4,6,0,10,0,10,17,20,64,47,122,68,40,30,30,36,29,34
1500000US270530209032,Block Group 2; Census Tract 209.03; Hennepin County; Minnesota,309,86,0,10,0,10,30,32,0,10,0,10,49,59,0,10,0,10,11,17,7,12,15,23,76,49,46,41,14,12,30,32,31,32
1500000US270530209033,Block Group 3; Census Tract 209.03; Hennepin County; Minnesota,451,102,0,10,5,10,12,17,0,10,11,17,21,22,0,10,11,17,20,24,10,15,60,33,72,39,21,23,97,80,43,35,68,50
1500000US270530210011,Block Group 1; Census Tract 210.01; Hennepin County; Minnesota,579,258,0,10,3,6,13,22,0,10,0,10,0,10,0,10,0,10,14,23,25,21,218,180,184,197,16,25,38,46,44,63,24,28
1500000US270530210012,Block Group 2; Census Tract 210.01; Hennepin County; Minnesota,277,116,0,10,5,8,16,24,0,10,0,10,33,52,0,10,0,10,14,22,0,10,16,26,47,33,55,55,12,19,5,9,74,81
1500000US270530210013,Block Group 3; Census Tract 210.01; Hennepin County; Minnesota,256,95,0,10,0,10,0,10,17,27,29,33,0,10,14,22,0,10,15,23,0,10,43,61,14,22,10,16,0,10,103,77,11,19
1500000US270530210014,Block Group 4; Census Tract 210.01; Hennepin County; Minnesota,645,142,0,10,59,74,8,13,131,128,29,35,60,58,0,10,33,40,0,10,121,96,69,84,85,62,35,39,15,27,0,10,0,10
1500000US270530210015,Block Group 5; Census Tract 210.01; Hennepin County; Minnesota,745,278,0,10,13,22,14,22,0,10,0,10,0,10,67,87,15,24,0,10,15,22,16,24,106,94,175,102,222,216,64,62,38,62
1500000US270530210021,Block Group 1; Census Tract 210.02; Hennepin County; Minnesota,214,54,0,10,0,10,0,10,0,10,12,14,14,21,0,10,0,10,3,5,14,14,7,10,28,19,52,28,17,12,34,30,33,21
1500000US270530210022,Block Group 2; Census Tract 210.02; Hennepin County; Minnesota,377,75,23,20,15,18,24,31,59,79,4,7,25,30,12,14,9,11,20,19,20,18,27,21,20,16,66,35,6,10,31,19,16,14
1500000US270530210023,Block Group 3; Census Tract 210.02; Hennepin County; Minnesota,162,69,0,10,4,6,5,7,0,10,0,10,0,10,0,10,5,8,4,7,24,28,0,10,41,40,35,46,0,10,15,20,29,27
1500000US270530211001,Block Group 1; Census Tract 211; Hennepin County; Minnesota,267,56,0,10,20,28,7,10,0,10,6,10,0,10,0,10,0,10,10,15,21,30,11,15,20,17,40,25,44,31,77,42,11,12
1500000US270530211002,Block Group 2; Census Tract 211; Hennepin County; Minnesota,510,124,92,108,21,16,24,27,0,10,11,13,16,17,5,7,8,12,14,15,19,17,37,22,109,49,31,22,56,25,47,26,20,14
1500000US270530212001,Block Group 1; Census Tract 212; Hennepin County; Minnesota,341,82,0,10,0,10,12,18,0,10,26,42,19,21,0,10,0,10,11,16,12,18,10,16,77,57,64,54,51,31,26,24,33,31
1500000US270530212002,Block Group 2; Census Tract 212; Hennepin County; Minnesota,435,115,28,44,0,10,0,10,0,10,0,10,0,10,0,10,0,10,10,16,0,10,30,28,91,73,116,83,83,65,14,16,63,44
1500000US270530212003,Block Group 3; Census Tract 212; Hennepin County; Minnesota,387,79,8,13,0,10,0,10,0,10,0,10,0,10,0,10,0,10,0,10,0,10,39,31,48,32,49,38,76,41,112,61,55,33
1500000US270530212004,Block Group 4; Census Tract 212; Hennepin County; Minnesota,376,93,0,10,0,10,0,10,13,20,0,10,9,15,0,10,0,10,0,10,30,28,10,16,93,55,106,78,41,33,7,16,67,41
1500000US270530212005,Block Group 5; Census Tract 212; Hennepin County; Minnesota,346,133,27,29,10,16,0,10,35,48,0,10,0,10,0,10,26,35,0,10,20,26,119,99,23,21,22,23,18,19,19,22,27,26
1500000US270530213001,Block Group 1; Census Tract 213; Hennepin County; Minnesota,1069,196,60,56,69,66,41,68,69,82,31,37,102,88,62,64,16,25,164,156,71,60,73,73,103,93,131,82,0,10,33,42,44,71
1500000US270530213002,Block Group 2; Census Tract 213; Hennepin County; Minnesota,338,114,0,10,0,10,0,10,38,43,0,10,0,10,11,17,17,27,19,30,0,10,43,47,18,33,17,28,90,70,18,32,67,59
1500000US270530213003,Block Group 3; Census Tract 213; Hennepin County; Minnesota,531,157,0,10,8,14,0,10,0,10,35,46,0,10,0,10,86,93,0,10,18,27,38,44,204,144,46,56,45,56,19,32,32,42
1500000US270530213004,Block Group 4; Census Tract 213; Hennepin County; Minnesota,452,136,0,10,0,10,0,10,0,10,0,10,0,10,0,10,0,10,0,10,11,18,52,83,199,108,39,47,60,49,55,56,36,45
1500000US270530214001,Block Group 1; Census Tract 214; Hennepin County; Minnesota,407,128,0,10,6,10,0,10,11,19,0,10,0,10,3,6,0,10,0,10,27,41,48,43,32,31,127,105,63,62,6,11,84,60
1500000US270530214002,Block Group 2; Census Tract 214; Hennepin County; Minnesota,457,91,0,10,0,10,0,10,8,12,15,13,8,12,4,7,0,10,11,18,18,23,56,46,70,57,33,36,24,22,141,64,69,46
1500000US270530214003,Block Group 3; Census Tract 214; Hennepin County; Minnesota,391,87,119,23,18,21,19,29,0,10,0,10,20,32,8,12,0,10,0,10,0,10,46,45,46,54,66,49,27,39,19,24,3,10
1500000US270530215011,Block Group 1; Census Tract 215.01; Hennepin County; Minnesota,903,170,113,92,74,77,19,22,26,24,80,78,76,62,35,31,51,59,71,68,31,30,22,21,160,103,52,39,16,24,55,49,22,25
1500000US270530215012,Block Group 2; Census Tract 215.01; Hennepin County; Minnesota,352,83,0,10,0,10,7,12,0,10,6,10,0,10,3,8,0,10,8,13,48,31,13,16,11,14,142,82,51,41,56,36,7,13
1500000US270530215013,Block Group 3; Census Tract 215.01; Hennepin County; Minnesota,763,267,34,39,11,19,10,16,27,30,17,19,8,13,24,28,0,10,8,14,0,10,65,46,127,67,56,38,42,29,251,264,83,96
1500000US270530215021,Block Group 1; Census Tract 215.02; Hennepin County; Minnesota,561,152,83,76,11,19,0,10,0,10,0,10,33,30,0,10,14,23,61,66,43,71,45,51,46,43,44,52,57,58,100,51,24,29
1500000US270530215022,Block Group 2; Census Tract 215.02; Hennepin County; Minnesota,157,65,15,17,8,12,12,19,16,24,9,13,8,13,0,10,0,10,13,22,15,23,0,10,31,35,11,18,19,23,0,10,0,10
1500000US270530215023,Block Group 3; Census Tract 215.02; Hennepin County; Minnesota,739,155,17,28,60,93,0,10,49,32,63,51,104,107,37,43,21,24,8,12,119,58,56,42,91,123,26,26,38,43,11,18,39,47
1500000US270530215031,Block Group 1; Census Tract 215.03; Hennepin County; Minnesota,410,106,16,26,19,30,17,31,50,51,0,10,33,62,15,27,0,10,17,27,14,25,50,79,29,34,25,39,0,10,95,54,30,38
1500000US270530215032,Block Group 2; Census Tract 215.03; Hennepin County; Minnesota,262,115,36,45,0,10,0,10,0,10,0,10,0,10,0,10,0,10,0,10,0,10,85,67,14,24,8,14,66,83,12,21,41,40
1500000US270530215033,Block Group 3; Census Tract 215.03; Hennepin County; Minnesota,759,191,113,108,158,149,18,32,0,10,0,10,71,74,0,10,0,10,0,10,51,59,61,51,73,63,91,68,80,113,43,47,0,10
1500000US270530215034,Block Group 4; Census Tract 215.03; Hennepin County; Minnesota,0,10,0,10,0,10,0,10,0,10,0,10,0,10,0,10,0,10,0,10,0,10,0,10,0,10,0,10,0,10,0,10,0,10
1500000US270530215035,Block Group 5; Census Tract 215.03; Hennepin County; Minnesota,465,122,0,10,0,10,0,10,0,10,0,10,15,25,12,21,23,38,58,50,96,62,10,14,0,10,21,35,30,29,104,63,96,73
1500000US270530215041,Block Group 1; Census Tract 215.04; Hennepin County; Minnesota,432,118,38,41,7,12,0,10,11,18,37,33,32,54,8,12,0,10,43,35,25,41,76,61,82,75,21,34,8,15,20,19,24,23
1500000US270530215042,Block Group 2; Census Tract 215.04; Hennepin County; Minnesota,416,186,16,18,41,60,10,16,23,40,0,10,0,10,0,10,0,10,0,10,10,16,135,166,15,16,9,14,80,49,45,34,32,38
1500000US270530215043,Block Group 3; Census Tract 215.04; Hennepin County; Minnesota,252,110,0,10,0,10,0,10,0,10,0,10,0,10,9,15,15,17,7,11,8,13,89,101,32,28,16,19,32,26,8,13,36,37
1500000US270530215044,Block Group 4; Census Tract 215.04; Hennepin County; Minnesota,404,99,0,10,0,10,0,10,15,17,0,10,9,13,18,22,6,10,0,10,14,15,45,34,17,19,74,57,64,82,37,33,105,59
1500000US270530215051,Block Group 1; Census Tract 215.05; Hennepin County; Minnesota,452,132,0,10,0,10,39,64,0,10,0,10,64,56,0,10,0,10,26,29,6,9,15,16,75,57,91,70,27,30,63,45,46,46
1500000US270530215052,Block Group 2; Census Tract 215.05; Hennepin County; Minnesota,758,230,0,10,26,43,0,10,0,10,20,32,22,35,52,54,49,47,0,10,38,43,27,31,53,51,33,40,85,93,304,218,49,36
1500000US270530215053,Block Group 3; Census Tract 215.05; Hennepin County; Minnesota,482,135,0,10,0,10,6,10,39,48,27,36,0,10,70,70,0,10,15,26,0,10,64,77,61,58,16,25,66,79,57,50,61,53
1500000US270530215054,Block Group 4; Census Tract 215.05; Hennepin County; Minnesota,407,134,25,42,0,10,0,10,0,10,10,16,0,10,0,10,16,25,0,10,92,71,66,46,46,41,52,50,0,10,82,46,18,32
1500000US270530216011,Block Group 1; Census Tract 216.01; Hennepin County; Minnesota,712,304,0,10,27,40,0,10,0,10,8,13,15,24,0,10,0,10,0,10,0,10,244,300,63,45,76,59,76,48,17,27,186,89
1500000US270530216012,Block Group 2; Census Tract 216.01; Hennepin County; Minnesota,583,141,85,94,0,10,0,10,0,10,0,10,15,23,0,10,22,17,27,33,83,92,53,49,66,52,30,31,64,45,52,41,86,64
1500000US270530216013,Block Group 3; Census Tract 216.01; Hennepin County; Minnesota,481,102,20,22,9,14,10,16,0,10,25,39,32,35,21,32,13,22,0,10,16,19,65,48,78,53,38,31,49,44,105,86,0,10
1500000US270530216014,Block Group 4; Census Tract 216.01; Hennepin County; Minnesota,324,89,0,10,0,10,0,10,0,10,0,10,17,25,7,12,6,11,5,10,0,10,17,27,48,40,33,40,27,29,105,56,59,38
1500000US270530216021,Block Group 1; Census Tract 216.02; Hennepin County; Minnesota,715,225,50,47,0,10,0,10,23,37,0,10,27,42,36,42,0,10,97,145,87,98,72,46,126,150,80,59,51,50,32,37,34,36
1500000US270530216022,Block Group 2; Census Tract 216.02; Hennepin County; Minnesota,506,156,19,33,90,85,48,58,0,10,19,30,23,35,29,35,0,10,18,31,58,51,0,10,0,10,46,46,30,35,23,30,103,78
1500000US270530216023,Block Group 3; Census Tract 216.02; Hennepin County; Minnesota,446,146,131,132,0,10,0,10,0,10,0,10,0,10,0,10,0,10,0,10,60,49,37,42,74,64,1,3,37,42,42,42,64,55
1500000US270530216024,Block Group 4; Census Tract 216.02; Hennepin County; Minnesota,365,142,0,10,0,10,0,10,0,10,0,10,53,81,0,10,0,10,16,26,0,10,13,21,0,10,30,36,27,32,106,127,120,70
1500000US270530216025,Block Group 5; Census Tract 216.02; Hennepin County; Minnesota,458,154,0,10,84,57,19,36,8,13,0,10,0,10,0,10,0,10,0,10,74,60,110,123,34,37,13,24,43,46,73,45,0,10
1500000US270530216026,Block Group 6; Census Tract 216.02; Hennepin County; Minnesota,190,73,0,10,0,10,0,10,0,10,0,10,0,10,0,10,0,10,16,25,0,10,6,14,32,35,22,25,0,10,25,40,89,65
1500000US270530217001,Block Group 1; Census Tract 217; Hennepin County; Minnesota,417,169,0,10,0,10,0,10,0,10,0,10,0,10,0,10,0,10,0,10,0,10,0,10,15,24,79,122,20,34,114,86,189,93
1500000US270530217002,Block Group 2; Census Tract 217; Hennepin County; Minnesota,292,86,10,17,0,10,0,10,0,10,0,10,0,10,20,33,0,10,0,10,13,21,40,43,31,34,0,10,29,35,52,49,97,65
1500000US270530217003,Block Group 3; Census Tract 217; Hennepin County; Minnesota,390,103,0,10,0,10,0,10,0,10,0,10,15,24,0,10,0,10,0,10,0,10,0,10,16,25,12,21,26,43,46,57,275,86
1500000US270530217004,Block Group 4; Census Tract 217; Hennepin County; Minnesota,546,138,12,22,8,14,22,35,0,10,12,20,19,30,12,20,17,28,80,101,13,22,76,63,111,66,15,24,19,30,14,24,116,78
1500000US270530217005,Block Group 5; Census Tract 217; Hennepin County; Minnesota,326,142,14,23,0,10,0,10,0,10,0,10,14,22,0,10,0,10,0,10,0,10,0,10,51,66,58,66,76,59,43,49,70,70
1500000US270530218001,Block Group 1; Census Tract 218; Hennepin County; Minnesota,335,87,13,21,26,35,0,10,21,36,0,10,10,14,29,28,23,24,0,10,58,72,25,24,28,23,7,11,32,36,6,9,57,33
1500000US270530218002,Block Group 2; Census Tract 218; Hennepin County; Minnesota,578,72,0,10,8,14,0,10,0,10,9,15,0,10,8,13,0,10,0,10,33,26,45,36,11,16,37,30,46,30,36,29,345,63
1500000US270530219001,Block Group 1; Census Tract 219; Hennepin County; Minnesota,1054,179,88,78,52,49,14,22,0,10,0,10,19,29,0,10,0,10,37,42,41,41,124,81,149,89,118,69,97,65,40,37,275,135
1500000US270530219002,Block Group 2; Census Tract 219; Hennepin County; Minnesota,286,96,0,10,0,10,0,10,0,10,0,10,0,10,0,10,16,25,0,10,28,44,26,30,13,22,48,45,16,24,17,28,122,83
1500000US270530219003,Block Group 3; Census Tract 219; Hennepin County; Minnesota,619,137,116,113,0,10,0,10,0,10,0,10,38,33,0,10,0,10,0,10,16,26,47,67,55,44,177,107,0,10,75,77,95,60
1500000US270530220001,Block Group 1; Census Tract 220; Hennepin County; Minnesota,1139,118,33,29,36,33,0,10,16,18,44,34,68,58,19,23,33,33,14,19,86,75,123,64,125,60,150,70,87,52,161,78,144,79
1500000US270530220002,Block Group 2; Census Tract 220; Hennepin County; Minnesota,431,105,9,14,6,10,4,8,8,14,21,26,0,10,6,11,0,10,0,10,69,48,76,55,70,40,58,43,10,14,38,33,56,47
1500000US270530221011,Block Group 1; Census Tract 221.01; Hennepin County; Minnesota,525,103,0,10,0,10,0,10,19,20,0,10,5,9,7,12,45,47,0,10,18,23,0,10,64,43,162,92,62,42,87,53,56,34
1500000US270530221012,Block Group 2; Census Tract 221.01; Hennepin County; Minnesota,781,126,27,31,9,14,0,10,26,27,8,14,11,18,31,39,27,28,37,31,26,26,138,84,103,65,98,76,53,41,72,45,115,55
1500000US270530221021,Block Group 1; Census Tract 221.02; Hennepin County; Minnesota,662,169,9,15,0,10,0,10,0,10,15,24,8,14,63,73,22,26,81,82,21,23,61,92,131,63,39,33,24,28,143,101,45,38
1500000US270530221022,Block Group 2; Census Tract 221.02; Hennepin County; Minnesota,818,197,34,50,11,19,68,65,19,29,34,38,42,40,10,15,26,43,16,19,77,57,195,176,39,30,70,45,18,21,61,53,98,62
1500000US270530222001,Block Group 1; Census Tract 222; Hennepin County; Minnesota,386,179,56,46,0,10,0,10,0,10,0,10,16,26,11,18,0,10,0,10,10,15,96,154,16,27,12,19,0,10,63,57,106,63
1500000US270530222002,Block Group 2; Census Tract 222; Hennepin County; Minnesota,233,87,0,10,0,10,30,49,12,19,0,10,0,10,0,10,12,23,7,11,0,10,0,10,7,13,44,36,0,10,10,17,111,67
1500000US270530222003,Block Group 3; Census Tract 222; Hennepin County; Minnesota,373,121,0,10,0,10,0,10,0,10,0,10,0,10,0,10,7,11,0,10,10,19,29,35,0,10,25,37,0,10,114,90,188,97
1500000US270530222004,Block Group 4; Census Tract 222; Hennepin County; Minnesota,351,136,24,25,0,10,0,10,31,48,16,25,0,10,0,10,0,10,0,10,0,10,0,10,74,71,9,15,16,25,97,67,84,80
1500000US270530222005,Block Group 5; Census Tract 222; Hennepin County; Minnesota,768,171,0,10,0,10,0,10,16,25,0,10,49,44,0,10,0,10,0,10,72,62,129,88,223,120,141,97,93,72,38,57,7,15
1500000US270530223011,Block Group 1; Census Tract 223.01; Hennepin County; Minnesota,393,62,0,10,0,10,8,12,0,10,9,14,0,10,0,10,0,10,0,10,0,10,44,39,56,44,40,33,45,28,98,54,93,45
1500000US270530223012,Block Group 2; Census Tract 223.01; Hennepin County; Minnesota,620,121,19,20,8,15,37,39,60,54,27,20,6,10,9,14,51,34,8,12,11,18,36,30,130,90,50,35,88,71,28,22,52,34
1500000US270530223021,Block Group 1; Census Tract 223.02; Hennepin County; Minnesota,518,145,57,49,57,91,5,8,22,25,14,21,51,53,15,26,0,10,0,10,101,81,48,47,67,49,68,62,0,10,3,4,10,16
1500000US270530223022,Block Group 2; Census Tract 223.02; Hennepin County; Minnesota,537,203,27,30,0,10,23,28,0,10,0,10,131,179,33,30,5,9,0,10,17,20,10,15,122,94,21,22,50,39,76,50,22,25
1500000US270530223023,Block Group 3; Census Tract 223.02; Hennepin County; Minnesota,513,127,0,10,15,28,17,20,76,80,19,26,21,32,0,10,27,35,36,44,0,10,85,59,93,62,43,42,7,13,47,45,27,22
1500000US270530224001,Block Group 1; Census Tract 224; Hennepin County; Minnesota,322,70,0,10,0,10,0,10,0,10,0,10,12,20,9,14,13,15,0,10,7,11,43,38,12,14,43,40,61,49,68,42,54,38
1500000US270530224002,Block Group 2; Census Tract 224; Hennepin County; Minnesota,295,108,0,10,0,10,0,10,0,10,0,10,0,10,0,10,0,10,7,10,15,16,15,20,42,44,71,38,32,31,22,17,91,96
1500000US270530224003,Block Group 3; Census Tract 224; Hennepin County; Minnesota,437,125,8,13,0,10,0,10,0,10,8,13,8,12,12,17,0,10,21,22,10,16,19,23,91,76,59,38,48,43,55,34,98,85
1500000US270530224004,Block Group 4; Census Tract 224; Hennepin County; Minnesota,565,126,74,55,61,71,0,10,0,10,9,16,8,13,10,15,0,10,37,42,32,39,29,27,35,28,35,33,106,86,76,56,53,31
1500000US270530227001,Block Group 1; Census Tract 227; Hennepin County; Minnesota,701,151,44,40,0,10,0,10,16,24,16,25,43,46,10,17,38,43,28,26,49,49,69,45,102,81,51,37,102,72,101,70,32,37
1500000US270530227002,Block Group 2; Census Tract 227; Hennepin County; Minnesota,508,98,15,23,0,10,0,10,13,21,9,15,9,15,0,10,0,10,0,10,128,69,48,54,44,38,67,45,8,13,50,45,117,62
1500000US270530227003,Block Group 3; Census Tract 227; Hennepin County; Minnesota,617,114,14,24,0,10,0,10,0,10,16,19,14,22,7,11,19,20,37,43,33,30,44,41,11,15,50,39,91,43,121,51,160,80
1500000US270530228011,Block Group 1; Census Tract 228.01; Hennepin County; Minnesota,620,172,6,11,0,10,15,15,0,10,6,9,0,10,10,15,0,10,0,10,11,15,19,16,41,26,170,155,45,26,146,78,151,34
1500000US270530228012,Block Group 2; Census Tract 228.01; Hennepin County; Minnesota,303,51,0,10,0,10,0,10,0,10,5,7,7,11,0,10,0,10,7,10,3,4,6,9,22,24,21,18,26,19,61,24,145,41
1500000US270530228021,Block Group 1; Census Tract 228.02; Hennepin County; Minnesota,812,188,13,22,74,109,0,10,17,26,17,27,0,10,0,10,9,15,0,10,45,51,87,61,68,56,87,66,0,10,91,62,304,145
1500000US270530228022,Block Group 2; Census Tract 228.02; Hennepin County; Minnesota,548,143,26,29,16,26,83,58,46,51,49,60,11,18,68,53,0,10,46,55,16,27,21,33,34,47,78,60,24,28,19,30,11,17
1500000US270530228023,Block Group 3; Census Tract 228.02; Hennepin County; Minnesota,762,168,28,44,0,10,0,10,0,10,0,10,49,56,9,14,0,10,63,61,87,66,110,74,149,92,54,42,135,80,0,10,78,74
1500000US270530229011,Block Group 1; Census Tract 229.01; Hennepin County; Minnesota,490,127,0,10,0,10,0,10,0,10,0,10,0,10,0,10,13,21,0,10,0,10,74,101,13,22,21,30,31,35,105,62,233,99
1500000US270530229012,Block Group 2; Census Tract 229.01; Hennepin County; Minnesota,409,135,15,24,0,10,0,10,0,10,0,10,0,10,0,10,0,10,0,10,26,29,14,23,122,132,54,55,42,41,60,46,76,57
1500000US270530229013,Block Group 3; Census Tract 229.01; Hennepin County; Minnesota,1065,226,11,19,0,10,13,24,34,38,0,10,18,28,0,10,76,61,67,102,120,107,126,76,342,178,38,44,44,43,122,102,54,47
1500000US270530229014,Block Group 4; Census Tract 229.01; Hennepin County; Minnesota,518,160,63,93,0,10,0,10,0,10,0,10,0,10,0,10,0,10,70,57,0,10,76,62,99,108,71,55,41,47,51,41,47,74
1500000US270530229015,Block Group 5; Census Tract 229.01; Hennepin County; Minnesota,679,169,141,110,25,41,19,31,17,29,0,10,17,27,18,29,16,26,0,10,16,26,104,73,143,87,69,55,43,41,38,44,13,22
1500000US270530229021,Block Group 1; Census Tract 229.02; Hennepin County; Minnesota,275,52,7,11,0,10,0,10,0,10,0,10,0,10,0,10,9,14,0,10,8,11,26,30,29,33,40,20,5,8,35,17,116,48
1500000US270530229022,Block Group 2; Census Tract 229.02; Hennepin County; Minnesota,501,113,26,22,8,9,0,10,0,10,0,10,8,11,9,13,0,10,4,6,42,28,14,16,5,8,79,41,93,86,76,50,137,40
1500000US270530230001,Block Group 1; Census Tract 230; Hennepin County; Minnesota,395,101,0,10,0,10,0,10,22,36,0,10,0,10,4,7,0,10,11,19,59,56,62,47,106,68,10,17,32,39,89,56,0,10
1500000US270530230002,Block Group 2; Census Tract 230; Hennepin County; Minnesota,588,135,0,10,0,10,13,21,13,20,20,31,0,10,0,10,0,10,0,10,42,59,42,40,18,23,33,33,57,48,214,85,136,65
1500000US270530230003,Block Group 3; Census Tract 230; Hennepin County; Minnesota,777,191,9,13,0,10,0,10,18,30,0,10,9,15,10,16,0,10,12,19,58,42,23,26,105,55,56,48,120,66,71,54,286,167
1500000US270530230004,Block Group 4; Census Tract 230; Hennepin County; Minnesota,581,149,48,55,0,10,0,10,0,10,6,10,0,10,0,10,0,10,0,10,16,20,74,63,148,105,74,51,49,53,134,103,32,30
1500000US270530231001,Block Group 1; Census Tract 231; Hennepin County; Minnesota,373,81,6,8,0,10,13,13,8,12,0,10,0,10,0,10,0,10,0,10,0,10,34,22,78,44,21,22,45,47,13,13,155,42
1500000US270530231002,Block Group 2; Census Tract 231; Hennepin County; Minnesota,331,78,0,10,8,11,0,10,0,10,0,10,0,10,0,10,0,10,7,10,0,10,35,25,0,10,25,19,17,14,42,34,197,72
1500000US270530232011,Block Group 1; Census Tract 232.01; Hennepin County; Minnesota,450,116,32,36,0,10,22,27,28,29,34,40,0,10,0,10,0,10,0,10,26,41,143,101,64,49,59,60,16,22,0,10,26,29
1500000US270530232012,Block Group 2; Census Tract 232.01; Hennepin County; Minnesota,576,223,73,106,0,10,29,33,30,26,11,19,26,41,0,10,0,10,8,12,21,32,181,178,45,39,8,13,25,22,45,52,74,56
1500000US270530232021,Block Group 1; Census Tract 232.02; Hennepin County; Minnesota,1128,263,10,16,14,22,41,63,45,55,32,24,19,28,61,64,16,26,20,23,79,58,239,173,112,63,166,137,18,34,131,123,125,96
1500000US270530232022,Block Group 2; Census Tract 232.02; Hennepin County; Minnesota,485,154,29,32,66,72,0,10,19,22,0,10,0,10,14,22,0,10,29,47,13,22,90,82,43,53,96,93,35,41,26,42,25,40
1500000US270530232023,Block Group 3; Census Tract 232.02; Hennepin County; Minnesota,583,226,58,89,68,82,26,29,57,82,95,147,0,10,19,31,40,51,58,58,0,10,28,30,15,23,74,76,37,43,0,10,8,12
1500000US270530233001,Block Group 1; Census Tract 233; Hennepin County; Minnesota,640,175,0,10,0,10,35,52,0,10,0,10,0,10,27,43,19,31,16,26,13,26,42,50,77,68,88,75,146,118,97,69,80,76
1500000US270530233002,Block Group 2; Census Tract 233; Hennepin County; Minnesota,693,263,0,10,0,10,0,10,0,10,0,10,0,10,15,21,0,10,61,73,136,104,19,31,215,219,64,55,13,22,94,63,76,78
1500000US270530233003,Block Group 3; Census Tract 233; Hennepin County; Minnesota,307,95,0,10,0,10,0,10,0,10,19,31,18,29,0,10,15,26,0,10,0,10,60,45,38,46,13,21,40,48,72,54,32,40
1500000US270530233004,Block Group 4; Census Tract 233; Hennepin County; Minnesota,1040,278,67,62,61,47,167,192,24,35,27,30,55,46,56,60,62,63,10,16,47,56,56,57,105,87,84,61,83,63,83,51,53,50
1500000US270530233005,Block Group 5; Census Tract 233; Hennepin County; Minnesota,451,147,52,57,0,10,14,21,0,10,0,10,18,30,0,10,36,41,0,10,122,125,15,25,162,93,0,10,0,10,14,23,18,30
1500000US270530234011,Block Group 1; Census Tract 234.01; Hennepin County; Minnesota,231,108,0,10,0,10,0,10,0,10,0,10,0,10,0,10,13,21,16,26,13,23,0,10,48,76,12,20,44,40,44,38,41,45
1500000US270530234012,Block Group 2; Census Tract 234.01; Hennepin County; Minnesota,1030,285,97,80,19,31,101,103,17,28,0,10,32,37,94,98,144,210,35,42,51,47,110,101,208,178,78,53,28,32,0,10,16,26
1500000US270530234013,Block Group 3; Census Tract 234.01; Hennepin County; Minnesota,1199,273,0,10,15,26,15,24,0,10,44,69,0,10,41,48,18,30,63,53,87,55,168,123,331,184,198,111,89,95,130,102,0,10
1500000US270530234021,Block Group 1; Census Tract 234.02; Hennepin County; Minnesota,376,83,6,9,0,10,16,23,0,10,0,10,0,10,0,10,9,13,0,10,9,14,2,10,52,48,5,9,22,22,41,31,214,78
1500000US270530234022,Block Group 2; Census Tract 234.02; Hennepin County; Minnesota,358,104,13,21,31,48,11,20,38,42,18,28,0,10,0,10,53,65,0,10,0,10,14,17,115,63,65,80,0,10,0,10,0,10
1500000US270530235011,Block Group 1; Census Tract 235.01; Hennepin County; Minnesota,520,129,34,52,11,17,24,27,21,17,0,10,6,10,11,18,0,10,0,10,98,101,68,41,21,20,20,26,59,43,83,74,64,46
1500000US270530235012,Block Group 2; Census Tract 235.01; Hennepin County; Minnesota,359,80,0,10,0,10,6,10,0,10,0,10,8,14,0,10,12,18,21,25,0,10,36,29,84,45,7,12,20,21,85,65,80,46
1500000US270530235013,Block Group 3; Census Tract 235.01; Hennepin County; Minnesota,300,74,0,10,0,10,0,10,0,10,0,10,0,10,0,10,0,10,0,10,0,10,11,19,0,10,10,16,0,10,44,54,235,76
1500000US270530235014,Block Group 4; Census Tract 235.01; Hennepin County; Minnesota,594,143,17,22,0,10,69,101,48,56,18,21,29,27,25,30,11,17,13,20,71,58,39,36,70,57,47,36,25,28,27,26,85,45
1500000US270530235021,Block Group 1; Census Tract 235.02; Hennepin County; Minnesota,394,109,0,10,0,10,0,10,0,10,0,10,0,10,0,10,0,10,21,38,0,10,0,10,0,10,0,10,23,37,58,50,292,121
1500000US270530235022,Block Group 2; Census Tract 235.02; Hennepin County; Minnesota,314,111,0,10,0,10,0,10,0,10,0,10,0,10,0,10,0,10,21,32,41,45,14,22,19,31,15,24,19,31,17,27,168,92
1500000US270530235023,Block Group 3; Census Tract 235.02; Hennepin County; Minnesota,638,136,0,10,0,10,0,10,0,10,0,10,0,10,71,70,17,27,0,10,47,44,138,71,69,56,47,45,16,26,104,83,129,71
1500000US270530235024,Block Group 4; Census Tract 235.02; Hennepin County; Minnesota,439,108,0,10,44,68,21,35,0,10,0,10,0,10,0,10,0,10,17,29,0,10,15,23,12,20,87,80,55,38,29,32,159,76
1500000US270530235025,Block Group 5; Census Tract 235.02; Hennepin County; Minnesota,926,184,20,32,43,43,18,30,9,15,0,10,75,111,20,32,17,28,37,62,71,59,94,68,82,42,134,104,93,94,96,64,117,61
1500000US270530236001,Block Group 1; Census Tract 236; Hennepin County; Minnesota,535,109,40,50,0,10,0,10,0,10,0,10,0,10,0,10,0,10,9,15,0,10,7,12,19,22,10,17,19,22,74,58,357,78
1500000US270530236002,Block Group 2; Census Tract 236; Hennepin County; Minnesota,353,79,0,10,0,10,0,10,0,10,0,10,0,10,0,10,0,10,0,10,0,10,16,26,45,43,17,20,0,10,27,37,248,70
1500000US270530236003,Block Group 3; Census Tract 236; Hennepin County; Minnesota,629,215,0,10,0,10,0,10,0,10,13,23,13,20,20,23,0,10,0,10,44,49,11,17,6,9,0,10,9,14,40,33,473,217
1500000US270530237001,Block Group 1; Census Tract 237; Hennepin County; Minnesota,360,89,0,10,10,16,0,10,6,9,0,10,0,10,21,23,0,10,0,10,0,10,8,12,23,28,37,37,7,11,15,21,233,89
1500000US270530237002,Block Group 2; Census Tract 237; Hennepin County; Minnesota,605,135,0,10,0,10,0,10,0,10,57,67,0,10,0,10,0,10,0,10,0,10,39,48,10,17,5,9,65,53,29,28,400,105
1500000US270530237003,Block Group 3; Census Tract 237; Hennepin County; Minnesota,431,121,10,16,0,10,10,16,0,10,17,19,0,10,11,18,19,23,0,10,6,9,36,32,43,34,35,39,24,28,28,26,192,89
1500000US270530237004,Block Group 4; Census Tract 237; Hennepin County; Minnesota,700,253,0,10,25,25,5,8,28,45,19,31,0,10,0,10,0,10,0,10,0,10,43,71,52,41,61,45,47,35,118,79,302,228
1500000US270530238011,Block Group 1; Census Tract 238.01; Hennepin County; Minnesota,407,92,6,9,12,20,0,10,0,10,0,10,18,20,0,10,10,18,8,13,11,17,17,21,0,10,45,61,9,14,12,19,259,63
1500000US270530238012,Block Group 2; Census Tract 238.01; Hennepin County; Minnesota,459,85,0,10,0,10,12,20,0,10,10,15,0,10,10,15,11,16,10,17,6,9,24,23,23,25,29,26,79,61,71,35,174,66
1500000US270530238013,Block Group 3; Census Tract 238.01; Hennepin County; Minnesota,299,64,0,10,12,20,0,10,0,10,0,10,0,10,0,10,0,10,12,18,20,23,54,50,34,32,29,26,0,10,33,24,105,46
1500000US270530238014,Block Group 4; Census Tract 238.01; Hennepin County; Minnesota,272,136,0,10,0,10,0,10,0,10,0,10,36,33,0,10,0,10,0,10,0,10,0,10,0,10,23,19,9,15,38,44,166,129
1500000US270530238015,Block Group 5; Census Tract 238.01; Hennepin County; Minnesota,417,84,14,21,0,10,0,10,0,10,13,20,8,13,0,10,0,10,0,10,0,10,29,42,9,15,8,13,0,10,48,39,288,66
1500000US270530238021,Block Group 1; Census Tract 238.02; Hennepin County; Minnesota,492,90,5,11,0,10,0,10,0,10,0,10,0,10,6,12,0,10,0,10,0,10,71,63,73,45,49,38,26,29,41,35,221,67
1500000US270530238022,Block Group 2; Census Tract 238.02; Hennepin County; Minnesota,345,66,0,10,0,10,0,10,0,10,8,12,0,10,0,10,0,10,29,25,8,14,20,23,49,43,36,34,37,28,72,46,86,62
1500000US270530238023,Block Group 3; Census Tract 238.02; Hennepin County; Minnesota,243,58,0,10,0,10,0,10,0,10,0,10,0,10,0,10,12,20,0,10,0,10,10,16,0,10,9,14,42,34,5,8,165,56
1500000US270530239011,Block Group 1; Census Tract 239.01; Hennepin County; Minnesota,281,64,0,10,0,10,0,10,8,14,0,10,0,10,0,10,0,10,0,10,9,14,0,10,0,10,39,40,31,27,36,29,158,62
1500000US270530239012,Block Group 2; Census Tract 239.01; Hennepin County; Minnesota,271,72,8,12,0,10,0,10,13,19,0,10,0,10,0,10,0,10,0,10,9,14,13,21,16,17,24,18,27,42,55,33,106,49
1500000US270530239013,Block Group 3; Census Tract 239.01; Hennepin County; Minnesota,402,109,0,10,0,10,10,16,0,10,0,10,0,10,0,10,0,10,0,10,9,14,0,10,11,17,42,34,0,10,188,92,142,62
1500000US270530239014,Block Group 4; Census Tract 239.01; Hennepin County; Minnesota,397,137,0,10,0,10,0,10,0,10,0,10,0,10,0,10,7,12,0,10,9,14,24,20,13,15,40,34,29,26,125,80,150,107
1500000US270530239021,Block Group 1; Census Tract 239.02; Hennepin County; Minnesota,266,57,0,10,0,10,0,10,10,14,0,10,5,8,0,10,0,10,0,10,0,10,0,10,15,15,24,25,0,10,36,25,176,53
1500000US270530239022,Block Group 2; Census Tract 239.02; Hennepin County; Minnesota,353,51,0,10,0,10,0,10,0,10,0,10,0,10,0,10,4,6,0,10,2,5,6,9,38,30,15,13,11,12,68,43,209,53
1500000US270530239031,Block Group 1; Census Tract 239.03; Hennepin County; Minnesota,322,83,11,18,10,15,0,10,0,10,0,10,0,10,0,10,0,10,6,11,0,10,39,38,8,13,11,18,14,22,43,36,180,83
1500000US270530239032,Block Group 2; Census Tract 239.03; Hennepin County; Minnesota,420,67,31,35,0,10,0,10,0,10,0,10,17,20,11,17,23,23,20,23,9,14,9,17,58,40,57,41,44,46,58,33,83,51
1500000US270530239033,Block Group 3; Census Tract 239.03; Hennepin County; Minnesota,839,115,29,25,8,13,12,18,17,20,38,52,61,54,18,20,80,48,10,16,43,29,45,32,84,73,60,36,26,24,89,68,219,73
1500000US270530240031,Block Group 1; Census Tract 240.03; Hennepin County; Minnesota,599,144,39,49,0,10,0,10,0,10,24,40,0,10,23,37,42,68,0,10,0,10,77,67,62,60,47,40,12,18,47,46,226,107
1500000US270530240032,Block Group 2; Census Tract 240.03; Hennepin County; Minnesota,1391,231,142,194,0,10,0,10,60,68,0,10,71,86,0,10,53,62,0,10,155,92,71,61,360,182,248,162,48,38,44,38,139,66
1500000US270530240033,Block Group 3; Census Tract 240.03; Hennepin County; Minnesota,135,90,0,10,20,33,0,10,0,10,0,10,24,39,23,35,0,10,0,10,0,10,0,10,21,35,6,24,33,53,8,27,0,10
1500000US270530240041,Block Group 1; Census Tract 240.04; Hennepin County; Minnesota,1283,280,130,144,23,28,45,51,24,27,48,55,27,32,29,32,150,151,61,73,50,45,55,46,160,109,42,41,181,148,150,146,108,98
1500000US270530240042,Block Group 2; Census Tract 240.04; Hennepin County; Minnesota,788,190,55,54,51,48,74,59,93,63,17,28,45,43,0,10,54,52,0,10,26,32,160,119,66,47,62,51,35,38,37,48,13,20
1500000US270530240043,Block Group 3; Census Tract 240.04; Hennepin County; Minnesota,650,159,29,31,0,10,25,38,18,28,19,32,32,35,52,61,85,89,30,34,33,37,106,72,97,67,74,56,17,27,17,28,16,28
1500000US270530240051,Block Group 1; Census Tract 240.05; Hennepin County; Minnesota,1390,252,130,74,9,14,12,20,0,10,8,13,37,26,40,46,31,26,63,84,83,67,165,69,117,53,161,90,210,202,189,101,135,66
1500000US270530240052,Block Group 2; Census Tract 240.05; Hennepin County; Minnesota,453,105,50,43,0,10,39,37,22,15,0,10,17,19,10,18,19,21,19,22,96,83,31,23,87,65,22,24,21,23,20,23,0,10
1500000US270530240061,Block Group 1; Census Tract 240.06; Hennepin County; Minnesota,441,93,0,10,0,10,0,10,11,13,0,10,0,10,0,10,4,8,0,10,4,6,13,21,6,10,88,81,26,15,73,41,216,60
1500000US270530240062,Block Group 2; Census Tract 240.06; Hennepin County; Minnesota,498,76,16,12,20,18,5,8,0,10,20,17,0,10,12,13,0,10,12,13,16,14,27,18,83,53,21,17,75,32,52,29,139,40
1500000US270530241001,Block Group 1; Census Tract 241; Hennepin County; Minnesota,484,189,9,13,57,74,16,25,15,24,0,10,0,10,10,14,0,10,10,16,0,10,54,44,163,137,8,12,75,54,40,35,27,32
1500000US270530241002,Block Group 2; Census Tract 241; Hennepin County; Minnesota,437,99,17,18,36,37,7,11,0,10,0,10,28,32,14,22,0,10,43,40,29,31,10,16,87,58,26,30,34,32,24,28,82,42
1500000US270530241003,Block Group 3; Census Tract 241; Hennepin County; Minnesota,265,82,15,23,0,10,0,10,0,10,18,28,0,10,0,10,9,15,0,10,35,33,0,10,13,20,27,23,44,36,65,46,39,36
1500000US270530241004,Block Group 4; Census Tract 241; Hennepin County; Minnesota,372,136,0,10,0,10,9,16,0,10,0,10,0,10,10,16,15,24,20,32,10,15,53,63,62,64,83,82,20,24,17,19,73,51
1500000US270530242001,Block Group 1; Census Tract 242; Hennepin County; Minnesota,774,110,8,13,0,10,0,10,0,10,0,10,11,18,0,10,0,10,0,10,21,24,77,55,71,40,75,54,155,81,55,34,301,108
1500000US270530242002,Block Group 2; Census Tract 242; Hennepin County; Minnesota,599,93,0,10,16,24,0,10,30,34,6,10,10,17,4,7,8,12,0,10,41,34,71,48,52,39,69,43,92,50,36,34,164,68
1500000US270530243001,Block Group 1; Census Tract 243; Hennepin County; Minnesota,686,186,54,60,18,31,112,108,0,10,0,10,0,10,0,10,0,10,22,33,91,81,79,68,158,145,58,59,47,62,31,48,16,29
1500000US270530243002,Block Group 2; Census Tract 243; Hennepin County; Minnesota,1189,219,41,48,22,36,0,10,40,57,0,10,0,10,40,69,22,34,47,58,231,137,343,203,228,130,100,117,21,36,54,61,0,10
1500000US270530243003,Block Group 3; Census Tract 243; Hennepin County; Minnesota,553,185,33,54,0,10,0,10,0,10,24,38,24,30,0,10,20,34,0,10,42,49,59,72,126,117,48,74,119,96,36,37,22,31
1500000US270530244001,Block Group 1; Census Tract 244; Hennepin County; Minnesota,967,294,0,10,11,18,50,54,74,67,23,37,70,106,39,52,0,10,25,38,75,85,76,61,65,55,239,220,17,28,203,106,0,10
1500000US270530244002,Block Group 2; Census Tract 244; Hennepin County; Minnesota,627,157,21,33,38,42,62,54,32,35,0,10,17,28,147,121,0,10,19,33,31,41,15,24,89,75,85,80,42,48,9,17,20,32
1500000US270530244003,Block Group 3; Census Tract 244; Hennepin County; Minnesota,839,218,19,29,27,32,19,20,21,36,0,10,50,40,19,30,67,57,19,30,36,41,213,181,122,73,71,70,57,52,24,31,75,41
1500000US270530245001,Block Group 1; Census Tract 245; Hennepin County; Minnesota,391,84,19,17,5,9,0,10,16,12,26,29,8,11,0,10,0,10,44,64,17,13,16,13,35,20,60,29,17,15,79,38,49,25
1500000US270530245002,Block Group 2; Census Tract 245; Hennepin County; Minnesota,251,50,0,10,5,8,0,10,6,8,0,10,12,12,6,10,0,10,11,12,12,13,12,12,24,16,23,16,13,13,23,22,104,45
1500000US270530245003,Block Group 3; Census Tract 245; Hennepin County; Minnesota,258,55,0,10,0,10,5,8,0,10,0,10,23,26,15,22,0,10,6,10,19,16,36,35,39,25,15,15,25,19,62,27,13,14
1500000US270530246001,Block Group 1; Census Tract 246; Hennepin County; Minnesota,383,132,0,10,21,24,0,10,0,10,7,13,49,74,0,10,0,10,6,11,0,10,54,54,89,65,0,10,48,43,87,95,22,31
1500000US270530246002,Block Group 2; Census Tract 246; Hennepin County; Minnesota,926,146,26,24,110,90,82,64,0,10,28,21,31,35,72,84,45,61,66,41,73,46,27,27,163,77,57,34,36,20,58,42,52,37
1500000US270530246003,Block Group 3; Census Tract 246; Hennepin County; Minnesota,0,10,0,10,0,10,0,10,0,10,0,10,0,10,0,10,0,10,0,10,0,10,0,10,0,10,0,10,0,10,0,10,0,10
1500000US270530246004,Block Group 4; Census Tract 246; Hennepin County; Minnesota,555,125,0,10,0,10,15,17,0,10,19,19,0,10,10,13,11,19,5,9,16,21,77,84,72,42,105,63,74,76,4,10,147,76
1500000US270530247001,Block Group 1; Census Tract 247; Hennepin County; Minnesota,342,95,0,10,9,14,9,15,0,10,0,10,0,10,12,19,0,10,18,21,28,25,26,33,42,35,9,14,0,10,70,55,119,47
1500000US270530247002,Block Group 2; Census Tract 247; Hennepin County; Minnesota,276,89,0,10,0,10,0,10,0,10,28,45,9,14,0,10,0,10,11,17,0,10,18,21,35,24,36,34,39,37,60,69,40,36
1500000US270530247003,Block Group 3; Census Tract 247; Hennepin County; Minnesota,356,79,11,17,0,10,8,12,0,10,0,10,23,37,0,10,0,10,0,10,8,13,43,46,43,34,41,38,92,57,57,56,30,29
1500000US270530247004,Block Group 4; Census Tract 247; Hennepin County; Minnesota,323,92,0,10,0,10,7,12,63,45,9,13,0,10,42,62,0,10,0,10,53,38,10,15,7,12,34,25,13,21,37,39,48,36
1500000US270530248011,Block Group 1; Census Tract 248.01; Hennepin County; Minnesota,533,109,17,28,0,10,0,10,8,12,18,21,22,23,0,10,19,16,33,49,62,75,81,48,31,24,83,43,60,38,24,18,75,29
1500000US270530248012,Block Group 2; Census Tract 248.01; Hennepin County; Minnesota,512,152,0,10,0,10,27,37,0,10,11,18,28,35,20,17,7,11,13,14,43,37,144,128,41,24,37,27,26,20,65,36,50,41
1500000US270530248021,Block Group 1; Census Tract 248.02; Hennepin County; Minnesota,309,85,10,16,0,10,0,10,0,10,0,10,20,23,0,10,0,10,0,10,12,18,9,14,38,42,64,44,11,18,107,66,38,34
1500000US270530248022,Block Group 2; Census Tract 248.02; Hennepin County; Minnesota,624,124,73,86,130,109,55,49,17,27,44,68,0,10,10,17,0,10,0,10,64,56,84,118,33,42,114,105,0,10,0,10,0,10
1500000US270530248023,Block Group 3; Census Tract 248.02; Hennepin County; Minnesota,201,67,10,15,0,10,0,10,0,10,0,10,9,15,0,10,0,10,0,10,8,14,12,18,17,26,60,52,14,22,24,30,47,35
1500000US270530249031,Block Group 1; Census Tract 249.03; Hennepin County; Minnesota,458,99,0,10,16,18,49,48,7,12,7,12,5,8,38,44,0,10,47,52,26,26,100,51,55,35,0,10,9,10,18,17,81,62
1500000US270530249032,Block Group 2; Census Tract 249.03; Hennepin County; Minnesota,405,144,0,10,0,10,0,10,4,6,0,10,0,10,33,36,0,10,17,21,33,26,10,13,117,75,37,33,3,5,27,32,124,129
1500000US270530249041,Block Group 1; Census Tract 249.04; Hennepin County; Minnesota,705,123,13,20,30,32,20,25,0,10,6,9,0,10,19,23,51,53,13,19,24,28,173,86,76,46,100,48,91,54,74,60,15,19
1500000US270530249042,Block Group 2; Census Tract 249.04; Hennepin County; Minnesota,528,173,0,10,0,10,21,31,0,10,0,10,74,78,0,10,0,10,0,10,54,67,55,57,113,109,108,57,27,23,50,34,26,20
1500000US270530249043,Block Group 3; Census Tract 249.04; Hennepin County; Minnesota,419,99,14,16,0,10,21,33,9,12,5,8,9,15,7,12,14,20,0,10,41,40,48,39,58,41,96,76,45,46,33,29,19,23
1500000US270530251001,Block Group 1; Census Tract 251; Hennepin County; Minnesota,0,10,0,10,0,10,0,10,0,10,0,10,0,10,0,10,0,10,0,10,0,10,0,10,0,10,0,10,0,10,0,10,0,10
1500000US270530251002,Block Group 2; Census Tract 251; Hennepin County; Minnesota,0,10,0,10,0,10,0,10,0,10,0,10,0,10,0,10,0,10,0,10,0,10,0,10,0,10,0,10,0,10,0,10,0,10
1500000US270530251003,Block Group 3; Census Tract 251; Hennepin County; Minnesota,758,176,107,86,21,34,0,10,16,26,0,10,0,10,12,14,14,23,0,10,217,160,198,94,61,67,95,67,12,22,0,10,5,12
1500000US270530251004,Block Group 4; Census Tract 251; Hennepin County; Minnesota,1261,217,79,72,6,15,34,52,18,28,14,13,40,53,0,10,7,15,0,10,14,23,86,105,206,133,200,114,110,97,257,227,190,140
1500000US270530252011,Block Group 1; Census Tract 252.01; Hennepin County; Minnesota,332,114,23,26,0,10,11,18,0,10,51,59,0,10,0,10,0,10,0,10,27,34,7,11,83,56,0,10,51,30,64,83,15,23
1500000US270530252012,Block Group 2; Census Tract 252.01; Hennepin County; Minnesota,0,10,0,10,0,10,0,10,0,10,0,10,0,10,0,10,0,10,0,10,0,10,0,10,0,10,0,10,0,10,0,10,0,10
1500000US270530252013,Block Group 3; Census Tract 252.01; Hennepin County; Minnesota,0,10,0,10,0,10,0,10,0,10,0,10,0,10,0,10,0,10,0,10,0,10,0,10,0,10,0,10,0,10,0,10,0,10
1500000US270530252014,Block Group 4; Census Tract 252.01; Hennepin County; Minnesota,449,126,0,10,0,10,10,16,0,10,22,17,0,10,9,14,8,14,15,18,24,24,34,29,38,31,20,23,123,105,81,69,65,83
1500000US270530252015,Block Group 5; Census Tract 252.01; Hennepin County; Minnesota,570,184,0,10,19,30,23,39,11,18,0,10,31,38,69,86,13,22,31,64,49,65,117,94,86,61,15,24,0,10,90,107,16,26
1500000US270530252016,Block Group 6; Census Tract 252.01; Hennepin County; Minnesota,455,143,0,10,42,42,0,10,78,87,0,10,0,10,0,10,14,22,60,72,0,10,68,101,36,38,0,10,21,34,36,55,100,140
1500000US270530252051,Block Group 1; Census Tract 252.05; Hennepin County; Minnesota,313,101,11,20,0,10,0,10,0,10,0,10,0,10,6,11,13,20,29,32,75,58,68,61,12,19,4,19,70,62,12,14,13,23
1500000US270530252052,Block Group 2; Census Tract 252.05; Hennepin County; Minnesota,445,139,29,42,0,10,0,10,9,15,0,10,0,10,0,10,0,10,18,30,23,37,53,65,57,44,65,72,90,72,19,34,82,71
1500000US270530252053,Block Group 3; Census Tract 252.05; Hennepin County; Minnesota,366,146,36,39,0,10,0,10,0,10,18,28,17,26,12,18,0,10,0,10,17,24,0,10,83,63,10,17,35,43,138,126,0,10
1500000US270530252054,Block Group 4; Census Tract 252.05; Hennepin County; Minnesota,489,173,0,10,0,10,0,10,6,10,0,10,0,10,0,10,0,10,47,59,110,129,0,10,102,89,69,60,3,5,74,72,78,80
1500000US270530252055,Block Group 5; Census Tract 252.05; Hennepin County; Minnesota,368,111,0,10,25,41,0,10,0,10,59,65,34,38,17,33,0,10,0,10,0,10,34,39,89,70,37,44,38,41,23,27,12,19
1500000US270530253011,Block Group 1; Census Tract 253.01; Hennepin County; Minnesota,228,62,0,10,6,9,0,10,10,15,11,13,0,10,0,10,0,10,7,12,7,11,25,27,18,21,31,25,20,24,40,31,53,37
1500000US270530253012,Block Group 2; Census Tract 253.01; Hennepin County; Minnesota,609,85,17,17,0,10,31,30,26,21,15,19,0,10,32,31,33,34,13,21,51,36,100,55,101,58,46,58,42,36,73,55,29,28
1500000US270530253013,Block Group 3; Census Tract 253.01; Hennepin County; Minnesota,354,78,6,10,0,10,0,10,6,11,0,10,19,23,8,13,0,10,19,22,9,14,19,22,29,26,47,42,15,19,114,65,63,40
1500000US270530253021,Block Group 1; Census Tract 253.02; Hennepin County; Minnesota,620,126,23,22,0,10,7,12,0,10,29,24,0,10,38,48,10,16,36,26,71,52,46,39,96,59,107,76,29,26,29,25,99,58
1500000US270530253022,Block Group 2; Census Tract 253.02; Hennepin County; Minnesota,484,183,15,13,31,19,0,10,20,34,0,10,96,131,10,15,0,10,9,14,30,27,31,40,50,50,45,36,20,25,111,90,16,18
1500000US270530253023,Block Group 3; Census Tract 253.02; Hennepin County; Minnesota,518,142,28,31,53,35,16,17,80,88,34,35,0,10,57,67,10,19,17,19,52,48,59,69,71,47,0,10,21,23,20,24,0,10
1500000US270530253024,Block Group 4; Census Tract 253.02; Hennepin County; Minnesota,447,233,20,26,0,10,0,10,20,33,7,10,10,20,140,218,0,10,0,10,8,13,79,63,12,18,10,18,15,17,90,63,36,41
1500000US270530254011,Block Group 1; Census Tract 254.01; Hennepin County; Minnesota,604,110,0,10,10,17,88,83,0,10,38,35,13,21,29,30,0,10,59,54,11,17,44,47,137,71,39,38,15,13,73,40,48,45
1500000US270530254012,Block Group 2; Census Tract 254.01; Hennepin County; Minnesota,605,143,19,30,8,12,44,63,29,28,10,17,0,10,0,10,18,24,0,10,23,29,94,68,184,110,87,79,48,29,25,24,16,20
1500000US270530254013,Block Group 3; Census Tract 254.01; Hennepin County; Minnesota,0,10,0,10,0,10,0,10,0,10,0,10,0,10,0,10,0,10,0,10,0,10,0,10,0,10,0,10,0,10,0,10,0,10
1500000US270530254014,Block Group 4; Census Tract 254.01; Hennepin County; Minnesota,350,115,10,15,0,10,7,12,0,10,0,10,9,15,0,10,25,31,31,49,28,26,9,14,22,25,50,39,63,57,24,21,72,87
1500000US270530254031,Block Group 1; Census Tract 254.03; Hennepin County; Minnesota,376,156,6,10,11,17,0,10,11,19,0,10,0,10,0,10,11,17,49,73,23,40,2,8,85,64,73,93,12,18,44,39,49,52
1500000US270530254032,Block Group 2; Census Tract 254.03; Hennepin County; Minnesota,538,271,45,63,0,10,19,22,0,10,2,5,46,24,0,10,19,30,161,244,26,30,48,41,7,11,66,45,15,22,35,36,49,57
1500000US270530254033,Block Group 3; Census Tract 254.03; Hennepin County; Minnesota,367,121,9,15,0,10,0,10,7,11,0,10,24,29,22,27,4,15,0,10,37,38,112,77,50,44,24,31,36,30,13,19,29,34
1500000US270530254034,Block Group 4; Census Tract 254.03; Hennepin County; Minnesota,276,102,0,10,39,37,20,33,0,10,25,30,0,10,0,10,0,10,11,18,35,44,77,73,10,16,7,10,27,36,4,8,21,30
1500000US270530256011,Block Group 1; Census Tract 256.01; Hennepin County; Minnesota,403,81,6,10,11,16,0,10,6,11,0,10,24,25,0,10,7,11,0,10,38,44,20,23,31,32,43,31,107,77,50,37,60,40
1500000US270530256012,Block Group 2; Census Tract 256.01; Hennepin County; Minnesota,0,10,0,10,0,10,0,10,0,10,0,10,0,10,0,10,0,10,0,10,0,10,0,10,0,10,0,10,0,10,0,10,0,10
1500000US270530256013,Block Group 3; Census Tract 256.01; Hennepin County; Minnesota,813,152,28,22,30,28,87,93,38,48,26,34,53,54,10,16,0,10,22,20,42,35,46,31,164,73,116,101,55,37,55,38,41,28
1500000US270530256031,Block Group 1; Census Tract 256.03; Hennepin County; Minnesota,282,73,0,10,0,10,0,10,1,2,0,10,0,10,0,10,0,10,9,16,13,20,16,18,85,51,49,36,23,27,27,29,59,57
1500000US270530256032,Block Group 2; Census Tract 256.03; Hennepin County; Minnesota,360,63,0,10,12,18,0,10,0,10,0,10,22,24,13,21,0,10,0,10,10,17,54,32,51,41,43,30,17,23,84,58,54,32
1500000US270530256033,Block Group 3; Census Tract 256.03; Hennepin County; Minnesota,405,95,9,16,10,15,0,10,17,19,31,27,0,10,9,14,16,19,18,22,33,37,13,21,72,49,0,10,79,43,37,32,61,54
1500000US270530256034,Block Group 4; Census Tract 256.03; Hennepin County; Minnesota,467,77,56,44,0,10,0,10,17,19,24,33,28,31,0,10,19,22,0,10,8,13,18,20,92,50,5,7,15,17,91,43,94,53
1500000US270530256051,Block Group 1; Census Tract 256.05; Hennepin County; Minnesota,638,105,14,21,13,21,13,19,22,33,7,10,63,68,30,34,55,51,15,24,38,30,37,39,98,59,32,28,56,39,113,66,32,39
1500000US270530256052,Block Group 2; Census Tract 256.05; Hennepin County; Minnesota,446,119,0,10,6,11,0,10,0,10,0,10,27,25,0,10,0,10,0,10,64,75,25,27,26,22,81,45,38,42,81,44,98,55
1500000US270530256053,Block Group 3; Census Tract 256.05; Hennepin County; Minnesota,682,179,31,25,0,10,34,38,43,51,7,11,28,30,21,23,12,19,62,53,68,50,83,92,55,43,81,85,56,40,27,26,74,62
1500000US270530257021,Block Group 1; Census Tract 257.02; Hennepin County; Minnesota,369,157,0,10,0,10,0,10,12,18,35,52,0,10,26,23,0,10,5,9,29,33,49,41,13,14,0,10,53,50,30,29,117,152
1500000US270530257022,Block Group 2; Census Tract 257.02; Hennepin County; Minnesota,185,80,0,10,0,10,0,10,10,17,0,10,0,10,0,10,0,10,13,19,0,10,0,10,6,10,46,35,32,30,2,8,76,62
1500000US270530257023,Block Group 3; Census Tract 257.02; Hennepin County; Minnesota,283,85,0,10,0,10,10,15,12,18,0,10,0,10,29,45,0,10,28,38,0,10,0,10,14,21,65,50,37,34,56,43,32,25
1500000US270530257024,Block Group 4; Census Tract 257.02; Hennepin County; Minnesota,307,99,9,14,25,29,0,10,11,17,14,16,0,10,49,60,0,10,0,10,64,44,51,36,0,10,32,38,27,29,25,29,0,10
1500000US270530257025,Block Group 5; Census Tract 257.02; Hennepin County; Minnesota,502,211,0,10,0,10,19,31,0,10,0,10,9,15,0,10,8,14,8,12,51,45,5,9,59,42,23,28,149,135,146,145,25,27
1500000US270530257026,Block Group 6; Census Tract 257.02; Hennepin County; Minnesota,420,94,5,9,0,10,33,30,20,32,0,10,0,10,0,10,0,10,22,36,21,23,18,31,71,47,48,44,23,26,81,55,78,50
1500000US270530257031,Block Group 1; Census Tract 257.03; Hennepin County; Minnesota,297,79,7,11,22,17,27,43,19,25,59,43,7,11,0,10,9,10,0,10,0,10,0,10,11,12,21,17,11,13,59,46,45,31
1500000US270530257032,Block Group 2; Census Tract 257.03; Hennepin County; Minnesota,633,111,41,42,24,26,9,14,0,10,4,7,28,34,15,18,12,14,35,46,30,40,40,26,102,50,18,17,20,18,84,49,171,64
1500000US270530257041,Block Group 1; Census Tract 257.04; Hennepin County; Minnesota,334,107,0,10,13,23,41,64,0,10,20,36,0,10,37,56,0,10,7,12,29,35,0,10,78,56,23,25,30,28,13,20,43,45
1500000US270530257042,Block Group 2; Census Tract 257.04; Hennepin County; Minnesota,398,103,0,10,0,10,0,10,0,10,16,25,0,10,34,26,50,61,37,30,8,14,34,31,23,39,0,10,51,43,59,53,86,64
1500000US270530257043,Block Group 3; Census Tract 257.04; Hennepin County; Minnesota,741,212,19,30,0,10,0,10,0,10,17,27,34,37,11,19,89,123,16,28,30,33,103,96,132,132,67,52,108,95,45,55,70,106
1500000US270530257044,Block Group 4; Census Tract 257.04; Hennepin County; Minnesota,407,119,20,32,0,10,0,10,16,25,0,10,0,10,15,23,0,10,17,26,42,50,14,21,18,29,47,57,0,10,139,95,79,56
1500000US270530258011,Block Group 1; Census Tract 258.01; Hennepin County; Minnesota,578,136,37,36,0,10,10,17,17,30,55,84,24,29,60,63,36,33,13,21,18,21,44,42,88,52,19,22,33,33,58,41,66,44
1500000US270530258012,Block Group 2; Census Tract 258.01; Hennepin County; Minnesota,342,83,0,10,7,10,0,10,0,10,7,11,6,9,0,10,0,10,17,25,0,10,11,18,21,26,38,30,23,26,131,72,81,44
1500000US270530258013,Block Group 3; Census Tract 258.01; Hennepin County; Minnesota,736,145,9,14,0,10,8,13,53,54,0,10,13,21,8,13,10,15,25,34,91,78,98,83,193,99,102,62,102,58,17,20,7,11
1500000US270530258021,Block Group 1; Census Tract 258.02; Hennepin County; Minnesota,470,51,0,10,8,12,6,10,6,9,6,9,7,10,19,15,0,10,10,12,10,12,45,27,86,33,50,26,51,25,48,26,118,47
1500000US270530258022,Block Group 2; Census Tract 258.02; Hennepin County; Minnesota,425,70,0,10,0,10,0,10,15,14,0,10,31,43,0,10,7,10,0,10,14,16,56,26,13,12,24,17,75,38,118,44,72,47
1500000US270530258031,Block Group 1; Census Tract 258.03; Hennepin County; Minnesota,212,60,0,10,0,10,0,10,0,10,10,14,8,13,0,10,0,10,22,24,26,27,45,43,20,23,28,27,28,24,12,18,13,18
1500000US270530258032,Block Group 2; Census Tract 258.03; Hennepin County; Minnesota,539,122,0,10,11,17,35,28,9,14,8,14,10,14,0,10,0,10,35,26,9,15,30,27,111,105,61,30,42,30,61,43,117,57
1500000US270530258033,Block Group 3; Census Tract 258.03; Hennepin County; Minnesota,588,145,10,14,0,10,0,10,0,10,20,22,0,10,9,14,16,26,0,10,62,55,129,83,56,39,116,126,36,33,100,47,34,30
1500000US270530258051,Block Group 1; Census Tract 258.05; Hennepin County; Minnesota,285,109,7,11,0,10,0,10,0,10,12,19,0,10,10,16,0,10,35,28,18,21,18,20,25,19,9,15,91,95,24,23,36,28
1500000US270530258052,Block Group 2; Census Tract 258.05; Hennepin County; Minnesota,264,56,0,10,0,10,0,10,23,23,0,10,0,10,23,21,0,10,0,10,0,10,10,14,33,31,33,29,25,23,74,41,43,20
1500000US270530258053,Block Group 3; Census Tract 258.05; Hennepin County; Minnesota,406,81,0,10,15,23,0,10,15,22,11,18,9,16,20,21,14,17,0,10,10,16,24,27,61,46,21,21,44,29,122,72,40,29
1500000US270530259051,Block Group 1; Census Tract 259.05; Hennepin County; Minnesota,668,93,70,59,0,10,0,10,0,10,17,20,0,10,36,44,10,16,0,10,23,26,74,42,48,32,52,33,50,39,108,51,180,51
1500000US270530259052,Block Group 2; Census Tract 259.05; Hennepin County; Minnesota,505,98,12,18,0,10,26,23,11,16,0,10,17,19,31,28,9,14,12,18,36,31,19,22,70,38,29,21,52,37,110,74,71,37
1500000US270530259053,Block Group 3; Census Tract 259.05; Hennepin County; Minnesota,319,82,0,10,0,10,20,30,0,10,0,10,11,17,0,10,0,10,0,10,24,23,0,10,16,18,38,43,23,25,63,37,124,56
1500000US270530259061,Block Group 1; Census Tract 259.06; Hennepin County; Minnesota,750,210,65,84,0,10,0,10,0,10,0,10,19,31,26,43,0,10,16,27,31,38,85,85,138,138,183,159,0,10,159,116,28,27
1500000US270530259062,Block Group 2; Census Tract 259.06; Hennepin County; Minnesota,579,201,25,39,20,32,77,118,0,10,0,10,0,10,0,10,7,14,0,10,16,27,37,35,210,188,66,54,15,25,77,59,29,34
1500000US270530259063,Block Group 3; Census Tract 259.06; Hennepin County; Minnesota,375,116,13,26,0,10,0,10,0,10,0,10,7,13,0,10,0,10,0,10,0,10,18,29,24,27,0,10,85,78,48,45,180,79
1500000US270530259064,Block Group 4; Census Tract 259.06; Hennepin County; Minnesota,695,163,23,38,0,10,0,10,10,16,0,10,0,10,21,35,87,67,64,63,47,61,33,38,157,110,22,38,77,63,42,47,112,69
1500000US270530259065,Block Group 5; Census Tract 259.06; Hennepin County; Minnesota,212,79,0,10,0,10,0,10,0,10,0,10,6,13,29,33,0,10,0,10,0,10,10,18,55,46,53,43,18,29,41,45,0,10
1500000US270530259071,Block Group 1; Census Tract 259.07; Hennepin County; Minnesota,829,202,76,63,12,20,30,33,16,25,15,25,0,10,30,34,13,22,16,27,53,45,112,135,74,58,142,87,23,26,70,57,147,64
1500000US270530259072,Block Group 2; Census Tract 259.07; Hennepin County; Minnesota,523,121,11,17,17,28,0,10,17,28,32,47,31,34,34,38,0,10,28,22,18,29,127,80,13,21,17,27,50,60,29,34,99,60
1500000US270530259073,Block Group 3; Census Tract 259.07; Hennepin County; Minnesota,853,116,0,10,0,10,0,10,15,25,35,39,37,31,0,10,14,22,35,42,25,55,75,58,43,39,69,61,80,66,166,76,259,125
1500000US270530259081,Block Group 1; Census Tract 259.08; Hennepin County; Minnesota,0,10,0,10,0,10,0,10,0,10,0,10,0,10,0,10,0,10,0,10,0,10,0,10,0,10,0,10,0,10,0,10,0,10
1500000US270530259082,Block Group 2; Census Tract 259.08; Hennepin County; Minnesota,1022,218,29,32,33,38,0,10,0,10,31,35,15,22,17,27,0,10,0,10,26,31,90,62,152,100,87,62,101,73,137,169,304,95
1500000US270530259083,Block Group 3; Census Tract 259.08; Hennepin County; Minnesota,698,248,58,59,0,10,0,10,0,10,15,24,0,10,6,10,55,85,14,22,54,61,56,53,233,226,93,89,49,40,39,36,26,41
1500000US270530259084,Block Group 4; Census Tract 259.08; Hennepin County; Minnesota,340,121,0,10,0,10,0,10,14,23,0,10,14,23,0,10,25,40,20,31,17,24,0,10,18,29,93,74,33,30,42,40,64,56
1500000US270530259091,Block Group 1; Census Tract 259.09; Hennepin County; Minnesota,514,149,25,28,13,21,86,117,0,10,0,10,0,10,13,20,11,17,13,22,48,43,22,26,45,35,62,55,26,28,11,17,139,64
1500000US270530259092,Block Group 2; Census Tract 259.09; Hennepin County; Minnesota,347,117,14,21,0,10,0,10,15,23,15,24,0,10,0,10,0,10,0,10,0,10,0,10,45,38,0,10,32,29,118,104,108,54
1500000US270530259093,Block Group 3; Census Tract 259.09; Hennepin County; Minnesota,433,113,0,10,0,10,0,10,0,10,18,27,28,46,0,10,0,10,0,10,64,56,21,28,73,50,68,52,14,23,48,51,99,82
1500000US270530260051,Block Group 1; Census Tract 260.05; Hennepin County; Minnesota,324,93,0,10,7,12,31,29,27,39,19,29,0,10,0,10,0,10,17,19,0,10,8,13,34,24,56,40,21,26,70,56,34,33
1500000US270530260052,Block Group 2; Census Tract 260.05; Hennepin County; Minnesota,495,189,0,10,0,10,16,24,0,10,0,10,0,10,0,10,0,10,13,19,8,13,33,32,63,58,147,190,50,39,50,37,115,58
1500000US270530260053,Block Group 3; Census Tract 260.05; Hennepin County; Minnesota,442,98,23,28,0,10,9,15,24,35,0,10,45,55,0,10,12,20,0,10,65,71,5,9,30,28,35,35,36,32,19,12,139,59
1500000US270530260054,Block Group 4; Census Tract 260.05; Hennepin County; Minnesota,298,77,28,25,27,42,0,10,0,10,6,9,34,42,35,39,0,10,0,10,0,10,0,10,23,26,37,31,16,17,55,34,37,34
1500000US270530260061,Block Group 1; Census Tract 260.06; Hennepin County; Minnesota,222,54,0,10,6,11,0,10,10,15,0,10,7,10,9,15,10,16,0,10,0,10,6,9,0,10,42,29,49,34,15,23,68,38
1500000US270530260062,Block Group 2; Census Tract 260.06; Hennepin County; Minnesota,278,117,0,10,0,10,12,19,0,10,8,13,0,10,0,10,0,10,0,10,0,10,34,32,89,101,67,43,12,18,35,28,21,20
1500000US270530260063,Block Group 3; Census Tract 260.06; Hennepin County; Minnesota,326,88,13,22,0,10,19,23,11,17,14,22,23,26,0,10,21,23,42,32,17,27,14,21,46,40,42,40,0,10,0,10,64,38
1500000US270530260064,Block Group 4; Census Tract 260.06; Hennepin County; Minnesota,573,210,25,41,0,10,0,10,0,10,0,10,0,10,0,10,0,10,17,19,16,20,22,25,27,26,39,33,111,138,106,144,210,124
1500000US270530260071,Block Group 1; Census Tract 260.07; Hennepin County; Minnesota,474,100,0,10,0,10,18,26,0,10,16,25,45,67,11,18,0,10,0,10,0,10,16,24,17,21,46,50,38,41,82,57,185,91
1500000US270530260072,Block Group 2; Census Tract 260.07; Hennepin County; Minnesota,635,153,0,10,81,119,0,10,12,21,8,12,0,10,0,10,10,14,0,10,20,25,32,39,88,60,66,58,54,80,27,31,237,96
1500000US270530260073,Block Group 3; Census Tract 260.07; Hennepin County; Minnesota,686,148,56,64,65,70,0,10,9,14,26,35,0,10,38,53,40,46,16,26,51,60,54,52,119,98,57,45,40,53,68,51,47,53
1500000US270530260074,Block Group 4; Census Tract 260.07; Hennepin County; Minnesota,304,93,0,10,0,10,0,10,15,25,0,10,2,5,0,10,0,10,15,25,26,33,56,47,83,60,49,46,12,19,46,57,0,10
1500000US270530260075,Block Group 5; Census Tract 260.07; Hennepin County; Minnesota,0,10,0,10,0,10,0,10,0,10,0,10,0,10,0,10,0,10,0,10,0,10,0,10,0,10,0,10,0,10,0,10,0,10
1500000US270530260076,Block Group 6; Census Tract 260.07; Hennepin County; Minnesota,90,77,0,10,0,10,0,10,0,10,0,10,0,10,0,10,0,10,0,10,24,37,9,15,0,10,0,10,0,10,0,10,57,86
1500000US270530260131,Block Group 1; Census Tract 260.13; Hennepin County; Minnesota,527,182,0,10,6,10,0,10,0,10,0,10,12,17,56,85,0,10,10,16,11,18,9,15,51,34,93,72,29,25,42,31,208,144
1500000US270530260132,Block Group 2; Census Tract 260.13; Hennepin County; Minnesota,393,79,20,22,0,10,8,13,16,21,0,10,13,20,0,10,0,10,10,15,0,10,26,26,8,14,36,30,20,22,81,57,155,55
1500000US270530260133,Block Group 3; Census Tract 260.13; Hennepin County; Minnesota,291,112,0,10,0,10,0,10,0,10,0,10,0,10,0,10,10,16,23,26,0,10,19,21,49,35,53,54,104,98,18,23,15,18
1500000US270530260134,Block Group 4; Census Tract 260.13; Hennepin County; Minnesota,499,111,0,10,0,10,0,10,0,10,0,10,0,10,11,17,0,10,24,27,11,16,8,14,14,18,45,31,31,37,45,38,310,111
1500000US270530260141,Block Group 1; Census Tract 260.14; Hennepin County; Minnesota,527,102,0,10,0,10,0,10,13,18,0,10,0,10,0,10,9,13,0,10,6,9,49,33,38,27,38,24,80,58,96,53,198,87
1500000US270530260142,Block Group 2; Census Tract 260.14; Hennepin County; Minnesota,0,10,0,10,0,10,0,10,0,10,0,10,0,10,0,10,0,10,0,10,0,10,0,10,0,10,0,10,0,10,0,10,0,10
1500000US270530260143,Block Group 3; Census Tract 260.14; Hennepin County; Minnesota,409,119,0,10,9,14,0,10,11,17,0,10,17,28,0,10,22,24,0,10,16,18,41,38,34,29,6,11,57,79,72,53,124,79
1500000US270530260144,Block Group 4; Census Tract 260.14; Hennepin County; Minnesota,347,87,15,23,0,10,37,39,9,15,0,10,0,10,0,10,0,10,0,10,0,10,0,10,69,64,20,21,25,37,48,37,124,50
1500000US270530260145,Block Group 5; Census Tract 260.14; Hennepin County; Minnesota,672,107,0,10,9,15,18,20,23,36,9,15,11,16,18,21,19,24,0,10,36,28,67,51,93,64,43,38,39,34,111,57,176,74
1500000US270530260151,Block Group 1; Census Tract 260.15; Hennepin County; Minnesota,232,84,0,10,0,10,0,10,0,10,0,10,0,10,0,10,0,10,0,10,20,34,14,24,40,33,38,57,0,10,0,10,120,72
1500000US270530260152,Block Group 2; Census Tract 260.15; Hennepin County; Minnesota,297,80,0,10,0,10,0,10,0,10,0,10,0,10,0,10,0,10,0,10,18,30,0,10,0,10,11,19,13,21,62,49,193,75
1500000US270530260153,Block Group 3; Census Tract 260.15; Hennepin County; Minnesota,549,164,22,35,9,15,22,35,82,78,0,10,0,10,0,10,17,28,69,102,0,10,0,10,61,53,35,41,49,51,33,39,150,107
1500000US270530260154,Block Group 4; Census Tract 260.15; Hennepin County; Minnesota,624,178,0,10,0,10,0,10,0,10,0,10,15,25,0,10,24,40,69,99,62,62,89,94,58,55,138,129,97,84,16,26,56,49
1500000US270530260155,Block Group 5; Census Tract 260.15; Hennepin County; Minnesota,374,100,21,33,0,10,0,10,0,10,0,10,0,10,34,42,44,50,0,10,0,10,38,57,40,64,0,10,17,29,49,48,131,84
1500000US270530260191,Block Group 1; Census Tract 260.19; Hennepin County; Minnesota,379,204,24,40,0,10,0,10,0,10,0,10,0,10,0,10,0,10,0,10,90,143,76,95,0,10,21,32,74,93,37,43,57,46
1500000US270530260192,Block Group 2; Census Tract 260.19; Hennepin County; Minnesota,322,139,0,10,0,10,0,10,0,10,0,10,75,65,14,22,0,10,0,10,24,39,43,48,117,117,27,41,22,38,0,10,0,10
1500000US270530260193,Block Group 3; Census Tract 260.19; Hennepin County; Minnesota,758,161,0,10,17,31,0,10,0,10,21,35,19,30,41,51,17,30,0,10,21,36,66,61,163,89,113,84,99,81,73,74,108,95
1500000US270530260194,Block Group 4; Census Tract 260.19; Hennepin County; Minnesota,795,194,0,10,0,10,0,10,0,10,0,10,0,10,0,10,82,81,103,119,84,100,102,85,133,87,126,109,89,83,59,68,17,28
1500000US270530260201,Block Group 1; Census Tract 260.20; Hennepin County; Minnesota,793,220,0,10,16,26,0,10,33,28,0,10,15,25,38,43,69,85,16,24,39,38,148,126,77,59,151,126,33,38,134,102,24,34
1500000US270530260202,Block Group 2; Census Tract 260.20; Hennepin County; Minnesota,971,227,4,17,91,95,0,10,14,23,0,10,30,34,0,10,0,10,0,10,41,44,99,72,282,170,77,69,114,127,151,94,68,104
1500000US270530260203,Block Group 3; Census Tract 260.20; Hennepin County; Minnesota,0,10,0,10,0,10,0,10,0,10,0,10,0,10,0,10,0,10,0,10,0,10,0,10,0,10,0,10,0,10,0,10,0,10
1500000US270530260204,Block Group 4; Census Tract 260.20; Hennepin County; Minnesota,596,129,13,23,35,58,12,19,0,10,0,10,28,44,0,10,32,37,15,26,16,23,45,43,45,42,57,45,0,10,73,85,225,99
1500000US270530260211,Block Group 1; Census Tract 260.21; Hennepin County; Minnesota,372,89,0,10,0,10,7,12,0,10,0,10,0,10,0,10,0,10,0,10,0,10,0,10,35,33,28,33,45,40,38,34,219,74
1500000US270530260212,Block Group 2; Census Tract 260.21; Hennepin County; Minnesota,562,97,25,37,0,10,8,12,13,20,7,12,12,14,10,16,14,22,17,26,0,10,71,46,49,27,23,27,66,48,68,53,179,57
1500000US270530260213,Block Group 3; Census Tract 260.21; Hennepin County; Minnesota,588,96,0,10,17,19,0,10,13,21,10,16,0,10,12,19,12,19,13,21,18,23,66,52,93,53,64,52,43,42,47,32,180,69
1500000US270530260231,Block Group 1; Census Tract 260.23; Hennepin County; Minnesota,621,138,37,45,16,27,8,12,0,10,12,19,10,17,0,10,95,74,0,10,0,10,104,66,25,27,41,44,39,34,82,60,152,59
1500000US270530260232,Block Group 2; Census Tract 260.23; Hennepin County; Minnesota,507,189,7,11,0,10,0,10,9,15,8,13,0,10,0,10,8,14,14,23,11,17,53,50,64,46,99,83,131,139,5,8,98,84
1500000US270530260233,Block Group 3; Census Tract 260.23; Hennepin County; Minnesota,463,179,22,33,0,10,0,10,0,10,0,10,0,10,0,10,0,10,0,10,0,10,24,40,0,10,59,38,168,162,8,13,182,71
1500000US270530260241,Block Group 1; Census Tract 260.24; Hennepin County; Minnesota,1038,272,0,10,0,10,0,10,0,10,29,29,11,18,18,28,0,10,76,76,42,35,196,237,185,95,66,44,78,52,139,79,198,83
1500000US270530260242,Block Group 2; Census Tract 260.24; Hennepin County; Minnesota,486,143,8,14,0,10,0,10,0,10,0,10,0,10,0,10,10,16,0,10,9,15,44,68,41,40,73,88,11,17,55,39,235,89
1500000US270530260251,Block Group 1; Census Tract 260.25; Hennepin County; Minnesota,318,43,0,10,0,10,0,10,0,10,0,10,22,28,0,10,0,10,0,10,0,10,14,15,0,10,19,18,21,19,84,39,158,48
1500000US270530260252,Block Group 2; Census Tract 260.25; Hennepin County; Minnesota,498,84,5,8,0,10,5,9,0,10,0,10,0,10,0,10,0,10,0,10,5,8,0,10,22,23,30,27,45,26,129,47,257,69
1500000US270530260261,Block Group 1; Census Tract 260.26; Hennepin County; Minnesota,233,90,0,10,0,10,0,10,0,10,0,10,0,10,0,10,0,10,0,10,0,10,11,18,0,10,0,10,23,14,55,57,144,64
1500000US270530260262,Block Group 2; Census Tract 260.26; Hennepin County; Minnesota,434,252,5,8,0,10,0,10,0,10,0,10,0,10,20,23,0,10,0,10,0,10,0,10,11,18,28,27,203,250,52,37,115,45
1500000US270530260263,Block Group 3; Census Tract 260.26; Hennepin County; Minnesota,592,131,0,10,0,10,0,10,11,17,0,10,0,10,0,10,0,10,29,34,14,23,19,21,0,10,50,30,28,26,35,32,406,130
1500000US270530260264,Block Group 4; Census Tract 260.26; Hennepin County; Minnesota,573,187,0,10,0,10,0,10,0,10,0,10,0,10,0,10,0,10,0,10,15,22,10,17,133,113,0,10,27,29,24,27,364,166
1500000US270530260271,Block Group 1; Census Tract 260.27; Hennepin County; Minnesota,791,131,14,23,17,26,10,18,0,10,0,10,0,10,0,10,0,10,41,66,62,45,20,29,36,41,64,43,59,45,161,75,307,98
1500000US270530260272,Block Group 2; Census Tract 260.27; Hennepin County; Minnesota,966,322,64,91,0,10,0,10,0,10,11,20,11,18,0,10,0,10,13,19,202,282,47,44,85,63,66,53,82,72,119,88,266,82
1500000US270530260281,Block Group 1; Census Tract 260.28; Hennepin County; Minnesota,459,122,0,10,0,10,0,10,0,10,0,10,7,13,0,10,0,10,0,10,0,10,36,43,36,55,86,63,28,27,34,31,232,102
1500000US270530260282,Block Group 2; Census Tract 260.28; Hennepin County; Minnesota,662,157,31,51,0,10,0,10,0,10,0,10,0,10,0,10,0,10,17,27,18,15,22,24,14,23,0,10,88,61,85,54,387,169
1500000US270530261011,Block Group 1; Census Tract 261.01; Hennepin County; Minnesota,696,148,30,42,8,13,0,10,11,12,16,18,8,13,11,17,0,10,0,10,16,18,19,23,46,31,190,129,7,11,143,70,191,51
1500000US270530261012,Block Group 2; Census Tract 261.01; Hennepin County; Minnesota,406,85,0,10,0,10,7,11,0,10,0,10,0,10,20,23,24,24,0,10,9,15,29,27,44,30,20,32,7,10,17,19,229,70
1500000US270530261013,Block Group 3; Census Tract 261.01; Hennepin County; Minnesota,223,47,0,10,0,10,14,19,0,10,0,10,0,10,0,10,0,10,10,16,10,16,15,18,0,10,0,10,21,28,38,33,115,42
1500000US270530261031,Block Group 1; Census Tract 261.03; Hennepin County; Minnesota,667,132,0,10,22,32,0,10,0,10,0,10,0,10,0,10,0,10,17,25,49,31,29,26,54,40,66,36,87,44,216,119,127,63
1500000US270530261032,Block Group 2; Census Tract 261.03; Hennepin County; Minnesota,613,152,0,10,0,10,27,29,0,10,10,16,0,10,0,10,30,50,18,20,77,65,26,26,103,131,54,50,81,55,42,34,145,64
1500000US270530261041,Block Group 1; Census Tract 261.04; Hennepin County; Minnesota,884,169,33,39,38,38,32,36,0,10,0,10,0,10,0,10,70,59,71,58,42,41,106,74,210,137,100,61,14,23,79,56,89,59
1500000US270530261042,Block Group 2; Census Tract 261.04; Hennepin County; Minnesota,1043,187,22,35,0,10,60,77,17,27,17,26,17,28,62,95,12,20,28,36,151,109,165,121,141,99,106,79,133,90,57,50,55,55
1500000US270530261043,Block Group 3; Census Tract 261.04; Hennepin County; Minnesota,885,161,18,28,0,10,0,10,13,23,0,10,13,21,0,10,19,32,0,10,15,24,206,123,164,80,215,103,13,22,129,86,80,64
1500000US270530262011,Block Group 1; Census Tract 262.01; Hennepin County; Minnesota,523,154,7,12,0,10,0,10,10,15,0,10,9,14,20,22,0,10,0,10,0,10,9,15,36,27,42,47,76,60,56,41,258,150
1500000US270530262012,Block Group 2; Census Tract 262.01; Hennepin County; Minnesota,766,161,11,16,15,16,0,10,0,10,0,10,0,10,19,23,9,13,23,25,9,13,11,17,50,35,163,133,102,81,114,80,240,69
1500000US270530262021,Block Group 1; Census Tract 262.02; Hennepin County; Minnesota,522,116,9,13,0,10,0,10,0,10,11,17,0,10,9,15,0,10,52,59,0,10,25,19,15,18,51,33,44,44,59,39,247,93
1500000US270530262022,Block Group 2; Census Tract 262.02; Hennepin County; Minnesota,576,158,18,19,0,10,0,10,0,10,0,10,0,10,21,32,97,134,7,11,18,20,0,10,40,30,35,29,28,28,129,54,183,50
1500000US270530262051,Block Group 1; Census Tract 262.05; Hennepin County; Minnesota,366,96,0,10,0,10,0,10,0,10,0,10,10,15,0,10,0,10,11,16,0,10,10,16,9,15,31,30,54,72,24,25,217,67
1500000US270530262052,Block Group 2; Census Tract 262.05; Hennepin County; Minnesota,369,77,10,15,0,10,0,10,18,21,0,10,0,10,0,10,10,16,20,29,0,10,25,28,58,38,54,35,75,54,49,38,50,42
1500000US270530262053,Block Group 3; Census Tract 262.05; Hennepin County; Minnesota,392,82,11,19,0,10,0,10,0,10,0,10,19,22,8,14,18,21,16,26,0,10,0,10,21,21,27,27,33,30,120,48,119,53
1500000US270530262061,Block Group 1; Census Tract 262.06; Hennepin County; Minnesota,324,62,21,18,0,10,0,10,0,10,0,10,0,10,0,10,0,10,21,22,0,10,23,22,33,29,34,30,12,14,68,35,112,46
1500000US270530262062,Block Group 2; Census Tract 262.06; Hennepin County; Minnesota,625,97,38,34,59,38,14,21,33,31,28,31,68,65,0,10,26,23,23,26,17,24,33,30,31,29,45,35,45,30,60,35,105,38
1500000US270530262063,Block Group 3; Census Tract 262.06; Hennepin County; Minnesota,329,54,11,17,0,10,0,10,0,10,0,10,0,10,0,10,9,14,0,10,0,10,21,19,5,8,19,22,16,20,78,35,170,46
1500000US270530262071,Block Group 1; Census Tract 262.07; Hennepin County; Minnesota,747,126,95,92,20,29,0,10,46,53,22,38,9,15,13,21,17,18,6,9,23,20,22,18,76,45,22,26,33,26,129,74,214,76
1500000US270530262072,Block Group 2; Census Tract 262.07; Hennepin County; Minnesota,840,142,20,32,100,82,0,10,0,10,16,23,0,10,0,10,37,42,9,14,82,64,146,76,59,36,95,45,62,46,102,46,112,55
1500000US270530262081,Block Group 1; Census Tract 262.08; Hennepin County; Minnesota,476,91,26,37,10,17,0,10,49,52,0,10,6,9,0,10,0,10,0,10,12,18,50,48,52,34,51,39,67,41,31,26,122,62
1500000US270530262082,Block Group 2; Census Tract 262.08; Hennepin County; Minnesota,225,58,0,10,0,10,21,22,0,10,0,10,0,10,8,13,8,13,0,10,10,16,0,10,10,15,12,20,15,23,56,32,85,40
1500000US270530262083,Block Group 3; Census Tract 262.08; Hennepin County; Minnesota,498,114,0,10,0,10,23,25,0,10,0,10,16,18,0,10,0,10,27,23,0,10,15,16,14,18,43,31,47,31,34,31,279,106
1500000US270530263011,Block Group 1; Census Tract 263.01; Hennepin County; Minnesota,957,177,14,23,0,10,0,10,0,10,10,15,44,45,10,16,45,56,11,17,17,21,93,46,248,137,70,58,57,54,95,55,243,88
1500000US270530263012,Block Group 2; Census Tract 263.01; Hennepin County; Minnesota,268,75,0,10,0,10,0,10,0,10,0,10,0,10,0,10,0,10,0,10,0,10,0,10,5,9,0,10,64,49,47,33,152,65
1500000US270530263013,Block Group 3; Census Tract 263.01; Hennepin County; Minnesota,492,84,10,16,0,10,7,12,0,10,0,10,0,10,0,10,13,14,14,22,9,15,9,15,36,27,39,32,7,11,20,21,328,91
1500000US270530263021,Block Group 1; Census Tract 263.02; Hennepin County; Minnesota,522,110,10,16,0,10,9,15,18,20,0,10,0,10,0,10,44,74,18,20,0,10,60,56,31,29,44,34,25,38,82,45,181,63
1500000US270530263022,Block Group 2; Census Tract 263.02; Hennepin County; Minnesota,363,79,0,10,22,34,0,10,10,15,10,15,10,15,0,10,54,70,21,24,10,18,22,24,39,30,33,29,7,11,8,13,117,58
1500000US270530263023,Block Group 3; Census Tract 263.02; Hennepin County; Minnesota,435,64,7,11,8,13,8,13,0,10,10,15,8,14,17,18,0,10,26,25,4,6,36,37,56,51,9,14,55,45,79,45,112,49
1500000US270530264031,Block Group 1; Census Tract 264.03; Hennepin County; Minnesota,659,140,11,14,7,12,8,12,0,10,0,10,8,13,0,10,10,12,59,95,34,27,28,28,80,47,75,48,120,63,46,50,173,89
1500000US270530264032,Block Group 2; Census Tract 264.03; Hennepin County; Minnesota,291,81,22,21,12,14,7,11,21,27,0,10,39,47,0,10,7,12,0,10,7,10,46,45,7,12,32,26,32,33,46,41,13,16
1500000US270530264033,Block Group 3; Census Tract 264.03; Hennepin County; Minnesota,710,117,26,21,23,35,14,16,49,40,30,27,6,9,44,43,30,27,6,11,30,23,123,95,54,50,126,90,44,44,67,48,38,35
1500000US270530264041,Block Group 1; Census Tract 264.04; Hennepin County; Minnesota,333,106,13,21,0,10,0,10,0,10,0,10,0,10,13,22,14,22,16,26,16,27,31,27,50,51,27,33,0,10,65,55,88,95
1500000US270530264042,Block Group 2; Census Tract 264.04; Hennepin County; Minnesota,936,257,0,10,30,34,36,39,63,80,14,22,15,25,0,10,0,10,14,23,14,23,99,71,70,59,55,51,43,40,224,180,259,158
1500000US270530264043,Block Group 3; Census Tract 264.04; Hennepin County; Minnesota,1142,296,69,78,13,20,0,10,0,10,31,35,0,10,39,38,0,10,14,22,57,48,54,54,151,131,162,87,144,88,201,263,207,114
1500000US270530264044,Block Group 4; Census Tract 264.04; Hennepin County; Minnesota,376,134,0,10,0,10,0,10,14,24,0,10,0,10,0,10,0,10,0,10,0,10,33,40,15,23,17,25,0,10,57,51,240,134
1500000US270530264051,Block Group 1; Census Tract 264.05; Hennepin County; Minnesota,169,51,0,10,0,10,0,10,0,10,0,10,0,10,16,25,10,17,0,10,15,18,14,17,27,26,32,30,0,10,5,8,50,36
1500000US270530264052,Block Group 2; Census Tract 264.05; Hennepin County; Minnesota,482,67,17,27,0,10,0,10,0,10,0,10,11,17,0,10,0,10,21,24,14,16,57,48,23,22,46,48,76,48,84,57,133,67
1500000US270530264053,Block Group 3; Census Tract 264.05; Hennepin County; Minnesota,323,84,0,10,7,11,18,29,0,10,0,10,0,10,15,23,9,15,27,42,19,31,59,48,58,46,23,35,35,40,45,41,8,13
1500000US270530264061,Block Group 1; Census Tract 264.06; Hennepin County; Minnesota,523,161,56,51,0,10,0,10,0,10,34,40,0,10,22,36,0,10,0,10,14,24,21,34,36,41,44,53,52,44,156,128,88,90
1500000US270530264062,Block Group 2; Census Tract 264.06; Hennepin County; Minnesota,972,209,37,42,30,37,14,22,14,24,17,27,19,34,153,91,44,53,19,31,40,46,103,80,145,82,205,141,27,33,105,96,0,10
1500000US270530264063,Block Group 3; Census Tract 264.06; Hennepin County; Minnesota,567,147,14,23,0,10,15,25,0,10,18,28,31,52,9,16,18,27,13,21,19,30,63,54,128,106,114,93,60,69,54,62,11,19
1500000US270530265051,Block Group 1; Census Tract 265.05; Hennepin County; Minnesota,825,232,7,11,0,10,9,14,0,10,0,10,0,10,11,20,0,10,12,19,100,91,172,178,72,54,77,46,31,32,35,27,299,116
1500000US270530265052,Block Group 2; Census Tract 265.05; Hennepin County; Minnesota,300,81,18,21,0,10,0,10,0,10,0,10,0,10,24,37,0,10,0,10,5,11,8,12,6,11,29,26,22,24,95,60,93,53
1500000US270530265053,Block Group 3; Census Tract 265.05; Hennepin County; Minnesota,448,89,0,10,0,10,44,52,0,10,0,10,6,10,0,10,12,18,0,10,40,36,30,24,44,44,37,31,35,31,108,55,92,45
1500000US270530265071,Block Group 1; Census Tract 265.07; Hennepin County; Minnesota,655,178,0,10,0,10,0,10,0,10,24,39,16,26,0,10,0,10,0,10,18,29,58,53,52,44,7,12,154,141,115,73,211,93
1500000US270530265072,Block Group 2; Census Tract 265.07; Hennepin County; Minnesota,539,143,0,10,0,10,0,10,11,17,59,55,0,10,0,10,0,10,0,10,51,75,168,171,64,50,34,39,40,39,50,57,62,39
1500000US270530265073,Block Group 3; Census Tract 265.07; Hennepin County; Minnesota,773,180,29,34,17,28,0,10,70,83,20,34,21,35,0,10,52,53,0,10,39,43,80,65,70,58,94,74,62,57,75,73,144,122
1500000US270530265074,Block Group 4; Census Tract 265.07; Hennepin County; Minnesota,200,72,0,10,0,10,0,10,0,10,0,10,0,10,0,10,23,36,0,10,33,37,13,22,11,17,33,42,0,10,31,40,56,43
1500000US270530265081,Block Group 1; Census Tract 265.08; Hennepin County; Minnesota,821,193,29,33,0,10,0,10,0,10,17,26,96,116,51,46,0,10,17,26,17,26,114,84,70,48,59,50,17,26,132,110,202,112
1500000US270530265082,Block Group 2; Census Tract 265.08; Hennepin County; Minnesota,681,144,0,10,0,10,0,10,0,10,13,21,12,21,0,10,0,10,0,10,29,44,30,34,42,43,36,58,45,55,82,59,392,141
1500000US270530265083,Block Group 3; Census Tract 265.08; Hennepin County; Minnesota,543,130,0,10,0,10,0,10,0,10,2,20,15,23,0,10,23,36,39,44,0,10,95,62,55,51,97,62,48,58,116,84,53,60
1500000US270530265091,Block Group 1; Census Tract 265.09; Hennepin County; Minnesota,842,108,19,21,32,31,0,10,9,15,0,10,57,49,45,43,0,10,0,10,11,17,19,21,92,51,70,47,59,47,56,37,373,85
1500000US270530265092,Block Group 2; Census Tract 265.09; Hennepin County; Minnesota,564,119,10,15,0,10,0,10,0,10,0,10,0,10,0,10,0,10,10,15,18,21,17,19,50,35,22,23,55,37,183,87,199,96
1500000US270530265093,Block Group 3; Census Tract 265.09; Hennepin County; Minnesota,385,172,0,10,0,10,0,10,9,14,0,10,0,10,10,15,9,14,8,12,68,94,10,15,14,16,8,12,66,47,53,50,130,127
1500000US270530265101,Block Group 1; Census Tract 265.10; Hennepin County; Minnesota,583,137,0,10,12,19,10,15,0,10,22,26,0,10,0,10,48,60,30,27,77,92,58,40,132,81,33,33,43,37,81,55,37,35
1500000US270530265102,Block Group 2; Census Tract 265.10; Hennepin County; Minnesota,467,128,10,15,11,17,0,10,0,10,0,10,11,16,24,29,9,15,0,10,37,37,12,14,109,92,113,63,16,18,27,23,88,64
1500000US270530265103,Block Group 3; Census Tract 265.10; Hennepin County; Minnesota,507,108,10,17,29,30,9,13,0,10,16,18,30,38,36,34,61,53,39,36,54,39,33,36,16,18,41,24,30,36,50,36,53,30
1500000US270530265111,Block Group 1; Census Tract 265.11; Hennepin County; Minnesota,538,124,0,10,0,10,8,14,9,16,61,76,28,46,0,10,76,56,33,49,55,45,126,99,80,66,37,32,0,10,25,32,0,10
1500000US270530265112,Block Group 2; Census Tract 265.11; Hennepin County; Minnesota,461,129,16,24,6,9,0,10,0,10,8,13,33,43,31,39,0,10,25,29,71,62,36,42,103,72,20,22,49,53,32,37,31,30
1500000US270530265113,Block Group 3; Census Tract 265.11; Hennepin County; Minnesota,527,165,0,10,0,10,0,10,0,10,11,17,15,17,0,10,12,23,19,31,0,10,0,10,135,155,59,42,34,32,54,38,188,72
1500000US270530265141,Block Group 1; Census Tract 265.14; Hennepin County; Minnesota,0,10,0,10,0,10,0,10,0,10,0,10,0,10,0,10,0,10,0,10,0,10,0,10,0,10,0,10,0,10,0,10,0,10
1500000US270530265142,Block Group 2; Census Tract 265.14; Hennepin County; Minnesota,0,10,0,10,0,10,0,10,0,10,0,10,0,10,0,10,0,10,0,10,0,10,0,10,0,10,0,10,0,10,0,10,0,10
1500000US270530265143,Block Group 3; Census Tract 265.14; Hennepin County; Minnesota,474,126,16,27,0,10,56,86,0,10,0,10,0,10,0,10,15,29,15,24,20,34,95,76,91,52,63,53,58,65,45,47,0,10
1500000US270530265144,Block Group 4; Census Tract 265.14; Hennepin County; Minnesota,944,192,18,30,15,24,38,46,16,23,0,10,33,38,16,24,0,10,14,22,27,33,68,61,289,138,49,39,0,10,133,118,228,138
1500000US270530265145,Block Group 5; Census Tract 265.14; Hennepin County; Minnesota,721,144,0,10,12,20,56,94,0,10,18,27,17,27,35,40,17,28,0,10,38,35,55,44,116,78,108,73,67,69,38,40,144,95
1500000US270530265151,Block Group 1; Census Tract 265.15; Hennepin County; Minnesota,387,91,16,18,5,8,0,10,7,11,0,10,0,10,20,16,5,8,21,32,40,58,32,31,46,31,52,52,48,33,41,35,54,26
1500000US270530265152,Block Group 2; Census Tract 265.15; Hennepin County; Minnesota,434,63,16,28,18,22,0,10,4,7,0,10,18,23,12,19,5,8,0,10,41,30,38,32,102,67,48,36,45,26,30,24,57,33
1500000US270530265161,Block Group 1; Census Tract 265.16; Hennepin County; Minnesota,248,72,0,10,0,10,0,10,0,10,10,15,0,10,0,10,26,32,0,10,9,13,19,20,56,62,26,24,0,10,44,39,58,46
1500000US270530265162,Block Group 2; Census Tract 265.16; Hennepin County; Minnesota,524,163,0,10,0,10,0,10,9,13,0,10,16,24,0,10,11,19,0,10,36,33,84,57,58,49,100,135,64,44,56,41,90,63
1500000US270530265163,Block Group 3; Census Tract 265.16; Hennepin County; Minnesota,428,142,12,18,0,10,0,10,0,10,0,10,0,10,56,82,19,20,0,10,29,26,153,109,31,29,4,7,6,11,103,94,15,16
1500000US270530265164,Block Group 4; Census Tract 265.16; Hennepin County; Minnesota,560,120,2,3,1,2,0,10,12,15,6,8,0,10,23,23,18,16,13,16,30,29,30,24,91,61,37,25,32,29,41,29,224,90
1500000US270530266051,Block Group 1; Census Tract 266.05; Hennepin County; Minnesota,634,129,17,20,0,10,0,10,0,10,0,10,0,10,7,11,13,21,0,10,16,22,0,10,23,22,102,84,60,42,130,87,266,70
1500000US270530266052,Block Group 2; Census Tract 266.05; Hennepin County; Minnesota,945,92,11,18,16,20,0,10,56,44,10,16,25,23,5,9,41,59,59,51,73,48,54,40,75,65,70,46,70,43,96,69,284,90
1500000US270530266061,Block Group 1; Census Tract 266.06; Hennepin County; Minnesota,390,86,9,13,0,10,0,10,0,10,0,10,23,35,0,10,0,10,10,16,23,23,15,15,16,14,40,35,35,56,74,64,145,56
1500000US270530266062,Block Group 2; Census Tract 266.06; Hennepin County; Minnesota,903,220,16,18,0,10,0,10,9,15,7,12,0,10,6,10,0,10,0,10,62,39,63,46,64,37,19,21,170,181,182,96,305,88
1500000US270530266063,Block Group 3; Census Tract 266.06; Hennepin County; Minnesota,613,129,0,10,0,10,11,17,0,10,9,14,17,19,65,78,85,63,30,48,15,17,14,16,18,20,61,40,44,33,30,24,214,81
1500000US270530266091,Block Group 1; Census Tract 266.09; Hennepin County; Minnesota,404,89,21,19,0,10,0,10,0,10,7,11,7,11,0,10,0,10,17,18,16,25,32,28,18,22,69,35,51,63,75,46,91,50
1500000US270530266092,Block Group 2; Census Tract 266.09; Hennepin County; Minnesota,349,150,0,10,0,10,0,10,0,10,0,10,0,10,0,10,0,10,0,10,0,10,28,24,49,42,20,22,16,20,137,130,99,43
1500000US270530266093,Block Group 3; Census Tract 266.09; Hennepin County; Minnesota,405,88,5,9,0,10,0,10,7,12,0,10,11,15,0,10,23,36,11,17,18,27,47,39,60,49,68,48,62,51,32,27,61,36
1500000US270530266101,Block Group 1; Census Tract 266.10; Hennepin County; Minnesota,410,83,17,20,0,10,0,10,0,10,3,5,0,10,0,10,0,10,0,10,0,10,11,17,0,10,52,36,46,31,160,55,121,66
1500000US270530266102,Block Group 2; Census Tract 266.10; Hennepin County; Minnesota,375,128,0,10,7,12,0,10,0,10,0,10,0,10,0,10,11,17,0,10,7,11,0,10,21,26,10,11,23,23,77,43,219,114
1500000US270530266103,Block Group 3; Census Tract 266.10; Hennepin County; Minnesota,347,104,0,10,7,12,10,15,11,19,0,10,31,33,0,10,9,16,6,10,85,62,30,29,39,36,0,10,63,68,36,26,20,23
1500000US270530266104,Block Group 4; Census Tract 266.10; Hennepin County; Minnesota,461,96,0,10,0,10,42,65,0,10,0,10,0,10,10,15,0,10,20,21,0,10,58,45,44,37,41,49,35,29,16,19,195,69
1500000US270530266111,Block Group 1; Census Tract 266.11; Hennepin County; Minnesota,429,99,24,36,0,10,22,35,23,42,32,57,0,10,21,36,7,12,0,10,0,10,28,39,39,43,34,33,27,33,54,53,118,57
1500000US270530266112,Block Group 2; Census Tract 266.11; Hennepin County; Minnesota,454,154,0,10,0,10,94,112,0,10,0,10,12,21,0,10,15,24,0,10,50,58,12,19,90,51,35,49,0,10,24,31,122,83
1500000US270530266113,Block Group 3; Census Tract 266.11; Hennepin County; Minnesota,421,136,9,15,0,10,20,33,10,16,41,57,0,10,43,58,16,26,0,10,0,10,46,54,110,86,46,43,30,47,10,17,40,37
1500000US270530266114,Block Group 4; Census Tract 266.11; Hennepin County; Minnesota,982,317,37,37,0,10,36,43,17,29,0,10,12,19,13,23,0,10,0,10,73,83,201,233,171,152,41,41,114,81,74,101,193,147
1500000US270530266141,Block Group 1; Census Tract 266.14; Hennepin County; Minnesota,408,94,0,10,0,10,0,10,0,10,72,84,0,10,0,10,13,21,11,16,12,19,60,60,39,43,44,41,56,47,20,24,81,64
1500000US270530266142,Block Group 2; Census Tract 266.14; Hennepin County; Minnesota,371,81,0,10,0,10,0,10,0,10,17,26,0,10,27,38,14,22,0,10,14,23,0,10,20,26,31,44,42,36,73,39,133,52
1500000US270530266143,Block Group 3; Census Tract 266.14; Hennepin County; Minnesota,503,113,0,10,0,10,0,10,0,10,0,10,0,10,11,19,9,16,0,10,0,10,0,10,26,31,48,53,25,27,189,78,195,75
1500000US270530266151,Block Group 1; Census Tract 266.15; Hennepin County; Minnesota,1343,210,25,40,0,10,0,10,0,10,0,10,0,10,60,53,0,10,0,10,63,59,88,63,156,97,91,68,182,111,282,144,396,187
1500000US270530266152,Block Group 2; Census Tract 266.15; Hennepin County; Minnesota,520,146,0,10,0,10,63,58,0,10,0,10,0,10,0,10,0,10,0,10,21,33,27,33,17,27,24,41,33,41,84,79,251,135
1500000US270530266153,Block Group 3; Census Tract 266.15; Hennepin County; Minnesota,989,230,0,10,0,10,0,10,0,10,0,10,0,10,0,10,0,10,0,10,0,10,0,10,53,70,0,10,48,56,158,193,730,163
1500000US270530266161,Block Group 1; Census Tract 266.16; Hennepin County; Minnesota,620,157,13,20,0,10,15,24,0,10,0,10,0,10,0,10,10,16,0,10,29,34,60,97,22,26,44,48,11,18,82,61,334,128
1500000US270530266162,Block Group 2; Census Tract 266.16; Hennepin County; Minnesota,1143,297,61,74,0,10,0,10,0,10,0,10,0,10,0,10,0,10,13,20,0,10,58,86,13,20,30,34,27,33,115,64,826,292
1500000US270530266163,Block Group 3; Census Tract 266.16; Hennepin County; Minnesota,1213,340,0,10,0,10,13,23,19,30,0,10,0,10,0,10,0,10,0,10,0,10,18,29,48,62,139,94,173,166,48,45,755,340
1500000US270530266164,Block Group 4; Census Tract 266.16; Hennepin County; Minnesota,671,192,0,10,0,10,20,30,0,10,0,10,0,10,0,10,0,10,54,84,35,42,12,19,19,30,30,34,22,35,184,145,295,125
1500000US270530266171,Block Group 1; Census Tract 266.17; Hennepin County; Minnesota,497,67,6,10,32,47,0,10,41,53,10,16,8,14,0,10,0,10,0,10,49,45,8,12,86,73,40,20,35,32,38,22,144,49
1500000US270530266172,Block Group 2; Census Tract 266.17; Hennepin County; Minnesota,308,69,6,10,0,10,5,9,0,10,18,23,0,10,18,21,15,18,0,10,8,13,15,16,22,17,24,20,69,43,38,41,70,39
1500000US270530267021,Block Group 1; Census Tract 267.02; Hennepin County; Minnesota,505,142,79,75,8,13,5,8,6,9,0,10,34,28,11,17,66,62,34,31,64,65,62,49,61,40,29,22,12,14,19,25,15,16
1500000US270530267022,Block Group 2; Census Tract 267.02; Hennepin County; Minnesota,703,102,35,43,53,44,4,7,8,14,16,15,3,6,31,38,30,46,44,41,23,20,116,69,71,47,78,55,68,68,93,62,30,27
1500000US270530267061,Block Group 1; Census Tract 267.06; Hennepin County; Minnesota,556,91,0,10,0,10,0,10,0,10,10,15,6,9,17,20,51,54,10,15,28,30,75,51,20,21,76,37,31,28,121,51,111,57
1500000US270530267062,Block Group 2; Census Tract 267.06; Hennepin County; Minnesota,358,84,0,10,0,10,0,10,0,10,14,21,9,14,29,27,0,10,0,10,37,39,55,54,83,49,52,32,18,22,13,15,48,35
1500000US270530267063,Block Group 3; Census Tract 267.06; Hennepin County; Minnesota,342,125,0,10,0,10,0,10,10,16,0,10,8,12,12,20,11,17,0,10,0,10,41,36,109,116,36,30,18,21,16,19,81,42
1500000US270530267071,Block Group 1; Census Tract 267.07; Hennepin County; Minnesota,553,113,17,26,0,10,0,10,30,31,21,25,0,10,0,10,8,13,0,10,90,82,62,48,158,99,40,48,43,45,59,60,25,28
1500000US270530267072,Block Group 2; Census Tract 267.07; Hennepin County; Minnesota,276,84,0,10,0,10,0,10,0,10,0,10,0,10,0,10,0,10,0,10,11,17,35,34,14,22,92,60,48,51,58,52,18,28
1500000US270530267073,Block Group 3; Census Tract 267.07; Hennepin County; Minnesota,319,97,0,10,0,10,53,54,11,22,9,25,0,10,0,10,0,10,7,12,0,10,22,27,0,10,28,26,6,11,23,27,160,104
1500000US270530267074,Block Group 4; Census Tract 267.07; Hennepin County; Minnesota,0,10,0,10,0,10,0,10,0,10,0,10,0,10,0,10,0,10,0,10,0,10,0,10,0,10,0,10,0,10,0,10,0,10
1500000US270530267075,Block Group 5; Census Tract 267.07; Hennepin County; Minnesota,924,246,59,46,0,10,0,10,12,23,0,10,33,53,0,10,0,10,15,17,50,46,128,76,72,48,122,67,42,38,262,225,129,66
1500000US270530267081,Block Group 1; Census Tract 267.08; Hennepin County; Minnesota,258,109,0,10,0,10,0,10,0,10,0,10,0,10,0,10,0,10,0,10,0,10,0,10,0,10,0,10,24,38,15,23,219,118
1500000US270530267082,Block Group 2; Census Tract 267.08; Hennepin County; Minnesota,608,187,0,10,0,10,0,10,0,10,0,10,48,39,20,32,0,10,10,17,32,36,16,25,91,64,23,37,61,75,215,143,92,68
1500000US270530267083,Block Group 3; Census Tract 267.08; Hennepin County; Minnesota,545,177,42,45,0,10,25,40,0,10,0,10,0,10,0,10,0,10,0,10,1,3,38,45,66,47,89,63,19,32,247,147,18,29
1500000US270530267084,Block Group 4; Census Tract 267.08; Hennepin County; Minnesota,290,75,0,10,0,10,0,10,0,10,0,10,34,39,0,10,20,33,0,10,18,26,19,31,26,40,38,47,25,40,53,43,57,54
1500000US270530267085,Block Group 5; Census Tract 267.08; Hennepin County; Minnesota,626,147,0,10,0,10,0,10,0,10,0,10,20,33,14,24,0,10,23,37,31,38,84,103,109,74,59,46,66,44,112,79,108,74
1500000US270530267111,Block Group 1; Census Tract 267.11; Hennepin County; Minnesota,607,150,0,10,0,10,5,8,24,35,0,10,0,10,0,10,0,10,18,20,23,28,94,73,51,37,127,72,0,10,192,102,73,46
1500000US270530267112,Block Group 2; Census Tract 267.11; Hennepin County; Minnesota,872,234,21,23,9,15,8,13,0,10,25,23,34,28,0,10,53,52,14,21,29,29,113,128,107,61,137,66,220,177,34,25,68,112
1500000US270530267121,Block Group 1; Census Tract 267.12; Hennepin County; Minnesota,538,130,7,12,0,10,0,10,31,28,38,33,9,15,0,10,9,15,11,18,26,30,45,34,115,70,79,51,62,85,34,28,72,43
1500000US270530267122,Block Group 2; Census Tract 267.12; Hennepin County; Minnesota,763,156,0,10,0,10,8,13,41,52,28,37,0,10,12,18,18,21,21,24,135,113,61,43,87,49,115,130,77,59,82,53,78,45
1500000US270530267131,Block Group 1; Census Tract 267.13; Hennepin County; Minnesota,615,122,10,14,0,10,12,18,0,10,24,29,0,10,0,10,6,10,7,11,87,79,23,27,80,44,54,37,110,61,90,50,112,68
1500000US270530267132,Block Group 2; Census Tract 267.13; Hennepin County; Minnesota,406,122,44,53,0,10,0,10,16,19,8,14,15,16,0,10,22,28,0,10,28,34,21,23,43,25,107,99,9,15,51,36,42,32
1500000US270530267133,Block Group 3; Census Tract 267.13; Hennepin County; Minnesota,431,99,9,16,0,10,0,10,22,35,0,10,0,10,26,39,10,16,7,13,20,21,13,17,30,35,42,35,95,64,64,50,93,56
1500000US270530267134,Block Group 4; Census Tract 267.13; Hennepin County; Minnesota,350,100,0,10,0,10,0,10,0,10,6,10,0,10,0,10,20,22,0,10,0,10,18,14,43,37,100,65,31,29,79,59,53,50
1500000US270530267171,Block Group 1; Census Tract 267.17; Hennepin County; Minnesota,666,169,0,10,0,10,9,14,16,26,18,29,25,32,0,10,38,41,77,65,24,33,72,71,69,63,69,53,54,45,149,121,46,46
1500000US270530267172,Block Group 2; Census Tract 267.17; Hennepin County; Minnesota,452,103,42,65,0,10,0,10,0,10,0,10,0,10,0,10,0,10,0,10,19,30,0,10,142,86,70,60,32,35,14,23,133,70
1500000US270530267173,Block Group 3; Census Tract 267.17; Hennepin County; Minnesota,842,163,47,45,0,10,23,40,0,10,0,10,12,21,0,10,54,82,0,10,61,72,152,121,85,62,77,86,52,50,101,89,178,79
1500000US270530267174,Block Group 4; Census Tract 267.17; Hennepin County; Minnesota,421,131,9,16,0,10,12,19,13,24,0,10,0,10,0,10,0,10,0,10,10,16,0,10,36,44,24,27,62,60,69,83,186,103
1500000US270530267181,Block Group 1; Census Tract 267.18; Hennepin County; Minnesota,660,153,27,38,35,57,0,10,0,10,16,26,20,31,0,10,0,10,0,10,0,10,0,10,38,44,32,31,101,79,185,93,206,108
1500000US270530267182,Block Group 2; Census Tract 267.18; Hennepin County; Minnesota,891,230,14,23,31,35,18,27,35,28,18,29,0,10,42,37,19,30,183,221,18,28,44,43,85,62,41,39,41,34,164,79,138,58
1500000US270530267191,Block Group 1; Census Tract 267.19; Hennepin County; Minnesota,664,268,0,10,0,10,0,10,0,10,0,10,0,10,0,10,0,10,0,10,0,10,0,10,72,59,58,48,21,36,127,197,386,215
1500000US270530267192,Block Group 2; Census Tract 267.19; Hennepin County; Minnesota,714,151,0,10,0,10,13,22,16,25,24,38,0,10,30,43,0,10,0,10,0,10,50,59,68,44,23,37,14,24,128,66,348,131
1500000US270530267193,Block Group 3; Census Tract 267.19; Hennepin County; Minnesota,303,105,0,10,0,10,0,10,0,10,20,29,0,10,0,10,18,28,0,10,20,35,13,24,45,39,62,64,39,47,26,31,60,52
1500000US270530267194,Block Group 4; Census Tract 267.19; Hennepin County; Minnesota,411,96,0,10,0,10,0,10,0,10,0,10,0,10,0,10,0,10,0,10,47,50,0,10,0,10,33,39,38,42,107,73,186,85
1500000US270530267201,Block Group 1; Census Tract 267.20; Hennepin County; Minnesota,503,236,144,220,0,10,9,15,0,10,0,10,0,10,0,10,13,21,7,12,0,10,24,26,32,39,38,34,0,10,40,48,196,75
1500000US270530267202,Block Group 2; Census Tract 267.20; Hennepin County; Minnesota,443,99,0,10,0,10,21,31,0,10,0,10,0,10,0,10,0,10,0,10,24,38,11,18,9,13,8,12,48,47,129,65,193,69
1500000US270530267203,Block Group 3; Census Tract 267.20; Hennepin County; Minnesota,796,163,0,10,0,10,0,10,0,10,0,10,0,10,8,14,0,10,0,10,20,24,33,28,86,71,30,28,99,58,147,115,373,104
1500000US270530267211,Block Group 1; Census Tract 267.21; Hennepin County; Minnesota,360,67,0,10,0,10,0,10,0,10,0,10,0,10,0,10,25,27,26,40,29,46,0,10,40,37,52,37,22,26,8,13,158,56
1500000US270530267212,Block Group 2; Census Tract 267.21; Hennepin County; Minnesota,478,230,0,10,0,10,0,10,0,10,0,10,11,18,0,10,0,10,152,233,12,19,41,41,47,32,15,22,64,44,7,13,129,52
1500000US270530267213,Block Group 3; Census Tract 267.21; Hennepin County; Minnesota,295,94,0,10,0,10,0,10,12,19,11,17,9,14,10,15,0,10,0,10,8,14,11,17,15,17,34,42,18,22,90,83,77,40
1500000US270530267221,Block Group 1; Census Tract 267.22; Hennepin County; Minnesota,671,136,0,10,9,15,0,10,0,10,0,10,17,27,12,21,37,42,20,24,62,71,0,10,109,72,102,81,30,31,43,37,230,115
1500000US270530267222,Block Group 2; Census Tract 267.22; Hennepin County; Minnesota,651,126,0,10,0,10,0,10,0,10,37,50,14,21,0,10,0,10,0,10,61,56,63,72,23,28,77,57,19,24,49,37,308,96
1500000US270530267223,Block Group 3; Census Tract 267.22; Hennepin County; Minnesota,488,92,0,10,0,10,0,10,0,10,0,10,0,10,0,10,0,10,0,10,28,26,10,17,0,10,34,32,38,43,22,29,356,96
1500000US270530267231,Block Group 1; Census Tract 267.23; Hennepin County; Minnesota,510,82,8,12,0,10,0,10,0,10,0,10,8,13,0,10,0,10,0,10,0,10,16,16,16,27,12,20,25,30,84,53,341,81
1500000US270530267232,Block Group 2; Census Tract 267.23; Hennepin County; Minnesota,559,287,13,20,0,10,7,12,0,10,16,19,0,10,0,10,0,10,19,28,0,10,0,10,5,10,37,35,23,27,88,52,351,290
1500000US270530267233,Block Group 3; Census Tract 267.23; Hennepin County; Minnesota,420,79,0,10,0,10,0,10,25,25,0,10,0,10,0,10,0,10,25,35,14,22,0,10,32,32,51,37,0,10,142,80,131,67
1500000US270530267241,Block Group 1; Census Tract 267.24; Hennepin County; Minnesota,0,10,0,10,0,10,0,10,0,10,0,10,0,10,0,10,0,10,0,10,0,10,0,10,0,10,0,10,0,10,0,10,0,10
1500000US270530267242,Block Group 2; Census Tract 267.24; Hennepin County; Minnesota,1122,313,33,42,0,10,0,10,0,10,0,10,0,10,0,10,0,10,0,10,100,128,94,78,55,54,209,152,69,72,233,239,329,94
1500000US270530267243,Block Group 3; Census Tract 267.24; Hennepin County; Minnesota,0,10,0,10,0,10,0,10,0,10,0,10,0,10,0,10,0,10,0,10,0,10,0,10,0,10,0,10,0,10,0,10,0,10
1500000US270530267244,Block Group 4; Census Tract 267.24; Hennepin County; Minnesota,1404,265,31,37,75,65,14,25,88,66,48,55,39,45,34,40,0,10,0,10,54,65,135,113,179,113,334,183,0,10,111,110,262,175
1500000US270530267251,Block Group 1; Census Tract 267.25; Hennepin County; Minnesota,205,76,0,10,0,10,12,26,0,10,0,10,0,10,11,19,19,31,0,10,15,23,5,9,19,19,25,33,34,33,42,34,23,28
1500000US270530267252,Block Group 2; Census Tract 267.25; Hennepin County; Minnesota,497,100,7,13,30,41,44,49,0,10,0,10,0,10,14,20,0,10,12,19,0,10,75,60,20,23,27,26,85,57,99,87,84,66
1500000US270530267253,Block Group 3; Census Tract 267.25; Hennepin County; Minnesota,531,104,0,10,0,10,0,10,0,10,4,7,14,22,0,10,14,21,9,15,20,31,77,67,47,44,74,58,97,57,42,49,133,74
1500000US270530267261,Block Group 1; Census Tract 267.26; Hennepin County; Minnesota,572,117,0,10,0,10,12,20,0,10,25,41,0,10,0,10,47,76,15,22,16,25,40,60,37,30,50,58,106,68,184,106,40,38
1500000US270530267262,Block Group 2; Census Tract 267.26; Hennepin County; Minnesota,0,10,0,10,0,10,0,10,0,10,0,10,0,10,0,10,0,10,0,10,0,10,0,10,0,10,0,10,0,10,0,10,0,10
1500000US270530267263,Block Group 3; Census Tract 267.26; Hennepin County; Minnesota,1045,164,11,17,0,10,0,10,10,16,0,10,45,41,11,17,0,10,44,40,32,44,94,70,94,51,151,90,88,77,154,105,311,109
1500000US270530268071,Block Group 1; Census Tract 268.07; Hennepin County; Minnesota,528,267,59,63,28,57,14,23,181,202,0,10,0,10,10,19,0,10,0,10,0,10,73,95,70,97,80,90,0,10,13,22,0,10
1500000US270530268072,Block Group 2; Census Tract 268.07; Hennepin County; Minnesota,185,118,0,10,63,99,0,10,0,10,1,3,11,17,9,17,0,10,0,10,0,10,0,10,9,21,37,50,15,25,19,32,21,28
1500000US270530268073,Block Group 3; Census Tract 268.07; Hennepin County; Minnesota,0,10,0,10,0,10,0,10,0,10,0,10,0,10,0,10,0,10,0,10,0,10,0,10,0,10,0,10,0,10,0,10,0,10
1500000US270530268074,Block Group 4; Census Tract 268.07; Hennepin County; Minnesota,488,163,14,28,66,99,17,31,46,76,0,10,25,37,35,61,0,10,10,18,13,23,25,54,138,108,65,81,0,10,34,44,0,10
1500000US270530268075,Block Group 5; Census Tract 268.07; Hennepin County; Minnesota,506,136,0,10,0,10,0,10,31,38,0,10,79,106,0,10,0,10,9,18,24,48,13,22,0,10,15,25,77,79,222,72,36,62
1500000US270530268076,Block Group 6; Census Tract 268.07; Hennepin County; Minnesota,43,68,0,10,0,10,0,10,0,10,0,10,0,10,0,10,0,10,0,10,0,10,0,10,43,68,0,10,0,10,0,10,0,10
1500000US270530268077,Block Group 7; Census Tract 268.07; Hennepin County; Minnesota,371,159,0,10,0,10,0,10,0,10,0,10,0,10,14,22,116,124,0,10,29,34,25,30,85,76,28,33,19,31,14,24,41,60
1500000US270530268091,Block Group 1; Census Tract 268.09; Hennepin County; Minnesota,458,201,72,111,0,10,68,79,54,70,0,10,25,40,4,8,32,51,0,10,68,72,10,17,42,45,0,10,0,10,46,69,37,45
1500000US270530268092,Block Group 2; Census Tract 268.09; Hennepin County; Minnesota,571,178,91,105,104,154,10,20,19,37,0,10,1,8,30,31,26,32,24,38,9,14,55,58,30,36,47,51,47,46,31,37,47,51
1500000US270530268093,Block Group 3; Census Tract 268.09; Hennepin County; Minnesota,959,243,8,23,0,10,0,10,57,88,0,10,18,29,58,89,81,92,54,65,35,57,172,123,325,213,106,100,0,10,22,44,23,35
1500000US270530268111,Block Group 1; Census Tract 268.11; Hennepin County; Minnesota,295,90,0,10,0,10,7,13,0,10,7,12,9,17,17,19,7,11,13,20,13,11,34,31,100,75,17,22,35,34,36,40,0,10
1500000US270530268112,Block Group 2; Census Tract 268.11; Hennepin County; Minnesota,303,149,0,10,0,10,14,24,74,111,0,10,38,40,0,10,8,13,0,10,51,68,32,33,39,45,0,10,10,18,0,10,37,36
1500000US270530268113,Block Group 3; Census Tract 268.11; Hennepin County; Minnesota,325,86,17,19,0,10,0,10,12,19,0,10,7,11,9,15,36,28,33,33,0,10,72,64,50,50,46,35,0,10,27,33,16,22
1500000US270530268114,Block Group 4; Census Tract 268.11; Hennepin County; Minnesota,700,151,11,20,8,12,0,10,0,10,22,34,0,10,129,121,0,10,24,30,39,44,26,34,80,78,187,131,140,69,26,31,8,12
1500000US270530268121,Block Group 1; Census Tract 268.12; Hennepin County; Minnesota,985,258,0,10,0,10,18,29,0,10,0,10,17,27,0,10,33,53,39,46,57,50,103,73,345,244,132,93,86,68,36,31,119,113
1500000US270530268122,Block Group 2; Census Tract 268.12; Hennepin County; Minnesota,0,10,0,10,0,10,0,10,0,10,0,10,0,10,0,10,0,10,0,10,0,10,0,10,0,10,0,10,0,10,0,10,0,10
1500000US270530268123,Block Group 3; Census Tract 268.12; Hennepin County; Minnesota,364,123,0,10,15,24,0,10,0,10,0,10,0,10,18,29,0,10,56,86,18,30,17,26,20,34,0,10,114,109,36,43,70,71
1500000US270530268124,Block Group 4; Census Tract 268.12; Hennepin County; Minnesota,373,127,0,10,0,10,0,10,0,10,16,25,0,10,0,10,62,99,16,24,48,56,14,25,46,42,16,26,38,43,72,45,45,48
1500000US270530268125,Block Group 5; Census Tract 268.12; Hennepin County; Minnesota,0,10,0,10,0,10,0,10,0,10,0,10,0,10,0,10,0,10,0,10,0,10,0,10,0,10,0,10,0,10,0,10,0,10
1500000US270530268126,Block Group 6; Census Tract 268.12; Hennepin County; Minnesota,0,10,0,10,0,10,0,10,0,10,0,10,0,10,0,10,0,10,0,10,0,10,0,10,0,10,0,10,0,10,0,10,0,10
1500000US270530268127,Block Group 7; Census Tract 268.12; Hennepin County; Minnesota,1319,245,0,10,0,10,22,36,0,10,0,10,10,16,0,10,0,10,152,108,134,153,54,86,72,58,190,107,80,64,237,95,368,112
1500000US270530268141,Block Group 1; Census Tract 268.14; Hennepin County; Minnesota,245,157,0,10,0,10,0,10,0,10,0,10,0,10,0,10,0,10,0,10,0,10,10,20,105,131,36,41,16,26,33,57,45,58
1500000US270530268142,Block Group 2; Census Tract 268.14; Hennepin County; Minnesota,356,199,0,10,0,10,16,30,0,10,0,10,0,10,0,10,15,26,1,2,26,37,26,37,0,10,22,36,110,146,100,143,40,38
1500000US270530268143,Block Group 3; Census Tract 268.14; Hennepin County; Minnesota,561,218,16,27,0,10,0,10,0,10,0,10,0,10,0,10,0,10,33,37,0,10,48,53,150,150,64,83,12,26,107,87,131,127
1500000US270530268144,Block Group 4; Census Tract 268.14; Hennepin County; Minnesota,214,193,0,10,0,10,16,26,0,10,0,10,0,10,0,10,0,10,0,10,0,10,0,10,23,34,30,36,113,174,32,49,0,10
1500000US270530268145,Block Group 5; Census Tract 268.14; Hennepin County; Minnesota,302,138,20,31,0,10,0,10,0,10,55,85,0,10,0,10,0,10,0,10,0,10,9,21,123,131,38,46,26,42,6,16,25,31
1500000US270530268146,Block Group 6; Census Tract 268.14; Hennepin County; Minnesota,441,169,0,10,0,10,0,10,0,10,0,10,0,10,13,21,56,69,0,10,60,83,0,10,39,66,100,100,18,32,70,70,85,72
1500000US270530268151,Block Group 1; Census Tract 268.15; Hennepin County; Minnesota,585,153,0,10,0,10,16,25,0,10,0,10,8,12,23,26,0,10,66,57,18,21,10,16,154,97,75,43,62,61,79,54,74,45
1500000US270530268152,Block Group 2; Census Tract 268.15; Hennepin County; Minnesota,582,168,0,10,0,10,7,11,0,10,0,10,0,10,60,89,8,13,25,40,16,24,93,82,42,31,138,78,77,76,78,53,38,34
1500000US270530268153,Block Group 3; Census Tract 268.15; Hennepin County; Minnesota,549,99,0,10,6,10,0,10,0,10,0,10,7,11,6,12,6,10,0,10,54,47,40,35,51,32,53,44,110,71,98,74,118,60
1500000US270530268161,Block Group 1; Census Tract 268.16; Hennepin County; Minnesota,575,220,0,10,0,10,110,170,0,10,0,10,0,10,43,66,19,30,51,84,14,23,0,10,97,97,111,103,0,10,18,32,112,126
1500000US270530268162,Block Group 2; Census Tract 268.16; Hennepin County; Minnesota,660,201,0,10,27,44,15,24,0,10,50,76,0,10,0,10,0,10,0,10,62,61,114,147,116,96,138,84,23,43,92,98,23,36
1500000US270530268163,Block Group 3; Census Tract 268.16; Hennepin County; Minnesota,195,116,0,10,0,10,23,58,0,10,0,10,0,10,0,10,0,10,19,32,0,10,9,25,16,27,50,76,15,38,38,44,25,51
1500000US270530268164,Block Group 4; Census Tract 268.16; Hennepin County; Minnesota,337,144,0,10,0,10,0,10,0,10,0,10,0,10,0,10,0,10,0,10,27,49,51,50,155,142,75,66,0,10,29,38,0,10
1500000US270530268165,Block Group 5; Census Tract 268.16; Hennepin County; Minnesota,356,107,0,10,0,10,0,10,0,10,15,27,33,38,30,34,18,29,20,33,27,45,25,42,61,43,35,42,31,52,61,62,0,10
1500000US270530268181,Block Group 1; Census Tract 268.18; Hennepin County; Minnesota,680,273,0,10,0,10,0,10,23,25,0,10,16,25,10,16,0,10,61,51,233,272,36,34,115,78,37,33,29,36,38,35,82,96
1500000US270530268182,Block Group 2; Census Tract 268.18; Hennepin County; Minnesota,923,389,0,10,51,68,34,40,10,18,25,26,78,65,17,27,0,10,35,42,46,40,56,55,81,71,300,355,60,48,124,114,6,11
1500000US270530268183,Block Group 3; Census Tract 268.18; Hennepin County; Minnesota,555,205,0,10,24,26,0,10,12,21,27,30,0,10,0,10,105,154,25,28,26,32,27,30,45,48,53,53,136,93,75,64,0,10
1500000US270530268191,Block Group 1; Census Tract 268.19; Hennepin County; Minnesota,685,197,78,78,56,56,0,10,29,47,12,18,0,10,19,30,9,14,0,10,62,74,135,165,65,46,91,76,50,46,35,34,44,41
1500000US270530268192,Block Group 2; Census Tract 268.19; Hennepin County; Minnesota,517,171,26,31,101,96,13,21,0,10,0,10,59,66,0,10,0,10,42,66,64,62,11,18,87,135,83,74,0,10,6,15,25,30
1500000US270530268193,Block Group 3; Census Tract 268.19; Hennepin County; Minnesota,834,190,158,94,24,30,92,87,41,52,94,96,12,19,59,97,50,59,88,65,32,40,148,96,11,18,17,27,8,15,0,10,0,10
1500000US270530268221,Block Group 1; Census Tract 268.22; Hennepin County; Minnesota,401,89,0,10,0,10,0,10,0,10,8,12,0,10,0,10,0,10,10,17,19,19,14,21,61,38,33,24,21,22,114,79,121,64
1500000US270530268222,Block Group 2; Census Tract 268.22; Hennepin County; Minnesota,696,161,38,30,7,11,13,24,16,19,9,14,6,11,9,13,0,10,9,15,66,59,137,120,10,15,24,22,56,44,159,109,137,64
1500000US270530268223,Block Group 3; Census Tract 268.22; Hennepin County; Minnesota,386,79,0,10,0,10,0,10,0,10,0,10,0,10,0,10,0,10,11,17,0,10,20,27,65,43,52,51,45,54,61,41,132,63
1500000US270530268224,Block Group 4; Census Tract 268.22; Hennepin County; Minnesota,332,84,9,14,10,16,0,10,17,25,8,13,22,26,28,32,17,20,26,25,15,18,13,15,31,28,37,37,28,24,60,45,11,18
1500000US270530268231,Block Group 1; Census Tract 268.23; Hennepin County; Minnesota,486,124,9,15,9,15,9,15,0,10,39,33,0,10,0,10,0,10,30,25,17,20,13,17,78,51,76,69,18,20,34,27,154,91
1500000US270530268232,Block Group 2; Census Tract 268.23; Hennepin County; Minnesota,583,194,14,21,0,10,0,10,11,18,0,10,0,10,5,9,0,10,8,12,8,12,7,12,84,47,44,52,76,49,187,181,139,68
1500000US270530268233,Block Group 3; Census Tract 268.23; Hennepin County; Minnesota,363,81,0,10,0,10,22,38,0,10,0,10,14,21,0,10,0,10,0,10,0,10,9,15,48,40,25,24,121,69,60,48,64,52
1500000US270530268234,Block Group 4; Census Tract 268.23; Hennepin County; Minnesota,411,151,0,10,0,10,13,20,0,10,12,20,0,10,0,10,0,10,0,10,9,13,8,13,48,43,10,17,80,51,140,135,91,51
1500000US270530268241,Block Group 1; Census Tract 268.24; Hennepin County; Minnesota,274,86,11,20,0,10,0,10,0,10,0,10,0,10,0,10,0,10,0,10,0,10,41,32,66,53,22,37,0,10,26,32,108,71
1500000US270530268242,Block Group 2; Census Tract 268.24; Hennepin County; Minnesota,445,139,0,10,0,10,0,10,0,10,0,10,0,10,0,10,0,10,0,10,0,10,0,10,24,30,73,71,22,26,138,90,188,107
1500000US270530268243,Block Group 3; Census Tract 268.24; Hennepin County; Minnesota,514,129,0,10,25,38,20,22,0,10,12,19,0,10,0,10,15,26,22,34,9,15,46,38,73,60,52,45,89,95,94,77,57,43
1500000US270530268244,Block Group 4; Census Tract 268.24; Hennepin County; Minnesota,488,105,0,10,0,10,0,10,0,10,0,10,0,10,9,22,25,32,0,10,30,35,29,37,100,62,37,45,24,31,173,95,61,35
1500000US270530268251,Block Group 1; Census Tract 268.25; Hennepin County; Minnesota,229,62,0,10,0,10,0,10,0,10,31,36,0,10,0,10,0,10,0,10,10,16,0,10,52,35,26,33,61,45,29,34,20,17
1500000US270530268252,Block Group 2; Census Tract 268.25; Hennepin County; Minnesota,254,90,0,10,0,10,0,10,0,10,6,11,0,10,0,10,0,10,0,10,29,34,0,10,82,62,19,17,70,67,6,9,42,31
1500000US270530268253,Block Group 3; Census Tract 268.25; Hennepin County; Minnesota,375,112,6,9,0,10,13,20,7,11,0,10,8,12,0,10,0,10,0,10,0,10,16,17,26,30,37,28,18,25,168,101,76,52
1500000US270530268261,Block Group 1; Census Tract 268.26; Hennepin County; Minnesota,359,101,4,9,0,10,16,26,0,10,3,7,5,8,0,10,26,42,26,40,36,42,44,36,0,10,8,15,26,32,10,18,155,78
1500000US270530268262,Block Group 2; Census Tract 268.26; Hennepin County; Minnesota,527,151,8,14,5,8,0,10,7,11,0,10,0,10,0,10,0,10,0,10,0,10,125,78,25,42,67,61,37,55,16,21,237,123
1500000US270530268263,Block Group 3; Census Tract 268.26; Hennepin County; Minnesota,324,100,0,10,0,10,0,10,0,10,15,28,0,10,0,10,0,10,0,10,11,20,37,36,42,29,34,44,54,43,98,89,33,40
1500000US270530268271,Block Group 1; Census Tract 268.27; Hennepin County; Minnesota,595,336,30,45,12,18,186,273,0,10,21,31,13,19,0,10,0,10,125,181,40,44,9,12,50,50,30,26,25,36,13,23,41,50
1500000US270530268272,Block Group 2; Census Tract 268.27; Hennepin County; Minnesota,528,302,11,17,30,43,42,50,0,10,0,10,10,18,188,292,0,10,13,22,76,57,9,19,41,35,15,18,68,59,16,17,9,13
1500000US270530268281,Block Group 1; Census Tract 268.28; Hennepin County; Minnesota,558,143,0,10,72,91,62,91,31,53,0,10,0,10,49,74,20,32,0,10,0,10,32,43,78,56,20,32,9,20,84,91,101,61
1500000US270530268282,Block Group 2; Census Tract 268.28; Hennepin County; Minnesota,730,225,67,90,67,108,0,10,0,10,29,35,0,10,16,26,178,150,13,20,35,37,84,94,159,135,24,36,47,47,11,18,0,10
1500000US270530268283,Block Group 3; Census Tract 268.28; Hennepin County; Minnesota,365,136,0,10,32,63,0,10,0,10,16,27,0,10,74,71,0,10,0,10,0,10,101,93,59,56,48,61,11,25,24,38,0,10
1500000US270530269031,Block Group 1; Census Tract 269.03; Hennepin County; Minnesota,389,101,14,22,37,59,0,10,0,10,24,27,23,36,0,10,12,19,0,10,37,28,35,32,55,39,117,83,27,25,0,10,8,12
1500000US270530269032,Block Group 2; Census Tract 269.03; Hennepin County; Minnesota,659,256,0,10,0,10,0,10,18,20,10,15,0,10,10,15,0,10,0,10,71,100,18,14,40,42,45,37,36,33,102,65,309,251
1500000US270530269033,Block Group 3; Census Tract 269.03; Hennepin County; Minnesota,460,108,24,26,0,10,54,62,23,37,0,10,0,10,16,18,7,13,13,16,24,28,25,25,79,53,30,27,43,32,76,53,46,27
1500000US270530269034,Block Group 4; Census Tract 269.03; Hennepin County; Minnesota,316,110,0,10,12,20,0,10,0,10,49,76,9,15,0,10,0,10,0,10,13,20,13,20,26,23,49,47,27,24,101,57,17,18
1500000US270530269061,Block Group 1; Census Tract 269.06; Hennepin County; Minnesota,457,144,25,28,0,10,0,10,0,10,0,10,9,16,20,34,0,10,0,10,20,31,16,26,101,88,54,54,57,61,0,10,155,84
1500000US270530269062,Block Group 2; Census Tract 269.06; Hennepin County; Minnesota,766,138,0,10,0,10,11,18,0,10,24,35,0,10,0,10,0,10,47,61,0,10,39,37,264,145,122,108,59,89,79,66,121,75
1500000US270530269063,Block Group 3; Census Tract 269.06; Hennepin County; Minnesota,602,134,11,17,16,25,5,8,13,23,0,10,22,26,8,13,23,30,14,26,0,10,52,49,102,67,139,77,44,47,109,74,44,40
1500000US270530269064,Block Group 4; Census Tract 269.06; Hennepin County; Minnesota,177,76,0,10,0,10,15,25,0,10,0,10,0,10,0,10,0,10,0,10,0,10,12,19,22,33,17,28,11,17,28,33,72,69
1500000US270530269065,Block Group 5; Census Tract 269.06; Hennepin County; Minnesota,568,229,11,17,0,10,0,10,0,10,0,10,9,16,0,10,0,10,42,38,0,10,46,69,179,216,106,70,41,47,82,74,52,55
1500000US270530269071,Block Group 1; Census Tract 269.07; Hennepin County; Minnesota,666,161,16,25,70,68,0,10,0,10,9,14,0,10,26,32,15,24,0,10,22,34,34,36,20,24,35,53,101,94,141,85,177,73
1500000US270530269072,Block Group 2; Census Tract 269.07; Hennepin County; Minnesota,510,111,0,10,0,10,0,10,0,10,0,10,0,10,0,10,0,10,0,10,0,10,0,10,41,34,24,25,37,40,161,74,247,85
1500000US270530269073,Block Group 3; Census Tract 269.07; Hennepin County; Minnesota,972,188,44,43,73,52,0,10,66,48,0,10,8,14,26,30,66,48,37,33,156,103,43,39,26,29,127,78,60,53,60,55,180,82
1500000US270530269081,Block Group 1; Census Tract 269.08; Hennepin County; Minnesota,550,165,56,86,0,10,0,10,0,10,0,10,16,24,0,10,0,10,16,26,39,47,145,93,35,37,105,80,57,47,24,29,57,42
1500000US270530269082,Block Group 2; Census Tract 269.08; Hennepin County; Minnesota,481,118,0,10,0,10,0,10,0,10,30,33,0,10,0,10,0,10,0,10,13,21,0,10,127,70,31,34,143,94,80,57,57,47
1500000US270530269083,Block Group 3; Census Tract 269.08; Hennepin County; Minnesota,688,152,0,10,0,10,0,10,20,32,0,10,0,10,0,10,31,49,0,10,33,37,114,102,86,74,109,67,129,86,115,56,51,61
1500000US270530269084,Block Group 4; Census Tract 269.08; Hennepin County; Minnesota,343,118,0,10,0,10,0,10,0,10,0,10,0,10,0,10,0,10,14,23,28,32,0,10,12,19,77,75,69,46,68,75,75,46
1500000US270530269101,Block Group 1; Census Tract 269.10; Hennepin County; Minnesota,710,148,0,10,0,10,42,65,13,23,0,10,0,10,0,10,0,10,18,27,0,10,49,44,27,42,52,62,18,27,72,67,419,118
1500000US270530269102,Block Group 2; Census Tract 269.10; Hennepin County; Minnesota,264,84,0,10,0,10,0,10,0,10,0,10,0,10,0,10,17,29,0,10,56,54,0,10,34,36,84,64,0,10,42,37,31,33
1500000US270530269103,Block Group 3; Census Tract 269.10; Hennepin County; Minnesota,1007,177,18,26,22,34,0,10,0,10,0,10,0,10,0,10,0,10,0,10,125,73,53,49,105,69,200,111,70,49,161,81,253,97
1500000US270530269104,Block Group 4; Census Tract 269.10; Hennepin County; Minnesota,372,190,0,10,0,10,24,39,0,10,0,10,0,10,43,84,0,10,0,10,0,10,122,131,15,24,0,10,86,113,33,28,49,46
1500000US270530269105,Block Group 5; Census Tract 269.10; Hennepin County; Minnesota,924,259,34,54,0,10,0,10,0,10,0,10,0,10,0,10,9,15,0,10,44,41,0,10,108,87,63,65,125,146,151,78,390,220
1500000US270530269111,Block Group 1; Census Tract 269.11; Hennepin County; Minnesota,473,99,0,10,0,10,0,10,27,43,0,10,32,38,0,10,10,16,0,10,33,46,33,32,63,57,76,57,33,36,70,49,96,56
1500000US270530269112,Block Group 2; Census Tract 269.11; Hennepin County; Minnesota,398,82,0,10,7,12,27,37,0,10,10,16,0,10,0,10,0,10,9,14,0,10,0,10,55,41,48,45,50,44,43,37,149,69
1500000US270530269113,Block Group 3; Census Tract 269.11; Hennepin County; Minnesota,767,181,0,10,0,10,0,10,16,27,0,10,0,10,0,10,0,10,38,38,121,124,73,58,67,57,67,52,48,44,156,94,181,94
1500000US270530269121,Block Group 1; Census Tract 269.12; Hennepin County; Minnesota,777,176,0,10,0,10,0,10,0,10,22,36,97,127,0,10,25,38,0,10,0,10,34,52,26,42,23,30,134,94,115,73,301,161
1500000US270530269122,Block Group 2; Census Tract 269.12; Hennepin County; Minnesota,544,145,0,10,25,41,0,10,0,10,0,10,0,10,83,48,0,10,0,10,0,10,70,77,72,61,52,65,35,45,64,62,143,62
1500000US270530269123,Block Group 3; Census Tract 269.12; Hennepin County; Minnesota,410,121,0,10,0,10,0,10,0,10,0,10,0,10,0,10,0,10,0,10,44,48,0,10,23,35,34,52,47,54,96,68,166,92
1500000US270530269124,Block Group 4; Census Tract 269.12; Hennepin County; Minnesota,1202,292,71,68,0,10,0,10,19,31,0,10,51,56,19,32,0,10,19,30,20,31,52,46,127,144,18,29,11,18,244,235,551,263
1500000US270530269125,Block Group 5; Census Tract 269.12; Hennepin County; Minnesota,204,54,0,10,0,10,0,10,7,11,0,10,7,12,10,16,0,10,0,10,4,6,27,24,25,22,13,17,52,31,30,23,29,20
1500000US270530269126,Block Group 6; Census Tract 269.12; Hennepin County; Minnesota,215,97,0,10,0,10,0,10,0,10,0,10,0,10,0,10,0,10,0,10,0,10,16,26,85,71,0,10,26,39,11,18,77,55
1500000US270530270011,Block Group 1; Census Tract 270.01; Hennepin County; Minnesota,521,64,11,11,0,10,0,10,11,13,0,10,0,10,6,9,0,10,3,4,0,10,14,13,18,16,47,25,53,51,158,72,200,56
1500000US270530270012,Block Group 2; Census Tract 270.01; Hennepin County; Minnesota,682,100,21,18,24,34,18,19,0,10,23,29,15,17,18,17,6,9,13,21,5,8,66,45,66,36,70,38,87,55,89,37,161,60
1500000US270530270021,Block Group 1; Census Tract 270.02; Hennepin County; Minnesota,474,89,9,10,2,3,13,13,10,7,8,9,3,5,44,51,1,2,9,10,32,17,58,37,70,30,53,31,41,24,61,49,60,28
1500000US270530270022,Block Group 2; Census Tract 270.02; Hennepin County; Minnesota,509,124,13,20,0,10,0,10,0,10,0,10,0,10,0,10,13,21,0,10,11,17,99,65,60,37,70,52,36,50,21,24,186,108
1500000US270530270023,Block Group 3; Census Tract 270.02; Hennepin County; Minnesota,512,111,0,10,0,10,0,10,0,10,0,10,0,10,16,25,0,10,0,10,12,19,22,23,44,39,35,37,39,45,51,44,293,122
1500000US270530270024,Block Group 4; Census Tract 270.02; Hennepin County; Minnesota,252,61,9,8,10,9,10,9,2,3,3,4,11,10,29,34,2,3,2,4,17,14,29,20,32,24,17,16,39,32,23,13,17,14
1500000US270530270025,Block Group 5; Census Tract 270.02; Hennepin County; Minnesota,300,78,0,10,0,10,5,10,28,31,0,10,0,10,13,20,0,10,0,10,0,10,9,13,13,22,0,10,14,19,69,59,149,83
1500000US270530271011,Block Group 1; Census Tract 271.01; Hennepin County; Minnesota,585,168,27,30,0,10,0,10,0,10,0,10,0,10,0,10,12,19,0,10,0,10,21,25,52,51,22,35,0,10,50,36,401,172
1500000US270530271012,Block Group 2; Census Tract 271.01; Hennepin County; Minnesota,146,58,0,10,0,10,0,10,0,10,17,27,0,10,10,17,0,10,0,10,0,10,0,10,24,28,0,10,25,27,18,28,52,45
1500000US270530271013,Block Group 3; Census Tract 271.01; Hennepin County; Minnesota,290,62,6,10,8,8,5,6,3,6,13,18,5,9,4,6,14,15,7,7,17,11,4,5,41,20,32,18,12,9,42,26,77,35
1500000US270530271014,Block Group 4; Census Tract 271.01; Hennepin County; Minnesota,666,154,51,40,0,10,0,10,32,39,0,10,0,10,48,56,0,10,45,68,18,29,13,21,82,72,35,39,21,33,27,32,294,144
1500000US270530271015,Block Group 5; Census Tract 271.01; Hennepin County; Minnesota,574,171,12,20,0,10,0,10,17,28,16,26,0,10,0,10,0,10,17,29,0,10,0,10,87,131,115,90,0,10,50,42,260,92
1500000US270530271016,Block Group 6; Census Tract 271.01; Hennepin County; Minnesota,364,108,0,10,0,10,17,26,0,10,0,10,0,10,28,43,0,10,0,10,0,10,0,10,0,10,0,10,0,10,11,18,308,116
1500000US270530271021,Block Group 1; Census Tract 271.02; Hennepin County; Minnesota,482,143,0,10,0,10,13,21,15,25,19,34,0,10,50,57,0,10,66,106,30,48,45,45,61,53,11,18,62,61,48,46,62,50
1500000US270530271022,Block Group 2; Census Tract 271.02; Hennepin County; Minnesota,893,154,0,10,17,26,0,10,0,10,0,10,13,20,0,10,0,10,0,10,19,29,13,20,83,58,61,61,68,65,237,174,382,133
1500000US270530271023,Block Group 3; Census Tract 271.02; Hennepin County; Minnesota,443,129,0,10,0,10,15,28,0,10,0,10,5,12,0,10,15,26,0,10,37,41,34,39,73,59,19,31,30,50,65,65,150,87
1500000US270530271024,Block Group 4; Census Tract 271.02; Hennepin County; Minnesota,479,144,0,10,0,10,0,10,0,10,0,10,0,10,0,10,0,10,90,114,20,33,34,41,60,81,61,50,6,9,98,103,110,70
1500000US270530271025,Block Group 5; Census Tract 271.02; Hennepin County; Minnesota,469,144,0,10,0,10,0,10,17,27,0,10,15,25,0,10,0,10,40,54,12,21,51,43,97,112,86,68,46,54,55,56,50,61
1500000US270530272021,Block Group 1; Census Tract 272.02; Hennepin County; Minnesota,239,38,4,5,4,5,0,10,0,10,0,10,16,15,0,10,0,10,2,5,10,8,36,19,40,18,24,17,13,9,32,18,58,25
1500000US270530272022,Block Group 2; Census Tract 272.02; Hennepin County; Minnesota,444,49,22,14,13,8,19,11,6,7,3,4,8,13,15,10,28,28,8,7,23,21,13,13,48,18,48,22,70,29,36,15,84,24
1500000US270530272031,Block Group 1; Census Tract 272.03; Hennepin County; Minnesota,245,56,0,10,0,10,6,9,0,10,6,6,0,10,0,10,2,4,3,4,6,7,14,15,24,17,37,27,15,14,15,12,117,38
1500000US270530272032,Block Group 2; Census Tract 272.03; Hennepin County; Minnesota,482,82,23,25,0,10,11,16,10,16,12,17,33,28,0,10,25,25,0,10,12,16,20,18,68,39,40,49,37,31,76,53,115,48
1500000US270530272033,Block Group 3; Census Tract 272.03; Hennepin County; Minnesota,1235,211,94,50,11,13,88,84,34,20,41,23,59,44,103,53,139,165,64,35,113,93,82,44,104,45,84,48,15,15,68,40,136,81
1500000US270530272041,Block Group 1; Census Tract 272.04; Hennepin County; Minnesota,608,125,24,29,0,10,0,10,14,17,0,10,0,10,7,12,0,10,9,16,12,19,33,31,59,48,27,31,25,28,53,41,345,102
1500000US270530272042,Block Group 2; Census Tract 272.04; Hennepin County; Minnesota,806,124,9,16,14,22,10,16,0,10,15,23,0,10,16,28,0,10,7,11,29,29,18,21,46,38,43,32,72,51,172,89,355,90
1500000US270530272051,Block Group 1; Census Tract 272.05; Hennepin County; Minnesota,601,158,61,65,16,25,13,21,0,10,0,10,0,10,0,10,0,10,10,15,12,20,10,17,128,142,34,39,25,31,87,74,205,71
1500000US270530272052,Block Group 2; Census Tract 272.05; Hennepin County; Minnesota,492,105,30,48,12,20,0,10,0,10,0,10,0,10,8,13,11,17,0,10,13,22,11,18,7,11,26,22,48,53,24,29,302,105
1500000US270530273001,Block Group 1; Census Tract 273; Hennepin County; Minnesota,695,136,35,34,0,10,0,10,17,26,18,30,11,17,33,52,0,10,18,28,50,56,82,61,55,44,83,99,51,39,27,31,215,117
1500000US270530273002,Block Group 2; Census Tract 273; Hennepin County; Minnesota,698,170,98,87,0,10,8,12,0,10,17,27,18,29,45,55,0,10,0,10,29,28,0,10,26,26,58,68,62,77,15,26,322,141
1500000US270530273003,Block Group 3; Census Tract 273; Hennepin County; Minnesota,325,131,0,10,78,88,21,33,14,22,0,10,0,10,0,10,0,10,19,30,0,10,0,10,10,16,0,10,62,78,22,26,99,57
1500000US270530273004,Block Group 4; Census Tract 273; Hennepin County; Minnesota,346,109,0,10,0,10,0,10,24,22,7,13,31,36,0,10,15,25,0,10,0,10,0,10,0,10,0,10,68,51,34,26,167,86
1500000US270530274001,Block Group 1; Census Tract 274; Hennepin County; Minnesota,343,121,6,7,3,5,0,10,5,7,0,10,2,3,1,3,6,5,4,6,5,6,2,4,6,6,9,9,8,8,117,89,169,69
1500000US270530274002,Block Group 2; Census Tract 274; Hennepin County; Minnesota,201,58,0,10,0,10,0,10,0,10,8,12,0,10,0,10,0,10,0,10,0,10,0,10,0,10,0,10,12,18,42,35,139,51
1500000US270530274003,Block Group 3; Census Tract 274; Hennepin County; Minnesota,234,74,0,10,0,10,0,10,0,10,0,10,0,10,0,10,0,10,0,10,49,57,6,9,0,10,0,10,5,10,27,25,147,55
1500000US270530274004,Block Group 4; Census Tract 274; Hennepin County; Minnesota,450,138,24,27,0,10,0,10,0,10,9,13,0,10,11,18,0,10,0,10,61,76,21,21,10,15,26,25,103,109,70,44,115,54
1500000US270530274005,Block Group 5; Census Tract 274; Hennepin County; Minnesota,482,92,28,31,0,10,47,35,20,19,13,19,0,10,0,10,0,10,0,10,0,10,14,21,30,29,8,12,0,10,93,112,229,71
1500000US270530275011,Block Group 1; Census Tract 275.01; Hennepin County; Minnesota,300,57,5,5,3,5,0,10,8,13,4,7,4,7,0,10,6,8,6,6,14,10,27,19,25,16,25,17,20,19,42,23,111,39
1500000US270530275012,Block Group 2; Census Tract 275.01; Hennepin County; Minnesota,579,156,44,46,0,10,18,25,16,24,0,10,15,22,0,10,23,35,0,10,16,24,44,47,40,38,93,101,23,26,49,37,198,109
1500000US270530275013,Block Group 3; Census Tract 275.01; Hennepin County; Minnesota,259,60,3,4,3,4,6,7,3,5,3,4,3,5,6,7,5,7,7,7,9,8,8,7,16,10,8,8,44,41,32,18,103,32
1500000US270530275014,Block Group 4; Census Tract 275.01; Hennepin County; Minnesota,693,173,17,24,91,86,22,34,0,10,0,10,0,10,0,10,39,40,48,58,0,10,45,45,153,118,37,40,58,49,0,10,183,117
1500000US270530275015,Block Group 5; Census Tract 275.01; Hennepin County; Minnesota,256,61,14,12,7,9,2,4,0,10,0,10,5,5,4,4,4,4,2,3,8,8,6,5,13,13,19,14,14,10,17,9,141,58
1500000US270530275031,Block Group 1; Census Tract 275.03; Hennepin County; Minnesota,472,116,9,14,11,17,0,10,11,17,0,10,0,10,25,26,30,45,15,23,0,10,29,24,24,25,39,36,29,32,65,35,185,76
1500000US270530275032,Block Group 2; Census Tract 275.03; Hennepin County; Minnesota,572,207,8,13,8,12,0,10,0,10,0,10,0,10,0,10,0,10,0,10,6,9,35,42,54,52,14,17,17,20,58,55,372,194
1500000US270530275033,Block Group 3; Census Tract 275.03; Hennepin County; Minnesota,270,70,0,10,0,10,8,12,10,16,27,41,0,10,0,10,0,10,13,19,2,4,24,26,20,25,37,29,33,30,20,22,76,59
1500000US270530275034,Block Group 4; Census Tract 275.03; Hennepin County; Minnesota,362,117,0,10,9,16,9,15,0,10,9,14,18,18,0,10,0,10,7,10,3,8,0,10,19,21,23,26,8,14,69,51,188,125
1500000US270530275041,Block Group 1; Census Tract 275.04; Hennepin County; Minnesota,237,58,0,10,9,14,0,10,0,10,0,10,0,10,0,10,0,10,0,10,9,14,7,11,30,21,21,24,7,11,73,45,81,41
1500000US270530275042,Block Group 2; Census Tract 275.04; Hennepin County; Minnesota,402,139,28,25,20,31,0,10,10,16,0,10,0,10,0,10,0,10,7,10,8,13,29,28,145,128,28,26,34,31,37,25,56,31
1500000US270530275043,Block Group 3; Census Tract 275.04; Hennepin County; Minnesota,252,58,6,11,0,10,0,10,0,10,0,10,0,10,0,10,0,10,0,10,0,10,0,10,51,47,21,32,13,16,33,24,128,52
1500000US270530275044,Block Group 4; Census Tract 275.04; Hennepin County; Minnesota,408,113,15,18,0,10,6,10,10,17,0,10,14,16,0,10,0,10,0,10,15,17,22,33,21,22,52,45,55,49,40,34,158,95
1500000US270530276011,Block Group 1; Census Tract 276.01; Hennepin County; Minnesota,568,211,15,24,149,194,27,39,11,18,9,14,13,21,0,10,11,18,0,10,0,10,39,46,47,38,73,44,27,27,30,29,117,56
1500000US270530276012,Block Group 2; Census Tract 276.01; Hennepin County; Minnesota,807,158,40,34,10,16,10,17,0,10,0,10,0,10,10,15,42,41,11,18,63,82,94,73,46,31,120,74,48,35,158,97,155,67
1500000US270530276013,Block Group 3; Census Tract 276.01; Hennepin County; Minnesota,567,137,14,22,19,29,10,15,63,88,0,10,0,10,0,10,21,23,19,22,37,33,42,55,31,29,43,34,44,30,77,47,147,71
1500000US270530276021,Block Group 1; Census Tract 276.02; Hennepin County; Minnesota,244,102,0,10,0,10,44,68,0,10,0,10,17,26,0,10,17,27,16,25,0,10,0,10,27,33,23,39,19,33,30,36,51,49
1500000US270530276022,Block Group 2; Census Tract 276.02; Hennepin County; Minnesota,571,172,0,10,0,10,46,67,81,126,0,10,0,10,28,45,21,33,0,10,58,61,23,36,143,104,16,26,42,54,33,31,80,56
1500000US270530276023,Block Group 3; Census Tract 276.02; Hennepin County; Minnesota,597,154,0,10,0,10,13,21,17,27,0,10,34,41,0,10,0,10,0,10,0,10,48,48,93,89,65,64,24,28,167,143,136,95
1500000US270530276024,Block Group 4; Census Tract 276.02; Hennepin County; Minnesota,330,105,0,10,16,25,0,10,0,10,28,50,0,10,18,31,0,10,0,10,0,10,43,50,108,62,12,20,15,24,32,34,58,54
1500000US270530276025,Block Group 5; Census Tract 276.02; Hennepin County; Minnesota,317,93,0,10,16,26,0,10,14,22,0,10,0,10,0,10,0,10,13,23,16,28,16,28,74,63,0,10,18,33,31,39,119,58
1500000US270530276026,Block Group 6; Census Tract 276.02; Hennepin County; Minnesota,540,318,0,10,83,93,142,227,0,10,35,43,0,10,0,10,0,10,0,10,21,35,60,65,149,218,0,10,0,10,0,10,50,48
1500000US270530277011,Block Group 1; Census Tract 277.01; Hennepin County; Minnesota,359,90,0,10,0,10,0,10,20,32,0,10,0,10,0,10,0,10,11,16,12,19,42,39,22,26,0,10,28,29,63,49,161,73
1500000US270530277012,Block Group 2; Census Tract 277.01; Hennepin County; Minnesota,407,101,11,17,0,10,0,10,0,10,12,19,16,24,0,10,0,10,0,10,0,10,19,22,39,33,0,10,19,30,78,48,213,83
1500000US270530277013,Block Group 3; Census Tract 277.01; Hennepin County; Minnesota,487,144,13,22,87,129,0,10,13,20,0,10,0,10,0,10,13,21,12,20,30,34,0,10,42,38,109,66,12,19,53,75,103,52
1500000US270530277021,Block Group 1; Census Tract 277.02; Hennepin County; Minnesota,439,61,0,10,8,9,15,15,0,10,0,10,4,7,0,10,5,7,12,14,94,49,52,33,50,34,69,28,19,25,65,39,46,25
1500000US270530277022,Block Group 2; Census Tract 277.02; Hennepin County; Minnesota,424,112,0,10,4,7,17,23,12,12,7,10,5,8,0,10,5,8,18,26,5,7,7,11,71,29,43,29,50,24,117,97,63,31
1500000US270530277031,Block Group 1; Census Tract 277.03; Hennepin County; Minnesota,451,98,0,10,0,10,0,10,34,38,5,8,0,10,0,10,0,10,0,10,0,10,0,10,26,32,31,25,30,34,124,58,201,70
1500000US270530277032,Block Group 2; Census Tract 277.03; Hennepin County; Minnesota,682,250,0,10,0,10,0,10,0,10,0,10,11,17,13,21,0,10,10,16,12,21,10,17,27,24,238,271,75,51,50,36,236,78
1500000US270530277033,Block Group 3; Census Tract 277.03; Hennepin County; Minnesota,291,81,0,10,0,10,32,48,11,19,0,10,0,10,0,10,0,10,12,20,0,10,0,10,10,16,51,37,10,15,26,39,139,44
1500000US270530277034,Block Group 4; Census Tract 277.03; Hennepin County; Minnesota,270,73,0,10,0,10,0,10,0,10,0,10,0,10,0,10,0,10,0,10,7,11,13,19,0,10,73,65,28,30,52,42,97,45
1500000US270531002001,Block Group 1; Census Tract 1002; Hennepin County; Minnesota,571,113,36,54,18,23,13,19,11,17,13,19,43,53,0,10,9,15,0,10,77,61,50,40,48,39,75,57,43,43,40,28,95,55
1500000US270531002002,Block Group 2; Census Tract 1002; Hennepin County; Minnesota,768,382,13,21,0,10,0,10,0,10,0,10,0,10,58,84,12,18,16,24,23,27,340,356,34,38,110,76,34,30,78,89,50,46
1500000US270531002003,Block Group 3; Census Tract 1002; Hennepin County; Minnesota,413,141,49,46,72,80,42,43,28,29,32,49,15,22,51,61,18,29,0,10,0,10,12,18,0,10,35,54,0,10,15,17,44,55
1500000US270531004001,Block Group 1; Census Tract 1004; Hennepin County; Minnesota,310,99,21,34,0,10,0,10,0,10,0,10,31,42,29,33,35,56,13,22,6,10,64,60,26,33,15,22,19,28,25,31,26,42
1500000US270531004002,Block Group 2; Census Tract 1004; Hennepin County; Minnesota,406,146,45,49,0,10,0,10,21,32,22,31,10,14,0,10,0,10,23,28,87,98,92,78,16,22,39,34,37,37,0,10,14,23
1500000US270531004003,Block Group 3; Census Tract 1004; Hennepin County; Minnesota,494,112,26,29,17,30,23,29,11,16,14,25,7,11,0,10,74,82,0,10,32,36,66,48,57,44,43,46,99,60,15,17,10,13
1500000US270531005001,Block Group 1; Census Tract 1005; Hennepin County; Minnesota,279,109,0,10,6,9,0,10,0,10,0,10,5,8,19,29,6,10,6,9,66,75,67,79,25,19,18,19,11,12,11,12,39,27
1500000US270531005002,Block Group 2; Census Tract 1005; Hennepin County; Minnesota,786,126,81,46,45,69,32,22,7,11,59,58,25,18,11,15,0,10,46,30,70,44,85,47,97,57,88,52,35,22,81,25,24,20
1500000US270531007001,Block Group 1; Census Tract 1007; Hennepin County; Minnesota,301,105,0,10,56,68,44,67,0,10,0,10,26,32,0,10,0,10,0,10,17,20,20,26,74,44,26,29,38,39,0,10,0,10
1500000US270531007002,Block Group 2; Census Tract 1007; Hennepin County; Minnesota,361,74,13,21,0,10,8,13,0,10,0,10,0,10,14,24,0,10,0,10,35,38,0,10,77,58,139,74,33,29,17,20,25,24
1500000US270531007003,Block Group 3; Census Tract 1007; Hennepin County; Minnesota,429,187,0,10,7,10,0,10,0,10,10,18,0,10,0,10,0,10,125,155,47,80,55,43,41,39,40,41,35,39,54,45,15,24
1500000US270531007004,Block Group 4; Census Tract 1007; Hennepin County; Minnesota,215,137,19,21,0,10,0,10,0,10,0,10,0,10,0,10,0,10,0,10,36,42,82,124,9,15,47,49,14,22,0,10,8,16
1500000US270531008001,Block Group 1; Census Tract 1008; Hennepin County; Minnesota,271,184,75,72,0,10,9,12,4,7,0,10,0,10,0,10,13,24,24,26,0,10,19,24,0,10,15,20,99,151,13,16,0,10
1500000US270531008002,Block Group 2; Census Tract 1008; Hennepin County; Minnesota,322,154,0,10,0,10,0,10,0,10,9,13,11,17,8,14,38,59,70,97,52,56,0,10,68,49,0,10,0,10,50,76,16,14
1500000US270531008003,Block Group 3; Census Tract 1008; Hennepin County; Minnesota,333,136,16,23,5,8,13,23,9,14,41,63,37,44,13,17,0,10,0,10,88,116,10,19,21,25,0,10,30,31,50,35,0,10
1500000US270531008004,Block Group 4; Census Tract 1008; Hennepin County; Minnesota,395,120,62,58,13,21,0,10,11,18,0,10,0,10,0,10,0,10,0,10,9,15,41,34,71,72,134,82,24,31,8,13,22,32
1500000US270531009001,Block Group 1; Census Tract 1009; Hennepin County; Minnesota,513,169,50,44,49,62,52,80,10,17,0,10,48,56,29,43,0,10,0,10,70,75,53,45,24,34,58,78,50,78,20,25,0,10
1500000US270531009002,Block Group 2; Census Tract 1009; Hennepin County; Minnesota,601,122,0,10,20,31,103,24,10,16,32,33,71,86,31,52,0,10,0,10,6,12,24,29,81,70,83,105,118,96,22,36,0,10
1500000US270531009003,Block Group 3; Census Tract 1009; Hennepin County; Minnesota,551,141,0,10,15,22,33,30,0,10,11,19,39,62,40,52,17,28,0,10,17,26,131,75,96,76,37,36,47,42,68,91,0,10
1500000US270531012001,Block Group 1; Census Tract 1012; Hennepin County; Minnesota,340,86,0,10,0,10,0,10,0,10,0,10,0,10,0,10,33,29,0,10,16,29,0,10,15,28,31,26,81,60,67,59,97,55
1500000US270531012002,Block Group 2; Census Tract 1012; Hennepin County; Minnesota,495,146,0,10,0,10,20,34,0,10,0,10,0,10,0,10,0,10,19,30,18,29,0,10,47,46,124,94,89,74,118,73,60,49
1500000US270531012003,Block Group 3; Census Tract 1012; Hennepin County; Minnesota,731,195,18,29,0,10,0,10,40,62,0,10,90,101,1,3,0,10,58,83,0,10,14,23,129,74,77,58,126,115,65,55,113,89
1500000US270531012004,Block Group 4; Census Tract 1012; Hennepin County; Minnesota,703,278,24,41,0,10,0,10,17,26,42,50,0,10,21,33,54,55,0,10,39,44,37,43,44,51,40,44,104,90,62,53,219,234
1500000US270531013001,Block Group 1; Census Tract 1013; Hennepin County; Minnesota,375,146,0,10,7,11,14,20,11,17,9,14,12,19,0,10,0,10,0,10,23,31,22,24,161,145,59,45,16,16,41,41,0,10
1500000US270531013002,Block Group 2; Census Tract 1013; Hennepin County; Minnesota,458,206,42,36,114,126,46,75,0,10,10,12,0,10,30,32,14,20,0,10,63,60,16,14,6,9,24,37,15,25,0,10,78,131
1500000US270531016001,Block Group 1; Census Tract 1016; Hennepin County; Minnesota,176,107,0,10,20,30,0,10,0,10,0,10,0,10,0,10,36,58,0,10,2,3,0,10,20,33,78,65,9,16,11,17,0,10
1500000US270531016002,Block Group 2; Census Tract 1016; Hennepin County; Minnesota,223,128,89,99,0,10,0,10,19,33,25,29,0,10,30,41,0,10,0,10,0,10,0,10,31,39,0,10,17,26,0,10,12,23
1500000US270531016003,Block Group 3; Census Tract 1016; Hennepin County; Minnesota,0,10,0,10,0,10,0,10,0,10,0,10,0,10,0,10,0,10,0,10,0,10,0,10,0,10,0,10,0,10,0,10,0,10
1500000US270531016004,Block Group 4; Census Tract 1016; Hennepin County; Minnesota,618,143,83,70,309,182,31,48,0,10,0,10,10,14,50,51,0,10,11,19,0,10,65,97,16,25,43,42,0,10,0,10,0,10
1500000US270531018001,Block Group 1; Census Tract 1018; Hennepin County; Minnesota,568,208,0,10,107,164,0,10,9,15,0,10,0,10,18,28,14,26,0,10,0,10,46,46,81,74,87,67,104,72,82,64,20,23
1500000US270531018002,Block Group 2; Census Tract 1018; Hennepin County; Minnesota,722,154,0,10,19,31,0,10,25,29,10,18,8,12,48,41,35,40,40,62,127,65,74,63,135,87,40,37,52,36,75,58,34,36
1500000US270531018003,Block Group 3; Census Tract 1018; Hennepin County; Minnesota,581,212,0,10,0,10,11,20,36,53,16,26,20,23,13,22,10,15,13,21,26,23,142,172,99,61,55,81,42,47,43,42,55,54
1500000US270531019001,Block Group 1; Census Tract 1019; Hennepin County; Minnesota,494,89,41,39,0,10,0,10,24,27,11,18,6,12,0,10,0,10,29,31,0,10,39,29,107,62,11,18,57,31,88,43,81,49
1500000US270531019002,Block Group 2; Census Tract 1019; Hennepin County; Minnesota,512,172,55,38,180,168,50,41,30,33,0,10,0,10,9,14,17,20,24,24,7,11,24,26,33,29,35,40,22,24,11,19,15,23
1500000US270531019003,Block Group 3; Census Tract 1019; Hennepin County; Minnesota,360,128,9,15,0,10,24,37,10,14,14,22,8,13,0,10,14,19,0,10,12,18,29,29,76,38,31,29,0,10,93,105,40,49
1500000US270531020001,Block Group 1; Census Tract 1020; Hennepin County; Minnesota,451,136,108,102,22,35,10,17,87,79,12,16,0,10,8,13,10,15,0,10,0,10,41,54,26,28,26,26,11,16,54,56,36,37
1500000US270531020002,Block Group 2; Census Tract 1020; Hennepin County; Minnesota,533,125,69,46,0,10,32,45,74,105,5,9,0,10,43,53,9,12,55,58,5,9,24,26,44,32,80,67,62,47,18,16,13,18
1500000US270531021001,Block Group 1; Census Tract 1021; Hennepin County; Minnesota,332,114,41,41,0,10,57,64,0,10,0,10,10,16,16,25,21,32,34,50,55,40,7,9,31,45,21,20,39,38,0,10,0,10
1500000US270531021002,Block Group 2; Census Tract 1021; Hennepin County; Minnesota,133,54,9,14,0,10,0,10,0,10,0,10,0,10,7,11,0,10,17,20,6,9,6,9,59,50,0,10,16,24,12,17,1,4
1500000US270531021003,Block Group 3; Census Tract 1021; Hennepin County; Minnesota,326,94,0,10,16,17,20,23,0,10,0,10,0,10,72,68,0,10,35,57,11,15,37,32,33,28,17,18,18,15,59,49,8,12
1500000US270531025001,Block Group 1; Census Tract 1025; Hennepin County; Minnesota,314,88,22,38,21,34,0,10,0,10,0,10,31,37,11,18,0,10,0,10,0,10,0,10,0,10,60,52,40,59,66,50,63,49
1500000US270531025002,Block Group 2; Census Tract 1025; Hennepin County; Minnesota,419,99,14,21,0,10,0,10,0,10,0,10,10,16,17,29,0,10,13,20,0,10,48,25,154,80,33,31,29,32,35,33,66,48
1500000US270531025003,Block Group 3; Census Tract 1025; Hennepin County; Minnesota,790,299,34,39,25,29,94,112,96,75,0,10,194,251,9,15,31,28,26,30,11,19,46,64,69,50,87,67,0,10,34,39,34,34
1500000US270531026001,Block Group 1; Census Tract 1026; Hennepin County; Minnesota,0,10,0,10,0,10,0,10,0,10,0,10,0,10,0,10,0,10,0,10,0,10,0,10,0,10,0,10,0,10,0,10,0,10
1500000US270531026002,Block Group 2; Census Tract 1026; Hennepin County; Minnesota,481,89,21,22,0,10,17,18,3,6,0,10,6,9,0,10,92,59,2,6,55,41,42,26,55,30,95,39,11,18,42,33,40,26
1500000US270531026003,Block Group 3; Census Tract 1026; Hennepin County; Minnesota,0,10,0,10,0,10,0,10,0,10,0,10,0,10,0,10,0,10,0,10,0,10,0,10,0,10,0,10,0,10,0,10,0,10
1500000US270531026004,Block Group 4; Census Tract 1026; Hennepin County; Minnesota,363,132,0,10,4,6,11,13,5,8,0,10,5,9,31,42,4,7,2,6,18,28,82,96,32,19,69,41,38,32,48,38,14,18
1500000US270531028001,Block Group 1; Census Tract 1028; Hennepin County; Minnesota,439,145,24,34,42,49,8,13,0,10,0,10,0,10,0,10,9,16,12,17,0,10,96,72,214,113,22,25,11,13,0,10,1,7
1500000US270531028002,Block Group 2; Census Tract 1028; Hennepin County; Minnesota,211,110,0,10,0,10,0,10,0,10,0,10,0,10,24,39,43,57,26,45,25,32,0,10,60,46,23,23,4,7,2,5,4,9
1500000US270531028003,Block Group 3; Census Tract 1028; Hennepin County; Minnesota,355,111,84,69,72,51,0,10,11,17,0,10,0,10,20,34,2,21,0,10,36,42,4,7,80,75,21,24,14,18,3,9,8,13
1500000US270531030001,Block Group 1; Census Tract 1030; Hennepin County; Minnesota,447,97,39,45,42,39,14,21,0,10,0,10,17,18,0,10,47,50,0,10,49,57,16,18,45,32,18,17,48,38,27,24,85,39
1500000US270531030002,Block Group 2; Census Tract 1030; Hennepin County; Minnesota,0,10,0,10,0,10,0,10,0,10,0,10,0,10,0,10,0,10,0,10,0,10,0,10,0,10,0,10,0,10,0,10,0,10
1500000US270531030003,Block Group 3; Census Tract 1030; Hennepin County; Minnesota,690,84,10,16,11,14,24,20,0,10,0,10,28,25,11,17,71,61,4,7,82,71,74,44,122,49,40,29,57,60,67,33,89,62
1500000US270531031001,Block Group 1; Census Tract 1031; Hennepin County; Minnesota,406,120,31,35,67,68,23,33,0,10,12,20,0,10,18,27,0,10,19,29,0,10,0,10,22,33,88,68,39,60,29,29,58,42
1500000US270531031002,Block Group 2; Census Tract 1031; Hennepin County; Minnesota,719,108,35,44,24,38,1,2,33,36,65,61,12,18,16,25,27,32,0,10,44,43,42,44,150,75,108,61,0,10,99,65,63,40
1500000US270531034001,Block Group 1; Census Tract 1034; Hennepin County; Minnesota,96,90,0,10,11,24,39,77,5,10,0,10,41,57,0,10,0,10,0,10,0,10,0,10,0,10,0,10,0,10,0,10,0,10
1500000US270531034002,Block Group 2; Census Tract 1034; Hennepin County; Minnesota,403,197,67,88,0,10,0,10,26,40,0,10,42,69,0,10,6,13,29,44,41,61,0,10,24,39,95,112,48,87,25,41,0,10
1500000US270531034003,Block Group 3; Census Tract 1034; Hennepin County; Minnesota,657,399,4,8,60,71,28,35,90,107,21,40,0,10,0,10,0,10,0,10,22,34,68,50,30,46,302,376,14,28,18,29,0,10
1500000US270531036001,Block Group 1; Census Tract 1036; Hennepin County; Minnesota,487,145,14,22,42,46,11,17,0,10,12,19,0,10,0,10,0,10,25,28,17,27,18,28,98,83,21,24,124,111,43,37,62,41
1500000US270531036002,Block Group 2; Census Tract 1036; Hennepin County; Minnesota,1441,201,139,105,15,25,15,25,77,59,61,103,5,8,9,14,0,10,9,14,78,81,19,30,222,116,152,98,94,58,125,62,421,151
1500000US270531036003,Block Group 3; Census Tract 1036; Hennepin County; Minnesota,214,85,0,10,0,10,0,10,0,10,15,22,0,10,0,10,16,25,0,10,18,30,29,34,12,21,7,13,7,11,21,19,89,54
1500000US270531037001,Block Group 1; Census Tract 1037; Hennepin County; Minnesota,657,193,9,16,32,37,43,52,23,36,19,29,49,59,0,10,39,39,22,25,50,50,39,47,100,145,46,46,0,10,161,105,25,36
1500000US270531037002,Block Group 2; Census Tract 1037; Hennepin County; Minnesota,1070,226,38,48,0,10,31,30,87,91,12,19,7,11,21,32,36,41,48,48,80,96,104,105,51,42,29,38,146,88,50,51,330,150
1500000US270531037003,Block Group 3; Census Tract 1037; Hennepin County; Minnesota,504,129,46,71,0,10,40,60,48,42,30,35,0,10,22,34,34,40,9,15,108,68,52,50,46,53,27,33,20,23,15,24,7,12
1500000US270531037004,Block Group 4; Census Tract 1037; Hennepin County; Minnesota,788,235,59,74,0,10,46,39,47,57,15,20,133,80,61,101,39,36,0,10,16,20,39,61,147,175,22,26,99,96,65,102,0,10
1500000US270531039001,Block Group 1; Census Tract 1039; Hennepin County; Minnesota,468,108,81,62,49,62,55,40,0,10,40,43,39,40,0,10,65,50,67,75,0,10,23,20,42,50,7,11,0,10,0,10,0,10
1500000US270531039002,Block Group 2; Census Tract 1039; Hennepin County; Minnesota,898,231,118,86,42,65,140,83,149,94,28,27,86,59,0,10,34,42,8,13,224,146,41,43,0,10,0,10,0,10,18,29,10,17
1500000US270531040011,Block Group 1; Census Tract 1040.01; Hennepin County; Minnesota,0,10,0,10,0,10,0,10,0,10,0,10,0,10,0,10,0,10,0,10,0,10,0,10,0,10,0,10,0,10,0,10,0,10
1500000US270531040012,Block Group 2; Census Tract 1040.01; Hennepin County; Minnesota,606,141,0,10,0,10,0,10,10,16,0,10,9,13,18,31,45,57,0,10,143,94,41,37,84,86,23,21,87,55,56,56,90,5
1500000US270531040013,Block Group 3; Census Tract 1040.01; Hennepin County; Minnesota,416,124,20,22,53,88,7,12,16,19,26,39,19,22,6,9,41,52,58,75,44,59,23,30,24,29,25,24,0,10,25,38,29,35
1500000US270531040021,Block Group 1; Census Tract 1040.02; Hennepin County; Minnesota,590,117,17,23,0,10,0,10,0,10,18,21,0,10,56,41,0,10,9,15,108,29,63,48,92,55,23,30,54,46,69,50,81,59
1500000US270531040022,Block Group 2; Census Tract 1040.02; Hennepin County; Minnesota,0,10,0,10,0,10,0,10,0,10,0,10,0,10,0,10,0,10,0,10,0,10,0,10,0,10,0,10,0,10,0,10,0,10
1500000US270531040023,Block Group 3; Census Tract 1040.02; Hennepin County; Minnesota,506,163,10,16,8,13,0,10,0,10,4,8,45,61,47,53,0,10,0,10,10,15,49,45,116,93,29,26,124,140,0,10,64,55
1500000US270531040024,Block Group 4; Census Tract 1040.02; Hennepin County; Minnesota,376,111,10,16,0,10,0,10,13,22,0,10,0,10,37,34,15,17,54,67,36,36,63,57,40,35,53,41,47,49,8,13,0,10
1500000US270531041001,Block Group 1; Census Tract 1041; Hennepin County; Minnesota,546,144,30,33,14,23,0,10,16,28,0,10,13,21,38,45,0,10,24,30,31,29,108,67,75,82,115,79,24,24,34,35,24,36
1500000US270531041002,Block Group 2; Census Tract 1041; Hennepin County; Minnesota,222,88,12,20,0,10,0,10,0,10,0,10,0,10,37,52,9,17,15,23,6,10,0,10,101,67,0,10,0,10,41,33,1,10
1500000US270531041003,Block Group 3; Census Tract 1041; Hennepin County; Minnesota,533,208,64,72,10,15,11,21,72,118,3,7,16,33,95,116,28,42,15,24,6,10,90,103,34,35,27,35,31,31,0,10,31,28
1500000US270531044001,Block Group 1; Census Tract 1044; Hennepin County; Minnesota,414,138,84,96,0,10,24,44,18,27,15,23,11,19,0,10,11,18,0,10,13,21,124,98,53,48,30,36,0,10,0,10,31,36
1500000US270531044002,Block Group 2; Census Tract 1044; Hennepin County; Minnesota,362,140,0,10,57,67,0,10,0,10,0,10,0,10,42,61,29,33,11,18,0,10,37,41,0,10,81,51,0,10,68,54,37,40
1500000US270531044003,Block Group 3; Census Tract 1044; Hennepin County; Minnesota,450,128,16,24,17,26,0,10,18,28,0,10,36,40,19,31,14,22,59,57,25,31,63,59,52,50,14,24,32,49,37,47,48,41
1500000US270531048011,Block Group 1; Census Tract 1048.01; Hennepin County; Minnesota,812,275,74,83,276,146,158,116,0,10,0,10,52,80,41,65,87,139,0,10,0,10,0,10,124,153,0,10,0,10,0,10,0,10
1500000US270531048012,Block Group 2; Census Tract 1048.01; Hennepin County; Minnesota,1585,319,379,106,255,184,151,170,118,182,41,65,78,67,184,214,170,199,0,10,46,74,66,100,65,90,0,10,32,72,0,10,0,10
1500000US270531048021,Block Group 1; Census Tract 1048.02; Hennepin County; Minnesota,973,207,248,161,10,17,53,38,27,32,81,85,36,41,25,35,26,34,28,34,88,104,53,40,149,85,65,50,46,41,38,37,0,10
1500000US270531048022,Block Group 2; Census Tract 1048.02; Hennepin County; Minnesota,304,125,54,52,90,104,0,10,23,31,0,10,0,10,0,10,6,15,12,18,14,23,0,10,67,83,22,28,0,10,16,19,0,10
1500000US270531048023,Block Group 3; Census Tract 1048.02; Hennepin County; Minnesota,272,158,11,17,0,10,84,135,0,10,10,19,21,35,0,10,0,10,21,35,12,21,12,21,40,43,21,34,40,33,0,10,0,10
1500000US270531049011,Block Group 1; Census Tract 1049.01; Hennepin County; Minnesota,546,123,207,121,25,27,31,29,6,10,21,24,45,42,81,75,0,10,39,40,30,28,6,9,0,10,55,64,0,10,0,10,0,10
1500000US270531049012,Block Group 2; Census Tract 1049.01; Hennepin County; Minnesota,245,105,35,43,5,8,33,50,38,39,0,10,27,33,0,10,75,93,19,32,6,10,0,10,0,10,0,10,0,10,0,10,7,12
1500000US270531049021,Block Group 1; Census Tract 1049.02; Hennepin County; Minnesota,823,192,65,56,0,10,35,39,58,50,0,10,149,115,61,57,23,36,25,40,20,33,91,75,81,68,34,39,18,29,83,70,80,52
1500000US270531049022,Block Group 2; Census Tract 1049.02; Hennepin County; Minnesota,137,60,14,21,0,10,0,10,0,10,0,10,0,10,18,32,0,10,0,10,0,10,33,37,27,42,21,31,0,10,0,10,24,36
1500000US270531049023,Block Group 3; Census Tract 1049.02; Hennepin County; Minnesota,335,116,83,63,19,30,0,10,47,51,8,13,23,36,30,25,43,48,0,10,61,58,21,34,0,10,0,10,0,10,0,10,0,10
1500000US270531049024,Block Group 4; Census Tract 1049.02; Hennepin County; Minnesota,495,164,215,135,0,10,23,38,19,32,0,10,57,50,28,35,28,48,18,29,18,30,33,37,20,33,14,23,22,38,0,10,0,10
1500000US270531049025,Block Group 5; Census Tract 1049.02; Hennepin County; Minnesota,132,77,34,61,0,10,16,26,22,41,0,10,0,10,0,10,0,10,32,54,0,10,15,27,0,10,0,10,0,10,13,24,0,10
1500000US270531051001,Block Group 1; Census Tract 1051; Hennepin County; Minnesota,739,127,7,11,35,29,6,10,31,37,22,25,0,10,18,21,0,10,0,10,20,17,31,41,61,41,212,113,103,49,54,37,139,60
1500000US270531051002,Block Group 2; Census Tract 1051; Hennepin County; Minnesota,373,100,8,12,8,13,0,10,0,10,0,10,6,10,0,10,0,10,11,17,63,75,28,26,19,23,19,23,53,39,72,49,86,45
1500000US270531051003,Block Group 3; Census Tract 1051; Hennepin County; Minnesota,250,63,0,10,7,10,0,10,7,10,0,10,21,24,0,10,0,10,0,10,0,10,23,25,12,18,26,30,17,18,37,35,100,48
1500000US270531052011,Block Group 1; Census Tract 1052.01; Hennepin County; Minnesota,1296,209,83,135,209,171,73,58,0,10,123,157,31,50,41,48,40,47,53,59,16,27,44,45,88,59,180,121,82,68,110,73,123,82
1500000US270531052012,Block Group 2; Census Tract 1052.01; Hennepin County; Minnesota,436,224,48,75,8,13,20,33,79,93,0,10,0,10,43,61,0,10,0,10,33,53,36,53,25,43,20,34,7,14,117,175,0,10
1500000US270531052013,Block Group 3; Census Tract 1052.01; Hennepin County; Minnesota,603,170,102,110,0,10,0,10,39,53,0,10,0,10,0,10,0,10,19,33,0,10,76,75,158,102,87,65,36,40,44,49,42,46
1500000US270531052041,Block Group 1; Census Tract 1052.04; Hennepin County; Minnesota,458,169,102,104,20,33,23,37,0,10,95,81,36,58,20,31,0,10,21,35,55,65,0,10,16,27,29,34,0,10,41,45,0,10
1500000US270531052042,Block Group 2; Census Tract 1052.04; Hennepin County; Minnesota,704,192,23,37,31,49,0,10,0,10,25,37,23,39,146,137,44,48,20,34,124,129,44,49,46,57,47,53,24,40,16,27,91,81
1500000US270531052043,Block Group 3; Census Tract 1052.04; Hennepin County; Minnesota,962,279,71,109,209,208,24,40,0,10,20,32,111,107,20,31,21,33,46,52,20,32,20,32,174,93,85,132,19,30,60,57,62,59
1500000US270531054001,Block Group 1; Census Tract 1054; Hennepin County; Minnesota,644,225,30,35,9,17,35,54,143,117,212,170,50,56,0,10,11,16,0,10,12,19,108,114,10,15,24,30,0,10,0,10,0,10
1500000US270531054002,Block Group 2; Census Tract 1054; Hennepin County; Minnesota,964,195,79,53,9,13,14,22,5,16,6,11,29,43,17,27,14,22,6,9,59,62,111,91,108,74,81,62,30,36,47,48,349,142
1500000US270531054003,Block Group 3; Census Tract 1054; Hennepin County; Minnesota,496,152,39,44,68,79,0,10,20,30,15,24,0,10,8,12,0,10,28,36,18,28,44,46,7,12,62,79,31,34,53,48,103,69
1500000US270531055001,Block Group 1; Census Tract 1055; Hennepin County; Minnesota,999,198,52,53,13,20,24,35,15,24,72,80,37,44,106,75,0,10,12,20,129,94,122,99,60,55,100,93,190,131,18,30,49,54
1500000US270531055002,Block Group 2; Census Tract 1055; Hennepin County; Minnesota,845,260,16,26,0,10,0,10,14,23,37,42,0,10,36,60,14,23,106,92,42,40,90,96,55,40,246,212,14,20,61,78,114,75
1500000US270531055003,Block Group 3; Census Tract 1055; Hennepin County; Minnesota,212,80,0,10,0,10,0,10,0,10,0,10,0,10,0,10,0,10,0,10,0,10,24,28,18,29,0,10,54,62,26,35,90,58
1500000US270531055004,Block Group 4; Census Tract 1055; Hennepin County; Minnesota,368,129,0,10,0,10,0,10,0,10,0,10,0,10,0,10,0,10,0,10,0,10,56,57,16,27,28,42,0,10,23,38,245,122
1500000US270531056001,Block Group 1; Census Tract 1056; Hennepin County; Minnesota,498,180,72,70,30,48,0,10,83,105,57,93,28,45,0,10,20,31,0,10,0,10,18,29,88,70,61,71,21,33,0,10,20,33
1500000US270531056002,Block Group 2; Census Tract 1056; Hennepin County; Minnesota,769,320,0,10,179,190,159,252,0,10,18,29,0,10,44,52,22,36,72,75,111,89,17,28,45,51,0,10,0,10,41,45,61,50
1500000US270531056003,Block Group 3; Census Tract 1056; Hennepin County; Minnesota,1185,300,35,42,0,10,0,10,102,113,0,10,0,10,39,44,68,84,44,43,133,129,107,62,101,102,30,36,113,158,134,90,279,129
1500000US270531056004,Block Group 4; Census Tract 1056; Hennepin County; Minnesota,887,306,75,71,0,10,38,52,0,10,201,176,0,10,176,180,136,214,18,29,21,34,58,67,50,83,23,37,91,119,0,10,0,10
1500000US270531057001,Block Group 1; Census Tract 1057; Hennepin County; Minnesota,737,219,0,10,113,96,9,18,0,10,21,34,87,93,181,192,0,10,0,10,84,98,137,111,13,21,92,81,0,10,0,10,0,10
1500000US270531057002,Block Group 2; Census Tract 1057; Hennepin County; Minnesota,694,224,20,31,135,125,46,55,0,10,28,45,144,177,0,10,0,10,0,10,0,10,37,53,129,128,25,31,88,67,13,21,29,48
1500000US270531057003,Block Group 3; Census Tract 1057; Hennepin County; Minnesota,745,254,9,13,27,44,80,95,10,16,0,10,0,10,0,10,128,182,6,9,43,65,173,147,165,147,0,10,104,19,0,10,0,10
1500000US270531060001,Block Group 1; Census Tract 1060; Hennepin County; Minnesota,406,133,38,39,38,34,0,10,20,23,0,10,42,63,50,60,0,10,2,4,49,52,38,35,58,41,0,10,0,10,16,27,55,82
1500000US270531060002,Block Group 2; Census Tract 1060; Hennepin County; Minnesota,544,108,61,53,178,94,41,48,48,35,0,10,37,34,0,10,25,42,50,49,20,25,30,35,16,26,11,19,11,18,0,10,16,26
1500000US270531060003,Block Group 3; Census Tract 1060; Hennepin County; Minnesota,221,117,56,55,55,62,29,44,0,10,18,30,34,60,0,10,0,10,0,10,0,10,0,10,14,23,0,10,0,10,0,10,15,23
1500000US270531062001,Block Group 1; Census Tract 1062; Hennepin County; Minnesota,1266,252,69,81,293,159,325,216,12,18,0,10,0,10,0,10,19,31,49,73,116,81,194,170,66,64,123,113,0,10,0,10,0,10
1500000US270531062002,Block Group 2; Census Tract 1062; Hennepin County; Minnesota,362,113,0,10,0,10,15,25,0,10,19,31,0,10,35,39,20,40,0,10,39,50,20,24,71,57,31,30,20,26,72,80,20,18
1500000US270531062003,Block Group 3; Census Tract 1062; Hennepin County; Minnesota,482,145,36,47,159,80,0,10,4,7,28,42,0,10,0,10,22,27,35,40,30,35,29,46,97,117,7,12,0,10,20,21,15,23
1500000US270531064001,Block Group 1; Census Tract 1064; Hennepin County; Minnesota,493,98,92,67,163,73,25,26,15,21,81,87,0,10,15,24,0,10,11,17,13,18,24,30,13,23,18,27,0,10,22,29,1,5
1500000US270531064002,Block Group 2; Census Tract 1064; Hennepin County; Minnesota,572,190,8,13,16,19,7,10,28,36,25,21,9,14,0,10,2,7,10,16,26,21,62,42,68,43,35,27,21,19,44,28,211,166
1500000US270531065001,Block Group 1; Census Tract 1065; Hennepin County; Minnesota,447,102,0,10,0,10,0,10,16,26,0,10,14,24,12,22,0,10,0,10,8,13,17,27,17,27,31,37,32,35,34,37,266,105
1500000US270531065002,Block Group 2; Census Tract 1065; Hennepin County; Minnesota,509,233,0,10,0,10,0,10,0,10,0,10,0,10,0,10,0,10,0,10,18,30,14,22,0,10,74,74,15,24,19,31,369,225
1500000US270531065003,Block Group 3; Census Tract 1065; Hennepin County; Minnesota,583,166,0,10,0,10,15,24,18,28,17,28,0,10,46,69,0,10,58,84,0,10,33,39,143,114,24,26,15,24,74,76,140,70
1500000US270531065004,Block Group 4; Census Tract 1065; Hennepin County; Minnesota,756,166,0,10,0,10,0,10,17,30,15,24,0,10,0,10,20,31,27,39,51,48,44,42,217,123,133,83,94,64,21,26,117,111
1500000US270531066001,Block Group 1; Census Tract 1066; Hennepin County; Minnesota,595,110,0,10,0,10,24,28,10,16,0,10,0,10,10,16,10,15,29,32,62,58,15,16,63,42,42,30,27,24,39,30,264,86
1500000US270531066002,Block Group 2; Census Tract 1066; Hennepin County; Minnesota,761,164,0,10,11,17,21,33,75,79,54,84,50,48,0,10,21,25,27,33,29,26,76,55,81,49,28,26,27,41,87,57,174,81
1500000US270531067001,Block Group 1; Census Tract 1067; Hennepin County; Minnesota,710,213,75,95,0,10,8,14,7,13,19,32,0,10,37,41,0,10,40,46,80,67,129,100,192,124,82,74,18,32,0,10,23,32
1500000US270531067002,Block Group 2; Census Tract 1067; Hennepin County; Minnesota,1011,221,99,106,0,10,18,28,41,77,19,32,83,84,0,10,17,30,82,71,162,125,119,83,60,59,108,105,31,30,50,48,122,80
1500000US270531067003,Block Group 3; Census Tract 1067; Hennepin County; Minnesota,1350,392,36,40,60,96,160,169,47,77,38,44,31,47,51,67,253,277,74,76,126,75,147,126,88,96,114,97,87,51,22,35,16,25
1500000US270531069001,Block Group 1; Census Tract 1069; Hennepin County; Minnesota,438,101,16,25,47,57,0,10,32,31,15,23,18,25,10,15,86,77,0,10,18,29,40,39,75,55,42,39,21,33,18,26,0,10
1500000US270531069002,Block Group 2; Census Tract 1069; Hennepin County; Minnesota,468,118,76,52,40,55,10,15,0,10,47,42,0,10,0,10,18,26,9,14,0,10,53,48,111,96,36,40,45,50,3,5,20,30
1500000US270531069003,Block Group 3; Census Tract 1069; Hennepin County; Minnesota,484,167,51,58,141,109,9,14,0,10,42,50,57,85,0,10,7,10,0,10,25,36,49,47,5,7,19,32,25,36,0,10,54,48
1500000US270531070001,Block Group 1; Census Tract 1070; Hennepin County; Minnesota,862,288,98,105,0,10,0,10,9,13,5,8,57,69,83,89,14,24,30,36,202,202,107,113,99,95,19,40,20,33,0,10,119,115
1500000US270531070002,Block Group 2; Census Tract 1070; Hennepin County; Minnesota,733,266,0,10,37,59,0,10,45,51,0,10,0,10,69,56,16,25,34,54,191,211,72,75,141,88,67,65,0,10,45,53,16,27
1500000US270531070003,Block Group 3; Census Tract 1070; Hennepin County; Minnesota,622,203,19,32,0,10,47,47,0,10,76,61,106,105,0,10,22,36,0,10,30,58,231,158,14,24,57,60,8,12,12,22,0,10
1500000US270531074001,Block Group 1; Census Tract 1074; Hennepin County; Minnesota,417,99,39,52,6,9,40,41,0,10,0,10,4,7,4,6,18,27,51,59,14,16,24,31,80,99,45,45,38,44,43,34,11,17
1500000US270531074002,Block Group 2; Census Tract 1074; Hennepin County; Minnesota,553,113,4,7,7,10,39,46,0,10,41,41,12,19,8,9,30,29,6,9,47,35,49,39,92,68,116,61,45,37,42,33,15,16
1500000US270531075001,Block Group 1; Census Tract 1075; Hennepin County; Minnesota,494,57,11,12,5,8,3,5,22,20,0,10,30,26,13,13,4,7,17,13,63,44,55,25,73,40,61,34,29,19,64,33,44,27
1500000US270531075002,Block Group 2; Census Tract 1075; Hennepin County; Minnesota,357,74,7,10,28,22,11,13,5,9,0,10,9,11,6,9,0,10,0,10,29,28,9,12,52,35,55,30,51,30,45,26,50,44
1500000US270531076001,Block Group 1; Census Tract 1076; Hennepin County; Minnesota,303,80,18,21,0,10,9,14,18,20,12,18,0,10,9,14,8,13,0,10,34,43,0,10,10,15,8,13,25,25,49,40,103,56
1500000US270531076002,Block Group 2; Census Tract 1076; Hennepin County; Minnesota,493,100,10,17,0,10,10,16,0,10,0,10,0,10,10,15,29,27,8,14,11,16,29,24,68,49,65,35,54,36,89,67,110,58
1500000US270531076003,Block Group 3; Census Tract 1076; Hennepin County; Minnesota,363,82,16,17,0,10,0,10,0,10,30,45,0,10,8,13,9,15,9,14,15,23,9,15,56,39,0,10,33,22,55,40,123,62
1500000US270531076004,Block Group 4; Census Tract 1076; Hennepin County; Minnesota,404,162,0,10,0,10,10,15,0,10,0,10,0,10,10,17,13,14,0,10,0,10,10,15,123,112,106,77,18,19,33,28,81,49
1500000US270531080001,Block Group 1; Census Tract 1080; Hennepin County; Minnesota,842,198,0,10,42,56,13,23,0,10,0,10,0,10,55,83,5,9,40,48,49,45,86,68,77,99,258,147,96,80,59,90,62,78
1500000US270531080002,Block Group 2; Census Tract 1080; Hennepin County; Minnesota,760,181,42,50,17,27,15,24,17,28,20,31,27,31,0,10,38,42,0,10,19,31,41,34,67,54,168,105,15,25,123,89,151,98
1500000US270531080003,Block Group 3; Census Tract 1080; Hennepin County; Minnesota,367,103,0,10,0,10,0,10,0,10,0,10,15,24,49,60,61,51,17,26,0,10,23,38,15,24,42,48,16,23,16,26,113,39
1500000US270531080004,Block Group 4; Census Tract 1080; Hennepin County; Minnesota,251,91,0,10,0,10,0,10,0,10,0,10,0,10,0,10,22,34,0,10,0,10,0,10,0,10,25,30,100,86,42,53,62,55
1500000US270531086001,Block Group 1; Census Tract 1086; Hennepin County; Minnesota,335,102,7,13,0,10,0,10,91,49,0,10,0,10,0,10,0,10,41,56,7,12,31,34,13,19,52,42,17,27,54,67,22,32
1500000US270531086002,Block Group 2; Census Tract 1086; Hennepin County; Minnesota,405,139,0,10,0,10,17,26,0,10,50,65,10,16,11,19,0,10,79,65,47,49,113,104,5,10,39,40,8,17,13,20,13,16
1500000US270531086003,Block Group 3; Census Tract 1086; Hennepin County; Minnesota,324,118,8,13,0,10,0,10,0,10,35,41,0,10,0,10,0,10,32,51,0,10,45,37,94,99,39,34,48,39,0,10,23,24
1500000US270531087001,Block Group 1; Census Tract 1087; Hennepin County; Minnesota,594,132,28,33,54,89,0,10,0,10,19,21,11,17,16,28,0,10,0,10,9,13,23,25,141,70,104,90,48,37,53,39,88,55
1500000US270531087002,Block Group 2; Census Tract 1087; Hennepin County; Minnesota,378,105,9,16,0,10,10,15,0,10,0,10,69,71,12,17,0,10,0,10,10,15,0,10,82,76,33,29,54,41,55,44,44,34
1500000US270531087003,Block Group 3; Census Tract 1087; Hennepin County; Minnesota,769,232,35,38,69,72,82,91,0,10,50,74,0,10,0,10,30,27,0,10,81,79,35,40,57,41,203,189,39,27,32,31,56,50
1500000US270531088001,Block Group 1; Census Tract 1088; Hennepin County; Minnesota,499,115,29,34,0,10,57,66,22,24,46,57,0,10,17,20,16,19,8,13,25,26,44,37,76,61,48,31,33,39,48,33,30,30
1500000US270531088002,Block Group 2; Census Tract 1088; Hennepin County; Minnesota,531,189,130,100,0,10,24,34,6,11,89,82,0,10,16,26,0,10,0,10,0,10,4,7,103,123,93,79,33,43,23,28,10,19
1500000US270531088003,Block Group 3; Census Tract 1088; Hennepin County; Minnesota,256,80,0,10,0,10,0,10,0,10,0,10,0,10,16,19,0,10,32,47,40,49,11,17,33,28,21,21,30,27,25,28,48,29
1500000US270531088004,Block Group 4; Census Tract 1088; Hennepin County; Minnesota,272,87,28,31,0,10,20,22,16,28,47,57,0,10,17,32,0,10,0,10,0,10,38,36,21,25,20,23,17,21,41,44,7,12
1500000US270531089001,Block Group 1; Census Tract 1089; Hennepin County; Minnesota,378,67,10,15,0,10,15,22,0,10,26,41,9,14,0,10,0,10,34,50,0,10,39,29,64,37,38,28,25,23,24,19,94,62
1500000US270531089002,Block Group 2; Census Tract 1089; Hennepin County; Minnesota,313,85,0,10,46,65,0,10,0,10,17,19,0,10,0,10,0,10,21,31,10,15,14,16,40,28,21,23,48,38,77,56,19,21
1500000US270531089003,Block Group 3; Census Tract 1089; Hennepin County; Minnesota,465,126,11,17,9,14,20,31,8,13,16,19,13,19,67,103,12,19,9,15,7,10,78,41,36,28,69,45,36,26,17,19,57,36
1500000US270531090001,Block Group 1; Census Tract 1090; Hennepin County; Minnesota,436,44,6,9,0,10,18,15,6,10,14,14,5,9,14,15,8,12,15,13,22,26,44,23,66,37,32,20,73,36,32,25,81,33
1500000US270531090002,Block Group 2; Census Tract 1090; Hennepin County; Minnesota,435,140,0,10,0,10,0,10,5,8,0,10,0,10,0,10,0,10,6,9,13,14,28,20,35,37,39,28,17,16,165,130,127,49
1500000US270531091001,Block Group 1; Census Tract 1091; Hennepin County; Minnesota,913,297,0,10,22,35,6,10,14,23,22,36,0,10,34,36,32,35,25,34,34,38,31,35,195,102,75,60,256,226,103,60,64,51
1500000US270531091002,Block Group 2; Census Tract 1091; Hennepin County; Minnesota,580,232,51,52,0,10,0,10,0,10,99,95,16,25,0,10,0,10,0,10,137,199,172,176,39,44,35,39,0,10,0,10,31,36
1500000US270531091003,Block Group 3; Census Tract 1091; Hennepin County; Minnesota,278,109,0,10,0,10,17,29,0,10,0,10,0,10,0,10,0,10,0,10,0,10,0,10,94,83,18,28,15,25,17,29,117,64
1500000US270531091004,Block Group 4; Census Tract 1091; Hennepin County; Minnesota,495,103,35,40,55,73,18,29,31,35,16,25,18,28,0,10,18,29,16,28,31,35,32,36,95,71,19,32,46,42,26,32,39,38
1500000US270531091005,Block Group 5; Census Tract 1091; Hennepin County; Minnesota,319,59,0,10,0,10,0,10,15,24,0,10,0,10,10,17,16,24,0,10,14,21,35,33,0,10,20,16,14,22,0,10,195,48
1500000US270531092001,Block Group 1; Census Tract 1092; Hennepin County; Minnesota,856,187,69,52,0,10,30,49,76,76,132,138,17,28,77,77,56,65,24,29,43,49,141,98,76,119,0,10,52,80,31,33,32,37
1500000US270531092002,Block Group 2; Census Tract 1092; Hennepin County; Minnesota,478,133,57,48,30,48,16,27,8,18,18,30,0,10,0,10,34,41,20,30,0,10,56,69,107,60,0,10,90,60,23,40,19,29
1500000US270531092003,Block Group 3; Census Tract 1092; Hennepin County; Minnesota,887,271,0,10,7,15,0,10,27,45,16,27,0,10,19,31,0,10,0,10,118,120,109,86,183,130,59,56,176,230,48,72,125,102
1500000US270531093001,Block Group 1; Census Tract 1093; Hennepin County; Minnesota,381,133,133,130,48,44,0,10,0,10,0,10,0,10,21,22,0,10,0,10,15,25,42,40,0,10,40,45,29,38,0,10,53,58
1500000US270531093002,Block Group 2; Census Tract 1093; Hennepin County; Minnesota,733,202,0,10,0,10,57,46,22,33,10,15,12,19,10,17,0,10,22,27,134,151,54,46,124,66,76,65,25,35,139,86,48,46
1500000US270531093003,Block Group 3; Census Tract 1093; Hennepin County; Minnesota,667,154,34,33,11,16,36,38,0,10,18,30,0,10,15,24,27,43,7,11,76,60,29,34,103,63,165,116,0,10,24,30,122,66
1500000US270531093004,Block Group 4; Census Tract 1093; Hennepin County; Minnesota,289,118,0,10,0,10,18,21,0,10,0,10,11,19,0,10,71,69,0,10,9,14,0,10,51,77,14,21,47,42,0,10,68,51
1500000US270531094001,Block Group 1; Census Tract 1094; Hennepin County; Minnesota,286,74,0,10,0,10,0,10,13,19,29,46,0,10,24,32,38,32,0,10,22,26,48,35,17,19,47,29,5,9,32,34,11,15
1500000US270531094002,Block Group 2; Census Tract 1094; Hennepin County; Minnesota,301,86,0,10,0,10,13,20,9,13,0,10,2,4,13,19,23,25,9,15,10,13,76,56,43,33,29,30,2,4,15,17,57,62
1500000US270531097001,Block Group 1; Census Tract 1097; Hennepin County; Minnesota,246,81,5,9,0,10,2,4,0,10,0,10,0,10,0,10,0,10,13,13,13,14,29,36,31,24,12,13,12,19,66,68,63,29
1500000US270531097002,Block Group 2; Census Tract 1097; Hennepin County; Minnesota,394,129,0,10,9,14,12,12,6,9,0,10,4,6,0,10,6,11,16,19,23,16,31,26,56,32,99,118,36,22,67,50,29,27
1500000US270531097003,Block Group 3; Census Tract 1097; Hennepin County; Minnesota,296,73,13,15,39,45,6,9,5,7,13,13,4,6,5,8,12,14,0,10,6,11,45,45,58,43,28,22,11,14,26,25,25,23
1500000US270531098001,Block Group 1; Census Tract 1098; Hennepin County; Minnesota,339,167,0,10,0,10,13,17,0,10,0,10,0,10,0,10,0,10,0,10,116,161,22,24,13,18,3,8,8,12,27,24,137,52
1500000US270531098002,Block Group 2; Census Tract 1098; Hennepin County; Minnesota,378,84,0,10,0,10,0,10,0,10,0,10,9,15,0,10,12,19,0,10,11,18,23,26,47,44,23,28,44,36,69,39,140,58
1500000US270531098003,Block Group 3; Census Tract 1098; Hennepin County; Minnesota,446,75,0,10,0,10,0,10,0,10,0,10,16,24,16,25,0,10,8,13,0,10,128,58,59,37,63,39,35,35,26,23,95,47
1500000US270531098004,Block Group 4; Census Tract 1098; Hennepin County; Minnesota,348,95,9,14,0,10,8,12,0,10,0,10,0,10,0,10,16,23,0,10,27,30,38,38,66,51,89,87,10,16,21,23,64,36
1500000US270531098005,Block Group 5; Census Tract 1098; Hennepin County; Minnesota,338,68,10,17,0,10,0,10,0,10,0,10,0,10,0,10,0,10,0,10,0,10,16,26,59,39,25,38,10,15,94,47,124,50
1500000US270531099001,Block Group 1; Census Tract 1099; Hennepin County; Minnesota,609,104,29,28,0,10,11,16,17,26,23,24,30,48,0,10,67,64,40,38,28,44,49,37,27,22,72,39,105,87,44,36,67,46
1500000US270531099002,Block Group 2; Census Tract 1099; Hennepin County; Minnesota,370,70,8,13,0,10,0,10,0,10,0,10,0,10,0,10,37,43,4,6,0,10,43,53,54,44,22,26,20,19,101,55,81,39
1500000US270531099003,Block Group 3; Census Tract 1099; Hennepin County; Minnesota,337,139,0,10,0,10,0,10,22,34,8,13,0,10,0,10,0,10,8,13,11,17,10,15,93,123,7,11,18,26,56,36,104,41
1500000US270531099004,Block Group 4; Census Tract 1099; Hennepin County; Minnesota,501,115,17,21,6,10,0,10,0,10,0,10,10,16,0,10,40,27,0,10,12,15,55,54,44,53,57,56,50,39,61,41,149,102
1500000US270531100001,Block Group 1; Census Tract 1100; Hennepin County; Minnesota,241,63,7,12,9,13,0,10,0,10,0,10,6,9,24,38,0,10,0,10,0,10,16,19,92,50,31,27,0,10,39,27,17,20
1500000US270531100002,Block Group 2; Census Tract 1100; Hennepin County; Minnesota,302,125,0,10,48,43,0,10,0,10,0,10,0,10,0,10,5,8,0,10,0,10,8,13,29,24,26,27,25,22,135,118,26,33
1500000US270531101001,Block Group 1; Census Tract 1101; Hennepin County; Minnesota,612,180,13,15,11,19,17,19,15,22,0,10,0,10,55,53,21,24,13,19,20,22,14,18,85,54,51,44,63,41,97,67,137,151
1500000US270531101002,Block Group 2; Census Tract 1101; Hennepin County; Minnesota,395,103,0,10,0,10,0,10,0,10,0,10,0,10,16,24,63,54,7,11,12,18,33,31,56,45,69,46,20,24,48,43,71,65
1500000US270531101003,Block Group 3; Census Tract 1101; Hennepin County; Minnesota,371,93,40,44,0,10,0,10,0,10,28,32,59,61,0,10,9,15,20,22,0,10,48,45,45,36,56,41,7,11,34,28,25,22
1500000US270531102001,Block Group 1; Census Tract 1102; Hennepin County; Minnesota,579,91,0,10,0,10,11,16,45,36,29,35,29,26,10,16,35,31,16,24,19,21,56,57,140,75,30,31,67,47,54,38,38,29
1500000US270531102002,Block Group 2; Census Tract 1102; Hennepin County; Minnesota,297,71,9,17,0,10,24,26,0,10,0,10,0,10,0,10,20,23,0,10,9,13,42,34,56,56,15,17,49,34,30,24,43,26
1500000US270531102003,Block Group 3; Census Tract 1102; Hennepin County; Minnesota,355,80,0,10,0,10,19,21,0,10,0,10,0,10,0,10,0,10,0,10,28,25,52,48,52,44,60,44,18,20,60,53,66,36
1500000US270531102004,Block Group 4; Census Tract 1102; Hennepin County; Minnesota,428,124,0,10,0,10,0,10,16,19,39,60,0,10,0,10,0,10,28,31,19,23,0,10,87,78,70,44,74,68,58,38,37,31
1500000US270531104001,Block Group 1; Census Tract 1104; Hennepin County; Minnesota,892,270,99,88,16,23,0,10,22,23,43,50,59,90,37,39,15,24,0,10,13,23,29,34,74,57,45,41,106,55,245,245,89,52
1500000US270531104002,Block Group 2; Census Tract 1104; Hennepin County; Minnesota,852,145,0,10,14,22,56,59,38,34,66,64,21,27,0,10,27,33,0,10,64,53,97,71,165,79,51,52,80,69,86,38,87,53
1500000US270531105001,Block Group 1; Census Tract 1105; Hennepin County; Minnesota,312,135,0,10,0,10,0,10,0,10,0,10,12,19,0,10,0,10,0,10,0,10,25,38,42,60,38,43,81,99,21,34,93,58
1500000US270531105002,Block Group 2; Census Tract 1105; Hennepin County; Minnesota,471,118,0,10,15,25,0,10,0,10,14,22,18,27,23,38,65,50,0,10,0,10,18,29,17,28,42,49,93,70,87,46,79,68
1500000US270531105003,Block Group 3; Census Tract 1105; Hennepin County; Minnesota,1003,211,88,61,0,10,0,10,59,70,23,35,0,10,16,26,0,10,26,41,134,85,102,70,162,90,190,96,84,69,26,41,93,83
1500000US270531105004,Block Group 4; Census Tract 1105; Hennepin County; Minnesota,354,112,15,25,14,24,0,10,0,10,0,10,0,10,0,10,0,10,26,22,89,92,13,22,0,10,133,92,0,10,21,34,43,53
1500000US270531105005,Block Group 5; Census Tract 1105; Hennepin County; Minnesota,513,127,0,10,0,10,39,61,0,10,45,54,0,10,16,27,0,10,0,10,0,10,0,10,59,54,86,108,0,10,64,54,204,84
1500000US270531108001,Block Group 1; Census Tract 1108; Hennepin County; Minnesota,242,58,20,23,0,10,0,10,0,10,0,10,18,26,13,19,26,29,0,10,0,10,44,33,27,32,14,18,10,16,59,45,11,19
1500000US270531108002,Block Group 2; Census Tract 1108; Hennepin County; Minnesota,694,99,0,10,37,53,15,26,10,15,0,10,0,10,20,21,37,39,0,10,48,35,91,65,108,67,57,38,35,34,56,38,180,69
1500000US270531108003,Block Group 3; Census Tract 1108; Hennepin County; Minnesota,489,89,13,20,0,10,0,10,0,10,0,10,0,10,0,10,15,24,52,62,0,10,73,66,101,44,35,27,76,51,66,42,58,38
1500000US270531108004,Block Group 4; Census Tract 1108; Hennepin County; Minnesota,519,121,0,10,0,10,14,21,24,37,0,10,9,15,11,17,15,24,0,10,0,10,17,26,68,60,58,38,106,81,48,42,149,62
1500000US270531109001,Block Group 1; Census Tract 1109; Hennepin County; Minnesota,512,102,1,4,0,10,0,10,0,10,0,10,8,15,60,53,30,52,5,8,48,40,20,24,75,56,32,25,9,15,83,49,141,58
1500000US270531109002,Block Group 2; Census Tract 1109; Hennepin County; Minnesota,382,103,0,10,0,10,2,11,6,11,5,7,0,10,0,10,0,10,38,47,76,62,42,38,61,43,68,45,39,43,0,10,45,40
1500000US270531109003,Block Group 3; Census Tract 1109; Hennepin County; Minnesota,557,179,0,10,16,19,0,10,22,32,0,10,10,17,66,76,8,14,0,10,53,85,14,17,74,43,65,63,11,18,18,28,200,129
1500000US270531111001,Block Group 1; Census Tract 1111; Hennepin County; Minnesota,204,90,0,10,0,10,0,10,0,10,0,10,24,26,0,10,0,10,0,10,35,34,0,10,49,69,25,29,14,13,45,36,12,19
1500000US270531111002,Block Group 2; Census Tract 1111; Hennepin County; Minnesota,455,186,0,10,0,10,0,10,0,10,0,10,0,10,0,10,9,14,8,12,16,15,24,23,147,152,58,36,18,20,73,69,102,69
1500000US270531111003,Block Group 3; Census Tract 1111; Hennepin County; Minnesota,466,101,0,10,0,10,0,10,0,10,19,20,0,10,35,38,0,10,0,10,0,10,14,23,82,56,73,62,45,34,136,84,62,37
1500000US270531111004,Block Group 4; Census Tract 1111; Hennepin County; Minnesota,442,77,24,26,0,10,0,10,0,10,18,20,8,12,5,8,0,10,9,14,0,10,71,38,51,33,31,23,42,34,70,49,113,48
1500000US270531112001,Block Group 1; Census Tract 1112; Hennepin County; Minnesota,604,80,12,18,0,10,10,16,13,20,0,10,13,21,0,10,19,22,39,32,9,15,14,17,58,34,91,59,46,34,62,45,218,86
1500000US270531112002,Block Group 2; Census Tract 1112; Hennepin County; Minnesota,371,84,25,40,0,10,0,10,11,17,0,10,7,13,0,10,7,12,0,10,6,10,21,23,39,31,35,27,33,31,60,30,127,60
1500000US270531112003,Block Group 3; Census Tract 1112; Hennepin County; Minnesota,483,156,12,18,0,10,12,19,0,10,9,15,0,10,0,10,5,9,5,9,8,13,0,10,20,23,9,13,8,12,182,134,213,114
1500000US270531113001,Block Group 1; Census Tract 1113; Hennepin County; Minnesota,269,67,6,9,0,10,0,10,0,10,16,25,0,10,0,10,0,10,0,10,0,10,12,18,0,10,24,24,0,10,45,38,166,62
1500000US270531113002,Block Group 2; Census Tract 1113; Hennepin County; Minnesota,659,145,16,23,0,10,0,10,0,10,0,10,0,10,7,12,10,15,0,10,13,20,0,10,75,61,88,68,83,84,52,52,315,91
1500000US270531113003,Block Group 3; Census Tract 1113; Hennepin County; Minnesota,363,85,0,10,0,10,10,16,0,10,0,10,0,10,0,10,0,10,0,10,0,10,0,10,39,31,46,38,21,22,119,68,128,73
1500000US270531113004,Block Group 4; Census Tract 1113; Hennepin County; Minnesota,348,100,0,10,0,10,11,17,0,10,0,10,0,10,0,10,0,10,0,10,24,18,0,10,28,43,44,35,32,36,33,25,176,69
1500000US270531113005,Block Group 5; Census Tract 1113; Hennepin County; Minnesota,375,84,21,30,10,17,0,10,0,10,0,10,0,10,0,10,0,10,0,10,0,10,24,26,17,18,84,57,43,30,71,41,105,77
1500000US270531114001,Block Group 1; Census Tract 1114; Hennepin County; Minnesota,312,127,4,6,0,10,0,10,0,10,0,10,0,10,0,10,0,10,0,10,8,10,14,21,40,41,37,48,17,20,24,27,168,97
1500000US270531114002,Block Group 2; Census Tract 1114; Hennepin County; Minnesota,356,109,0,10,12,19,0,10,0,10,2,5,9,16,0,10,9,15,0,10,0,10,8,12,16,18,57,58,9,14,10,16,224,100
1500000US270531114003,Block Group 3; Census Tract 1114; Hennepin County; Minnesota,380,82,0,10,16,24,0,10,0,10,0,10,24,30,0,10,10,14,0,10,0,10,38,35,9,15,0,10,26,38,31,25,226,82
1500000US270531114004,Block Group 4; Census Tract 1114; Hennepin County; Minnesota,523,93,4,7,0,10,0,10,0,10,0,10,15,24,0,10,4,7,8,13,62,63,24,22,51,41,41,36,60,43,48,32,206,75
1500000US270531115001,Block Group 1; Census Tract 1115; Hennepin County; Minnesota,624,162,83,61,0,10,0,10,0,10,6,10,0,10,10,18,47,72,0,10,10,17,13,17,0,10,0,10,0,10,92,72,363,168
1500000US270531115002,Block Group 2; Census Tract 1115; Hennepin County; Minnesota,445,138,10,18,35,61,6,12,0,10,0,10,10,17,9,15,0,10,0,10,26,29,0,10,10,16,65,73,22,26,51,50,201,101
1500000US270531115003,Block Group 3; Census Tract 1115; Hennepin County; Minnesota,344,155,0,10,0,10,0,10,0,10,0,10,6,20,0,10,0,10,0,10,0,10,9,17,6,12,0,10,101,118,65,78,157,67
1500000US270531115004,Block Group 4; Census Tract 1115; Hennepin County; Minnesota,293,94,0,10,0,10,0,10,0,10,0,10,0,10,0,10,14,21,0,10,18,32,13,17,35,37,22,24,35,42,60,76,96,63
1500000US270531115005,Block Group 5; Census Tract 1115; Hennepin County; Minnesota,475,196,0,10,0,10,0,10,66,95,36,61,36,43,8,16,17,21,0,10,0,10,23,38,28,29,0,10,16,30,107,121,138,83
1500000US270531116001,Block Group 1; Census Tract 1116; Hennepin County; Minnesota,312,158,0,10,0,10,0,10,0,10,0,10,0,10,11,18,0,10,8,15,9,15,9,15,12,19,114,154,0,10,56,38,93,46
1500000US270531116002,Block Group 2; Census Tract 1116; Hennepin County; Minnesota,358,61,0,10,0,10,0,10,0,10,0,10,0,10,13,19,0,10,0,10,0,10,10,16,30,27,38,30,32,28,107,51,128,54
1500000US270531116003,Block Group 3; Census Tract 1116; Hennepin County; Minnesota,387,74,21,22,0,10,0,10,0,10,0,10,0,10,26,41,0,10,0,10,9,14,0,10,9,14,19,21,40,26,66,40,197,86
1500000US270531116004,Block Group 4; Census Tract 1116; Hennepin County; Minnesota,309,71,0,10,0,10,0,10,0,10,0,10,8,13,30,48,41,49,10,16,24,28,6,11,44,32,20,22,8,13,32,28,86,43
1500000US270531225001,Block Group 1; Census Tract 1225; Hennepin County; Minnesota,444,120,0,10,0,10,0,10,10,15,12,20,0,10,0,10,20,23,0,10,29,32,0,10,59,34,122,102,88,78,26,26,78,60
1500000US270531225002,Block Group 2; Census Tract 1225; Hennepin County; Minnesota,793,131,45,36,24,26,0,10,63,67,22,25,40,45,0,10,0,10,40,37,12,19,20,21,95,56,153,67,75,52,123,75,81,71
1500000US270531225003,Block Group 3; Census Tract 1225; Hennepin County; Minnesota,391,85,0,10,10,16,0,10,0,10,0,10,12,20,0,10,37,53,0,10,17,20,38,38,29,27,99,50,13,19,39,37,97,51
1500000US270531226001,Block Group 1; Census Tract 1226; Hennepin County; Minnesota,647,105,16,18,0,10,8,9,13,14,7,11,0,10,6,10,4,7,0,10,13,14,36,40,69,46,82,50,79,52,113,55,201,95
1500000US270531226002,Block Group 2; Census Tract 1226; Hennepin County; Minnesota,424,98,0,10,5,7,2,4,12,18,0,10,4,6,48,57,41,37,0,10,0,10,27,25,59,52,19,19,39,26,134,67,34,27
1500000US270531255001,Block Group 1; Census Tract 1255; Hennepin County; Minnesota,262,66,25,23,0,10,7,14,0,10,7,11,0,10,7,12,8,14,4,6,20,19,7,12,30,30,16,17,46,46,28,26,57,49
1500000US270531255002,Block Group 2; Census Tract 1255; Hennepin County; Minnesota,706,164,37,50,23,32,72,100,30,28,67,71,25,25,8,13,93,40,11,18,35,34,16,18,102,116,50,31,61,64,41,45,35,38
1500000US270531255003,Block Group 3; Census Tract 1255; Hennepin County; Minnesota,0,10,0,10,0,10,0,10,0,10,0,10,0,10,0,10,0,10,0,10,0,10,0,10,0,10,0,10,0,10,0,10,0,10
1500000US270531255004,Block Group 4; Census Tract 1255; Hennepin County; Minnesota,572,128,16,19,0,10,17,20,7,12,11,13,9,18,15,25,19,28,17,18,87,66,26,28,90,63,72,36,39,43,79,58,68,55
1500000US270531256001,Block Group 1; Census Tract 1256; Hennepin County; Minnesota,409,94,0,10,0,10,0,10,16,26,0,10,24,37,12,21,13,21,10,16,29,36,21,24,100,65,18,18,20,32,82,63,64,48
1500000US270531256002,Block Group 2; Census Tract 1256; Hennepin County; Minnesota,734,196,0,10,9,16,0,10,0,10,28,34,6,11,15,25,32,37,15,17,73,51,113,122,32,36,143,118,14,21,77,62,177,122
1500000US270531256003,Block Group 3; Census Tract 1256; Hennepin County; Minnesota,935,220,244,153,51,40,78,65,166,127,52,43,73,69,0,10,42,48,29,33,71,60,33,32,41,42,20,32,25,37,0,10,10,16
1500000US270531257001,Block Group 1; Census Tract 1257; Hennepin County; Minnesota,472,169,90,112,13,22,26,27,0,10,0,10,0,10,53,71,14,31,7,12,0,10,120,86,13,15,7,10,29,52,24,26,76,90
1500000US270531257002,Block Group 2; Census Tract 1257; Hennepin County; Minnesota,364,127,16,20,0,10,20,30,7,17,14,22,22,27,0,10,0,10,0,10,20,23,29,45,85,79,42,53,73,64,36,42,0,10
1500000US270531257003,Block Group 3; Census Tract 1257; Hennepin County; Minnesota,319,106,104,91,0,10,11,18,0,10,23,22,0,10,8,14,4,5,16,36,8,13,24,26,15,16,0,10,67,53,6,23,33,24
1500000US270531258001,Block Group 1; Census Tract 1258; Hennepin County; Minnesota,409,126,14,24,54,67,0,10,0,10,19,33,0,10,0,10,22,34,0,10,45,39,14,22,109,62,59,51,19,31,20,30,34,40
1500000US270531258002,Block Group 2; Census Tract 1258; Hennepin County; Minnesota,393,134,14,22,0,10,8,14,0,10,79,115,0,10,8,13,69,59,0,10,17,26,25,27,12,20,37,44,69,79,20,32,35,40
1500000US270531258003,Block Group 3; Census Tract 1258; Hennepin County; Minnesota,324,161,0,10,171,173,11,18,9,17,0,10,0,10,27,44,29,32,27,27,43,43,0,10,7,28,0,10,0,10,0,10,0,10
1500000US270531258004,Block Group 4; Census Tract 1258; Hennepin County; Minnesota,625,224,165,196,10,16,0,10,43,67,121,125,0,10,0,10,0,10,0,10,41,59,40,60,46,42,41,63,21,34,97,84,0,10
1500000US270531259001,Block Group 1; Census Tract 1259; Hennepin County; Minnesota,246,115,11,18,25,39,0,10,9,14,45,66,24,40,33,68,0,10,0,10,23,25,29,28,0,10,34,36,0,10,13,32,0,10
1500000US270531259002,Block Group 2; Census Tract 1259; Hennepin County; Minnesota,390,144,39,43,59,53,62,45,0,10,53,84,0,10,35,49,0,10,10,23,17,26,24,49,86,75,5,20,0,10,0,10,0,10
1500000US270531259003,Block Group 3; Census Tract 1259; Hennepin County; Minnesota,623,244,21,24,0,10,0,10,0,10,26,30,0,10,15,23,10,21,0,10,27,45,189,111,46,88,66,64,83,67,140,179,0,10
1500000US270531260001,Block Group 1; Census Tract 1260; Hennepin County; Minnesota,371,184,62,72,0,10,35,54,0,10,31,47,0,10,36,56,0,10,64,92,103,110,17,27,0,10,15,24,0,10,8,13,0,10
1500000US270531260002,Block Group 2; Census Tract 1260; Hennepin County; Minnesota,843,310,199,166,144,153,0,10,0,10,45,48,15,23,22,34,0,10,168,234,0,10,0,10,39,52,50,81,154,137,0,10,7,11
1500000US270531260003,Block Group 3; Census Tract 1260; Hennepin County; Minnesota,424,197,178,173,40,62,20,32,51,58,0,10,0,10,0,10,0,10,45,46,0,10,67,109,23,40,0,10,0,10,0,10,0,10
1500000US270531260004,Block Group 4; Census Tract 1260; Hennepin County; Minnesota,523,180,39,63,92,66,0,10,0,10,27,48,0,10,37,55,27,44,21,34,93,111,0,10,176,90,0,10,0,10,0,10,11,16
1500000US270531261011,Block Group 1; Census Tract 1261.01; Hennepin County; Minnesota,992,264,10,16,6,11,19,22,10,16,9,15,12,19,44,39,56,86,18,28,60,61,193,198,92,62,44,33,52,39,159,68,208,97
1500000US270531261012,Block Group 2; Census Tract 1261.01; Hennepin County; Minnesota,426,115,39,47,0,10,0,10,15,25,0,10,15,23,11,17,21,26,9,15,42,39,32,39,108,85,50,48,47,38,26,31,11,17
1500000US270531261013,Block Group 3; Census Tract 1261.01; Hennepin County; Minnesota,604,245,22,25,21,34,0,10,0,10,0,10,0,10,0,10,0,10,0,10,0,10,221,156,86,49,52,67,78,93,124,166,0,10
1500000US270531261021,Block Group 1; Census Tract 1261.02; Hennepin County; Minnesota,441,220,0,10,0,10,0,10,24,43,0,10,0,10,0,10,0,10,0,10,22,35,37,43,49,42,0,10,174,213,84,91,51,67
1500000US270531261022,Block Group 2; Census Tract 1261.02; Hennepin County; Minnesota,1003,311,39,61,19,30,60,101,0,10,0,10,90,95,0,10,0,10,0,10,32,52,187,195,184,158,138,177,74,91,58,71,122,110
1500000US270531261023,Block Group 3; Census Tract 1261.02; Hennepin County; Minnesota,1442,230,108,118,0,10,0,10,0,10,0,10,0,10,0,10,27,42,0,10,89,109,90,62,92,83,73,73,47,57,320,182,596,181
1500000US270531261024,Block Group 4; Census Tract 1261.02; Hennepin County; Minnesota,1146,296,20,34,0,10,42,67,0,10,0,10,0,10,0,10,0,10,0,10,121,197,86,68,166,112,214,144,271,205,46,51,180,120
1500000US270531261025,Block Group 5; Census Tract 1261.02; Hennepin County; Minnesota,272,146,22,36,22,35,35,57,13,23,18,31,0,10,63,101,0,10,16,26,0,10,0,10,61,63,0,10,22,36,0,10,0,10
1500000US270531262011,Block Group 1; Census Tract 1262.01; Hennepin County; Minnesota,93,69,0,10,14,23,15,25,0,10,0,10,17,28,0,10,0,10,0,10,25,41,0,10,0,10,22,34,0,10,0,10,0,10
1500000US270531262012,Block Group 2; Census Tract 1262.01; Hennepin County; Minnesota,847,299,0,10,14,23,32,36,31,36,0,10,0,10,19,31,58,92,18,30,83,89,173,220,88,137,90,71,20,33,33,39,188,96
1500000US270531262013,Block Group 3; Census Tract 1262.01; Hennepin County; Minnesota,759,194,0,10,15,24,0,10,0,10,0,10,0,10,34,39,0,10,0,10,0,10,95,67,58,81,114,96,131,109,85,62,227,139
1500000US270531262021,Block Group 1; Census Tract 1262.02; Hennepin County; Minnesota,587,129,0,10,0,10,0,10,0,10,0,10,0,10,0,10,0,10,0,10,0,10,51,36,25,39,21,34,119,79,127,78,244,105
1500000US270531262022,Block Group 2; Census Tract 1262.02; Hennepin County; Minnesota,661,332,0,10,0,10,0,10,0,10,0,10,0,10,0,10,0,10,0,10,22,35,0,10,97,95,98,80,283,330,38,44,123,74
1500000US270531262023,Block Group 3; Census Tract 1262.02; Hennepin County; Minnesota,1150,273,0,10,0,10,0,10,123,156,0,10,24,38,0,10,0,10,124,189,0,10,110,132,20,33,147,79,104,74,284,179,214,99
1500000US270531262024,Block Group 4; Census Tract 1262.02; Hennepin County; Minnesota,938,192,22,29,0,10,35,57,0,10,0,10,35,39,23,36,22,35,0,10,33,37,107,90,152,74,142,100,63,53,110,80,194,133
1500000US270531263001,Block Group 1; Census Tract 1263; Hennepin County; Minnesota,104,64,38,39,0,10,13,21,7,12,0,10,0,10,0,10,0,10,0,10,7,25,7,13,21,31,0,10,0,10,0,10,11,19
1500000US270531263002,Block Group 2; Census Tract 1263; Hennepin County; Minnesota,0,10,0,10,0,10,0,10,0,10,0,10,0,10,0,10,0,10,0,10,0,10,0,10,0,10,0,10,0,10,0,10,0,10
1500000US270531263003,Block Group 3; Census Tract 1263; Hennepin County; Minnesota,546,203,20,21,156,156,56,55,69,75,31,45,0,10,0,10,0,10,0,10,3,13,0,10,7,13,0,10,198,286,6,26,0,10
1500000US270531263004,Block Group 4; Census Tract 1263; Hennepin County; Minnesota,364,145,26,34,0,10,50,42,0,10,0,10,0,10,95,76,0,10,0,10,5,8,18,32,26,27,20,27,34,38,37,30,53,76
1500000US270539800001,Block Group 1; Census Tract 9800; Hennepin County; Minnesota,0,10,0,10,0,10,0,10,0,10,0,10,0,10,0,10,0,10,0,10,0,10,0,10,0,10,0,10,0,10,0,10,0,10
1500000US270539801001,Block Group 1; Census Tract 9801; Hennepin County; Minnesota,0,10,0,10,0,10,0,10,0,10,0,10,0,10,0,10,0,10,0,10,0,10,0,10,0,10,0,10,0,10,0,10,0,10
1500000US270539801002,Block Group 2; Census Tract 9801; Hennepin County; Minnesota,358,108,37,33,36,29,43,40,38,27,53,40,6,8,0,10,6,8,17,20,10,11,55,47,0,10,0,10,0,10,57,87,0,10
1500000US270550201001,Block Group 1; Census Tract 201; Houston County; Minnesota,887,157,67,67,21,32,72,56,15,23,0,10,0,10,18,30,0,10,36,40,0,10,120,68,189,118,97,101,78,63,36,41,138,67
1500000US270550201002,Block Group 2; Census Tract 201; Houston County; Minnesota,708,139,11,13,0,10,0,10,0,10,39,48,0,10,41,63,44,50,7,9,76,78,40,42,63,43,46,43,86,48,59,40,196,96
1500000US270550201003,Block Group 3; Census Tract 201; Houston County; Minnesota,973,156,25,34,63,58,15,24,41,42,20,24,53,64,38,56,27,33,19,31,18,30,230,104,146,79,82,50,61,61,57,51,78,58
1500000US270550202001,Block Group 1; Census Tract 202; Houston County; Minnesota,465,56,16,10,4,4,17,9,10,21,12,10,11,10,25,14,19,12,13,7,20,12,62,26,34,15,65,19,59,20,65,30,33,16
1500000US270550202002,Block Group 2; Census Tract 202; Houston County; Minnesota,370,51,6,6,14,14,5,5,0,10,8,6,3,5,25,23,4,4,23,12,61,34,44,16,49,20,31,15,31,14,32,15,34,13
1500000US270550202003,Block Group 3; Census Tract 202; Houston County; Minnesota,681,80,27,12,11,8,9,9,18,14,8,6,15,9,25,19,50,46,8,5,87,38,52,16,110,39,71,22,73,29,82,25,35,16
1500000US270550203001,Block Group 1; Census Tract 203; Houston County; Minnesota,517,56,18,9,7,6,21,14,4,4,21,12,4,4,13,12,5,4,22,16,17,9,75,30,83,23,43,16,92,34,38,13,54,24
1500000US270550203002,Block Group 2; Census Tract 203; Houston County; Minnesota,465,60,37,22,7,5,31,16,11,8,26,16,18,15,10,7,22,13,14,10,54,39,22,10,38,20,69,29,47,26,28,10,31,17
1500000US270550205001,Block Group 1; Census Tract 205; Houston County; Minnesota,885,105,39,38,80,72,9,15,17,17,4,5,92,50,57,50,10,13,22,21,0,10,108,63,90,42,97,48,70,47,109,65,81,53
1500000US270550205002,Block Group 2; Census Tract 205; Houston County; Minnesota,666,107,10,15,35,34,17,28,37,41,14,20,18,20,34,44,11,15,31,30,23,22,72,58,153,82,90,49,48,35,58,55,15,18
1500000US270550209001,Block Group 1; Census Tract 209; Houston County; Minnesota,451,47,14,10,18,13,39,19,19,12,21,15,7,6,23,11,12,6,28,16,21,12,40,13,52,24,72,24,28,14,32,12,25,14
1500000US270550209002,Block Group 2; Census Tract 209; Houston County; Minnesota,628,75,16,8,29,20,17,10,68,37,19,14,26,11,32,20,42,36,9,8,57,25,53,22,128,42,33,12,45,19,25,10,29,11
1500000US270550209003,Block Group 3; Census Tract 209; Houston County; Minnesota,438,49,8,7,14,11,8,5,16,15,22,14,16,10,8,5,22,19,18,11,30,13,25,13,64,17,83,21,40,16,37,16,27,13
1500000US270570701001,Block Group 1; Census Tract 701; Hubbard County; Minnesota,756,60,18,12,5,7,17,10,15,10,16,11,17,14,43,32,20,12,37,26,67,26,53,21,122,31,93,23,66,25,100,28,67,25
1500000US270570701002,Block Group 2; Census Tract 701; Hubbard County; Minnesota,443,55,6,5,28,26,13,13,10,9,5,5,6,8,12,7,9,5,24,16,45,28,65,22,39,15,61,16,24,15,64,25,32,18
1500000US270570701003,Block Group 3; Census Tract 701; Hubbard County; Minnesota,296,48,2,3,2,4,6,8,3,4,5,6,0,10,9,6,10,10,6,7,28,19,92,38,33,20,27,11,23,12,20,10,30,14
1500000US270570701004,Block Group 4; Census Tract 701; Hubbard County; Minnesota,360,48,7,6,6,6,2,3,6,7,23,18,20,19,2,4,8,8,2,3,29,15,35,21,67,20,47,19,45,15,35,15,26,26
1500000US270570702001,Block Group 1; Census Tract 702; Hubbard County; Minnesota,474,58,31,24,26,19,1,4,20,12,7,6,23,11,8,10,15,8,18,10,22,13,34,14,65,18,65,21,63,24,46,15,30,12
1500000US270570702002,Block Group 2; Census Tract 702; Hubbard County; Minnesota,597,72,17,10,5,4,13,9,4,4,10,8,10,9,29,27,14,9,16,12,43,20,60,24,85,25,101,46,24,12,88,30,78,19
1500000US270570703001,Block Group 1; Census Tract 703; Hubbard County; Minnesota,326,41,28,16,6,9,5,5,15,10,9,7,3,4,17,12,8,7,3,4,34,17,24,10,65,17,41,19,22,11,30,16,16,9
1500000US270570703002,Block Group 2; Census Tract 703; Hubbard County; Minnesota,549,59,19,11,34,26,10,9,7,8,22,11,7,5,2,3,18,8,16,8,37,20,83,27,108,37,76,28,38,15,50,20,22,11
1500000US270570704001,Block Group 1; Census Tract 704; Hubbard County; Minnesota,401,39,3,4,14,8,26,17,15,10,11,8,9,9,13,10,19,9,15,8,31,16,59,26,61,15,34,15,39,16,23,11,29,15
1500000US270570704002,Block Group 2; Census Tract 704; Hubbard County; Minnesota,473,58,10,6,14,13,7,6,30,19,16,9,33,22,21,12,16,10,31,23,24,13,53,22,71,35,60,24,39,15,26,13,22,11
1500000US270570704003,Block Group 3; Census Tract 704; Hubbard County; Minnesota,375,70,18,11,29,25,18,12,9,8,14,11,37,36,13,7,13,9,4,5,62,29,16,9,53,23,34,15,20,10,22,13,13,8
1500000US270570705001,Block Group 1; Census Tract 705; Hubbard County; Minnesota,548,56,19,11,28,15,26,17,15,13,23,11,22,12,14,9,19,10,18,11,38,21,24,11,100,30,60,21,52,20,53,18,37,17
1500000US270570705002,Block Group 2; Census Tract 705; Hubbard County; Minnesota,561,68,44,27,9,9,13,11,26,12,10,8,4,5,27,15,8,8,17,18,46,19,45,17,138,41,49,23,54,22,30,17,41,16
1500000US270570706001,Block Group 1; Census Tract 706; Hubbard County; Minnesota,736,125,86,50,48,57,0,10,33,46,39,37,22,24,35,35,13,19,14,23,93,66,207,106,59,41,55,35,3,7,29,27,0,10
1500000US270570706002,Block Group 2; Census Tract 706; Hubbard County; Minnesota,344,98,0,10,36,33,21,24,0,10,32,38,41,51,22,26,46,43,0,10,0,10,9,15,0,10,26,39,45,39,25,32,41,40
1500000US270570706003,Block Group 3; Census Tract 706; Hubbard County; Minnesota,793,166,144,85,89,81,31,34,136,123,13,21,12,12,23,28,68,47,23,25,33,28,65,45,49,43,15,24,32,30,37,37,23,33
1500000US270570707001,Block Group 1; Census Tract 707; Hubbard County; Minnesota,470,56,23,17,6,6,17,9,11,8,5,6,17,10,35,20,13,8,27,15,26,16,32,13,81,20,66,24,35,17,46,22,30,11
1500000US270570707002,Block Group 2; Census Tract 707; Hubbard County; Minnesota,462,48,23,15,8,9,19,18,6,6,7,6,21,13,25,19,22,13,21,10,24,15,30,13,44,18,62,20,47,27,67,26,36,13
1500000US270591301001,Block Group 1; Census Tract 1301; Isanti County; Minnesota,389,54,2,3,2,3,8,6,10,7,11,9,2,3,13,9,20,16,6,5,20,13,45,25,56,23,56,25,29,16,64,25,45,27
1500000US270591301002,Block Group 2; Census Tract 1301; Isanti County; Minnesota,362,72,10,12,5,5,20,14,26,22,7,6,11,7,4,4,9,11,14,12,43,40,50,29,33,16,40,18,19,11,45,21,26,13
1500000US270591301003,Block Group 3; Census Tract 1301; Isanti County; Minnesota,278,41,6,6,3,4,10,13,3,4,3,4,0,10,9,7,6,6,14,11,8,9,24,17,18,11,35,18,61,28,42,20,36,14
1500000US270591301004,Block Group 4; Census Tract 1301; Isanti County; Minnesota,330,53,2,3,3,5,7,6,2,3,11,9,20,17,20,18,6,7,12,9,8,11,30,12,35,15,31,16,39,24,78,41,26,13
1500000US270591302001,Block Group 1; Census Tract 1302; Isanti County; Minnesota,750,83,31,21,36,31,24,13,80,41,20,14,33,18,21,13,19,14,32,17,82,36,87,34,94,39,87,28,47,27,47,23,10,8
1500000US270591302002,Block Group 2; Census Tract 1302; Isanti County; Minnesota,592,102,32,24,0,10,13,12,18,11,32,33,10,13,11,11,24,34,16,12,33,23,44,18,103,39,49,25,71,35,72,28,64,44
1500000US270591303021,Block Group 1; Census Tract 1303.02; Isanti County; Minnesota,615,101,23,19,0,10,11,18,67,60,6,10,23,19,9,13,21,15,24,23,13,13,35,23,99,45,99,50,91,72,21,16,73,38
1500000US270591303022,Block Group 2; Census Tract 1303.02; Isanti County; Minnesota,689,135,12,19,25,27,39,32,52,33,23,24,44,38,141,107,24,26,35,30,5,8,81,72,69,36,80,61,10,17,38,31,11,17
1500000US270591303031,Block Group 1; Census Tract 1303.03; Isanti County; Minnesota,1277,178,22,29,16,25,5,9,11,14,22,28,65,49,44,57,62,48,37,45,38,31,95,67,275,116,193,77,144,100,86,55,162,75
1500000US270591303032,Block Group 2; Census Tract 1303.03; Isanti County; Minnesota,1084,152,57,49,43,50,48,46,53,38,0,10,43,39,68,57,16,24,71,47,80,86,51,40,96,69,165,78,44,31,83,43,166,81
1500000US270591303041,Block Group 1; Census Tract 1303.04; Isanti County; Minnesota,822,157,41,43,61,43,55,77,34,50,60,66,18,26,38,34,78,69,7,13,78,72,30,35,151,87,85,72,76,66,0,10,10,17
1500000US270591303042,Block Group 2; Census Tract 1303.04; Isanti County; Minnesota,1046,142,84,62,19,29,10,17,0,10,60,65,40,46,26,32,28,30,31,29,77,45,153,88,89,54,202,97,102,61,111,78,14,24
1500000US270591304001,Block Group 1; Census Tract 1304; Isanti County; Minnesota,440,59,12,20,0,10,0,10,3,5,4,6,11,13,0,10,24,19,0,10,54,22,53,24,107,54,49,27,38,22,57,35,28,16
1500000US270591304002,Block Group 2; Census Tract 1304; Isanti County; Minnesota,400,67,6,6,7,11,4,6,17,14,8,8,5,7,18,11,7,7,4,5,18,11,34,21,34,15,82,55,42,24,64,34,50,22
1500000US270591304003,Block Group 3; Census Tract 1304; Isanti County; Minnesota,675,87,7,7,5,5,4,4,23,18,0,10,14,11,11,8,16,12,28,17,41,22,64,26,81,31,112,39,64,28,107,40,98,42
1500000US270591305011,Block Group 1; Census Tract 1305.01; Isanti County; Minnesota,634,128,18,15,8,12,3,4,3,5,5,8,6,7,0,10,30,33,34,34,86,95,77,63,67,39,90,68,48,31,97,41,62,36
1500000US270591305012,Block Group 2; Census Tract 1305.01; Isanti County; Minnesota,540,107,10,8,20,26,9,10,15,12,5,8,6,7,8,11,10,11,11,12,62,44,71,43,47,23,43,22,45,26,138,82,40,30
1500000US270591305013,Block Group 3; Census Tract 1305.01; Isanti County; Minnesota,887,123,71,71,15,17,0,10,0,10,40,36,6,9,34,30,4,7,24,18,121,77,47,26,157,86,138,84,102,52,70,50,58,32
1500000US270591305021,Block Group 1; Census Tract 1305.02; Isanti County; Minnesota,999,183,51,70,0,10,64,79,0,10,18,30,15,26,0,10,44,40,11,17,104,85,157,81,137,80,159,107,59,48,160,96,20,35
1500000US270591305022,Block Group 2; Census Tract 1305.02; Isanti County; Minnesota,880,202,11,18,29,35,55,82,13,21,12,21,0,10,28,42,24,39,16,26,66,59,116,70,125,91,121,100,114,77,53,53,97,80
1500000US270591305023,Block Group 3; Census Tract 1305.02; Isanti County; Minnesota,1085,205,11,18,0,10,15,25,16,29,19,28,29,34,14,22,33,38,110,109,53,60,121,71,169,105,120,76,220,159,132,80,23,27
1500000US270591306001,Block Group 1; Census Tract 1306; Isanti County; Minnesota,467,72,5,7,7,10,10,8,11,11,0,10,15,12,55,61,7,7,21,26,13,12,40,19,43,27,47,22,61,31,55,29,77,51
1500000US270591306002,Block Group 2; Census Tract 1306; Isanti County; Minnesota,452,62,17,19,16,13,10,10,15,15,11,13,0,10,14,15,20,19,5,7,19,11,12,10,109,51,57,25,51,26,52,20,44,18
1500000US270591306003,Block Group 3; Census Tract 1306; Isanti County; Minnesota,600,75,7,7,3,4,7,13,3,6,19,14,15,11,0,10,10,8,8,8,11,10,52,24,104,44,127,45,80,46,88,27,66,34
1500000US270614801011,Block Group 1; Census Tract 4801.01; Itasca County; Minnesota,405,41,28,12,23,15,16,12,40,17,43,16,17,8,5,4,28,14,5,4,25,11,37,16,49,18,30,18,14,7,22,12,23,13
1500000US270614801021,Block Group 1; Census Tract 4801.02; Itasca County; Minnesota,327,34,6,5,12,10,9,6,17,14,11,7,15,11,17,11,22,9,18,10,18,10,55,16,28,10,36,12,23,8,25,15,15,10
1500000US270614801022,Block Group 2; Census Tract 4801.02; Itasca County; Minnesota,303,55,17,11,14,11,8,8,4,5,27,24,11,9,10,5,9,7,11,6,28,13,44,36,46,14,34,15,12,6,19,9,9,5
1500000US270614803011,Block Group 1; Census Tract 4803.01; Itasca County; Minnesota,307,96,17,25,0,10,4,6,0,10,28,22,11,18,12,14,10,16,37,46,3,6,33,22,18,24,33,24,49,67,15,19,37,26
1500000US270614803012,Block Group 2; Census Tract 4803.01; Itasca County; Minnesota,285,53,8,12,14,18,11,12,0,10,6,8,0,10,13,10,8,10,0,10,68,41,31,18,30,21,35,22,18,16,40,29,3,6
1500000US270614803021,Block Group 1; Census Tract 4803.02; Itasca County; Minnesota,303,53,21,14,5,5,4,5,13,10,4,6,4,4,52,34,15,17,2,3,21,13,29,14,53,16,31,16,24,15,15,12,10,10
1500000US270614803022,Block Group 2; Census Tract 4803.02; Itasca County; Minnesota,439,71,18,10,18,15,19,16,23,15,22,21,54,28,44,28,10,11,17,11,25,15,34,17,60,37,29,19,19,11,36,29,11,11
1500000US270614803031,Block Group 1; Census Tract 4803.03; Itasca County; Minnesota,268,78,36,28,0,10,0,10,8,12,8,12,0,10,2,3,20,22,6,10,8,12,5,6,40,26,27,23,65,44,36,26,7,9
1500000US270614803032,Block Group 2; Census Tract 4803.03; Itasca County; Minnesota,127,82,0,10,18,28,8,12,0,10,0,10,61,73,0,10,0,10,0,10,0,10,7,10,11,12,17,15,0,10,5,9,0,10
1500000US270614804011,Block Group 1; Census Tract 4804.01; Itasca County; Minnesota,156,32,4,5,6,6,7,6,5,8,29,23,5,5,3,4,6,8,4,7,5,6,29,17,21,13,13,8,5,4,7,7,7,6
1500000US270614804012,Block Group 2; Census Tract 4804.01; Itasca County; Minnesota,200,43,4,6,6,9,11,11,7,6,5,5,2,4,17,13,0,10,26,24,18,13,19,16,32,18,11,10,10,11,21,13,11,8
1500000US270614804013,Block Group 3; Census Tract 4804.01; Itasca County; Minnesota,175,35,6,8,6,9,8,12,12,11,0,10,8,10,2,3,0,10,10,12,21,16,16,14,32,24,6,9,7,9,28,15,13,13
1500000US270614804021,Block Group 1; Census Tract 4804.02; Itasca County; Minnesota,357,94,5,5,13,22,0,10,0,10,28,26,9,9,10,9,6,9,9,8,18,12,92,87,28,17,66,26,52,27,16,11,5,5
1500000US270614804022,Block Group 2; Census Tract 4804.02; Itasca County; Minnesota,296,62,20,11,18,12,10,8,8,6,4,4,5,5,0,10,16,16,10,8,42,46,19,11,53,22,31,16,12,9,29,13,19,11
1500000US270614804031,Block Group 1; Census Tract 4804.03; Itasca County; Minnesota,410,65,11,9,4,4,15,10,2,3,6,5,6,6,5,5,15,10,16,8,38,18,51,33,71,20,44,13,32,11,64,48,30,13
1500000US270614805001,Block Group 1; Census Tract 4805; Itasca County; Minnesota,267,53,30,19,16,19,0,10,2,3,19,17,7,11,26,34,5,7,8,11,37,31,14,14,32,19,21,15,6,6,33,28,11,14
1500000US270614805002,Block Group 2; Census Tract 4805; Itasca County; Minnesota,345,53,25,18,24,24,14,11,16,13,7,9,26,22,16,12,14,10,16,17,7,8,24,16,66,28,25,18,34,20,20,17,11,8
1500000US270614805003,Block Group 3; Census Tract 4805; Itasca County; Minnesota,456,81,10,8,27,22,18,18,22,18,44,36,53,33,23,15,4,5,5,6,51,46,42,25,41,35,39,17,39,23,38,27,0,10
1500000US270614806001,Block Group 1; Census Tract 4806; Itasca County; Minnesota,190,36,3,4,0,10,3,5,3,4,4,5,7,6,3,4,0,10,17,14,25,21,31,18,21,9,20,14,39,24,5,7,9,11
1500000US270614806002,Block Group 2; Census Tract 4806; Itasca County; Minnesota,256,62,4,7,6,6,12,12,3,4,5,4,14,9,10,9,11,9,20,29,23,13,46,16,35,24,35,34,7,5,17,8,8,6
1500000US270614806003,Block Group 3; Census Tract 4806; Itasca County; Minnesota,370,56,6,4,22,14,13,11,20,13,6,8,17,14,13,10,10,6,20,16,45,27,26,14,72,32,34,17,30,14,18,9,18,9
1500000US270614806004,Block Group 4; Census Tract 4806; Itasca County; Minnesota,319,47,20,9,8,5,19,14,12,13,9,10,13,14,11,9,6,5,13,8,12,8,52,25,36,14,21,9,49,21,21,12,17,11
1500000US270614807011,Block Group 1; Census Tract 4807.01; Itasca County; Minnesota,320,67,67,75,7,6,3,4,9,10,7,6,9,8,18,11,38,46,6,5,27,13,30,19,24,15,19,9,11,8,16,16,29,15
1500000US270614807012,Block Group 2; Census Tract 4807.01; Itasca County; Minnesota,255,72,15,20,5,7,0,10,0,10,5,7,49,59,19,20,5,7,17,15,6,9,10,10,45,36,41,33,5,8,16,15,17,16
1500000US270614807021,Block Group 1; Census Tract 4807.02; Itasca County; Minnesota,419,97,12,17,0,10,55,64,13,19,11,16,10,17,3,6,34,50,11,13,48,34,28,26,30,27,35,30,33,29,42,38,54,42
1500000US270614807022,Block Group 2; Census Tract 4807.02; Itasca County; Minnesota,568,93,24,17,7,13,10,11,7,10,11,11,5,8,18,16,35,42,11,12,30,19,35,25,107,72,87,37,25,21,51,30,105,53
1500000US270614807023,Block Group 3; Census Tract 4807.02; Itasca County; Minnesota,465,111,70,84,0,10,5,8,6,9,5,7,6,8,31,21,21,20,16,19,29,19,16,14,51,29,34,23,31,18,45,37,99,47
1500000US270614808011,Block Group 1; Census Tract 4808.01; Itasca County; Minnesota,468,85,0,10,3,5,15,20,6,11,7,9,11,11,25,20,31,27,13,14,77,38,25,17,50,31,55,28,70,64,50,23,30,26
1500000US270614808012,Block Group 2; Census Tract 4808.01; Itasca County; Minnesota,616,89,22,19,4,7,9,12,14,15,8,12,0,10,0,10,17,17,21,24,42,35,144,73,30,23,67,45,66,35,75,35,97,46
1500000US270614808031,Block Group 1; Census Tract 4808.03; Itasca County; Minnesota,685,80,66,37,2,4,0,10,0,10,22,23,48,40,90,82,14,15,29,26,77,46,108,61,79,46,21,19,94,59,35,29,0,10
1500000US270614808041,Block Group 1; Census Tract 4808.04; Itasca County; Minnesota,958,98,73,54,31,22,47,48,84,67,49,50,19,18,63,41,20,18,17,27,24,19,63,38,161,75,88,52,66,29,74,50,79,47
1500000US270614808051,Block Group 1; Census Tract 4808.05; Itasca County; Minnesota,430,99,6,10,11,18,0,10,9,13,0,10,0,10,48,54,36,44,9,13,79,57,39,32,78,45,25,29,42,44,16,25,32,39
1500000US270614808052,Block Group 2; Census Tract 4808.05; Itasca County; Minnesota,744,167,71,44,112,77,30,34,126,87,0,10,29,32,45,41,29,40,13,21,75,70,96,95,87,67,9,16,22,37,0,10,0,10
1500000US270614809011,Block Group 1; Census Tract 4809.01; Itasca County; Minnesota,720,99,57,58,4,10,0,10,37,33,6,10,21,23,30,39,44,38,8,13,90,56,99,62,88,59,70,46,89,51,25,28,52,38
1500000US270614809021,Block Group 1; Census Tract 4809.02; Itasca County; Minnesota,427,77,3,5,6,6,12,9,20,14,10,9,15,10,3,4,21,23,20,16,27,22,69,32,106,40,29,29,18,12,34,20,34,23
1500000US270614809022,Block Group 2; Census Tract 4809.02; Itasca County; Minnesota,733,144,9,10,21,31,2,4,23,35,0,10,47,44,14,20,22,32,7,10,18,27,73,63,259,129,110,60,51,66,71,53,6,9
1500000US270614809023,Block Group 3; Census Tract 4809.02; Itasca County; Minnesota,396,73,16,14,20,31,27,28,22,33,18,17,5,7,34,39,3,6,29,31,60,44,29,18,39,19,41,23,13,8,23,16,17,10
1500000US270614809024,Block Group 4; Census Tract 4809.02; Itasca County; Minnesota,435,127,17,24,0,10,86,74,0,10,49,45,19,32,0,10,0,10,17,22,24,34,0,10,90,66,18,25,53,73,62,53,0,10
1500000US270614810011,Block Group 1; Census Tract 4810.01; Itasca County; Minnesota,784,83,55,27,13,17,48,40,3,6,8,9,96,74,13,9,15,11,24,14,80,34,80,31,118,35,58,24,25,13,87,34,61,29
1500000US270614810021,Block Group 1; Census Tract 4810.02; Itasca County; Minnesota,650,85,18,12,32,25,33,25,7,6,34,20,11,7,51,25,20,15,31,27,57,25,54,23,107,40,39,17,59,41,66,55,31,19
1500000US270614810022,Block Group 2; Census Tract 4810.02; Itasca County; Minnesota,418,82,19,21,0,10,15,17,32,23,3,4,4,7,26,22,1,2,24,20,33,25,79,37,92,39,35,30,11,14,32,25,12,11
1500000US270614810023,Block Group 3; Census Tract 4810.02; Itasca County; Minnesota,206,49,15,20,13,10,10,16,14,12,10,9,3,5,3,4,4,5,8,8,31,28,26,15,10,8,18,11,28,18,7,6,6,6
1500000US270614810024,Block Group 4; Census Tract 4810.02; Itasca County; Minnesota,365,68,20,12,3,4,9,15,13,16,9,9,13,11,2,3,14,13,0,10,10,8,42,23,23,12,36,17,68,43,50,25,53,26
1500000US270619400001,Block Group 1; Census Tract 9400; Itasca County; Minnesota,249,50,16,9,15,8,11,7,20,14,9,7,8,8,10,6,10,11,7,6,17,9,13,11,37,13,29,21,11,6,9,6,27,12
1500000US270619400002,Block Group 2; Census Tract 9400; Itasca County; Minnesota,669,65,14,10,15,12,44,23,51,30,14,7,15,8,22,14,22,15,17,9,63,24,119,37,88,20,54,19,54,30,59,42,18,9
1500000US270634801001,Block Group 1; Census Tract 4801; Jackson County; Minnesota,285,43,6,5,17,13,8,5,7,6,9,7,6,6,12,6,8,6,0,10,20,8,21,8,34,11,35,24,58,26,4,4,40,17
1500000US270634801002,Block Group 2; Census Tract 4801; Jackson County; Minnesota,653,51,20,13,12,11,14,8,7,5,12,7,32,16,7,7,31,14,20,7,61,22,62,20,100,21,70,16,52,15,61,13,92,26
1500000US270634802001,Block Group 1; Census Tract 4802; Jackson County; Minnesota,262,38,6,6,2,3,3,3,3,4,9,7,5,5,16,13,1,2,2,3,16,8,30,15,25,9,57,29,29,12,29,14,29,10
1500000US270634802002,Block Group 2; Census Tract 4802; Jackson County; Minnesota,201,36,1,3,0,10,6,6,2,3,9,5,2,3,17,11,10,8,8,5,16,18,25,11,33,18,17,8,15,11,24,12,16,9
1500000US270634802003,Block Group 3; Census Tract 4802; Jackson County; Minnesota,413,56,27,14,12,9,15,7,13,8,10,7,25,10,19,19,7,5,25,16,49,25,28,14,64,33,43,18,32,14,31,17,13,10
1500000US270634803001,Block Group 1; Census Tract 4803; Jackson County; Minnesota,282,49,3,4,3,4,15,8,3,4,1,2,2,2,8,9,10,9,15,14,28,23,33,18,68,30,21,12,12,11,31,17,29,17
1500000US270634803002,Block Group 2; Census Tract 4803; Jackson County; Minnesota,252,46,19,14,18,10,4,5,0,10,6,6,7,8,8,7,9,12,9,12,20,12,20,12,51,21,36,18,14,9,18,12,13,13
1500000US270634803003,Block Group 3; Census Tract 4803; Jackson County; Minnesota,435,55,10,9,26,15,48,40,18,13,20,11,27,20,12,8,0,10,4,6,18,12,54,20,114,33,28,13,20,12,30,17,6,6
1500000US270634804001,Block Group 1; Census Tract 4804; Jackson County; Minnesota,344,86,0,10,53,50,27,36,0,10,36,33,8,14,42,35,14,19,30,33,47,31,0,10,13,16,18,26,14,23,1,2,41,29
1500000US270634804002,Block Group 2; Census Tract 4804; Jackson County; Minnesota,449,99,0,10,17,26,27,25,35,33,0,10,0,10,60,46,21,25,0,10,42,39,76,47,91,52,49,37,10,15,14,21,7,12
1500000US270634804003,Block Group 3; Census Tract 4804; Jackson County; Minnesota,465,91,33,45,11,19,12,20,28,25,48,51,13,19,0,10,9,14,9,15,28,26,20,21,113,57,90,52,32,35,19,22,0,10
1500000US270634804004,Block Group 4; Census Tract 4804; Jackson County; Minnesota,346,73,12,17,0,10,9,15,0,10,12,21,0,10,0,10,37,39,11,17,0,10,46,36,23,19,81,46,30,24,28,25,57,39
1500000US270654801001,Block Group 1; Census Tract 4801; Kanabec County; Minnesota,415,50,21,11,23,16,13,10,15,12,3,4,7,5,28,18,12,9,18,10,50,21,35,18,32,12,51,20,40,15,44,17,23,12
1500000US270654801002,Block Group 2; Census Tract 4801; Kanabec County; Minnesota,402,59,6,6,8,6,6,5,8,6,13,10,32,34,26,19,17,13,20,18,48,24,35,19,53,12,57,24,25,14,27,13,21,10
1500000US270654801003,Block Group 3; Census Tract 4801; Kanabec County; Minnesota,289,50,29,14,12,16,12,11,9,5,7,5,3,4,33,16,3,4,18,11,28,18,43,24,40,15,18,12,8,8,21,15,5,4
1500000US270654801004,Block Group 4; Census Tract 4801; Kanabec County; Minnesota,325,47,12,8,2,3,14,6,4,6,13,11,10,9,19,17,7,5,10,9,33,16,47,18,51,21,16,8,33,17,40,22,14,7
1500000US270654802001,Block Group 1; Census Tract 4802; Kanabec County; Minnesota,734,72,20,10,9,7,8,6,15,9,15,9,47,39,27,18,12,12,35,16,41,15,91,29,87,23,104,32,41,15,129,47,53,24
1500000US270654802002,Block Group 2; Census Tract 4802; Kanabec County; Minnesota,341,47,9,7,10,6,26,12,14,10,11,6,8,6,16,18,23,17,11,11,19,11,36,22,31,14,64,26,42,18,9,6,12,9
1500000US270654802003,Block Group 3; Census Tract 4802; Kanabec County; Minnesota,445,55,5,7,8,5,10,8,15,9,10,6,13,7,24,18,5,5,8,10,26,15,35,12,94,37,58,25,29,12,66,29,39,20
1500000US270654803001,Block Group 1; Census Tract 4803; Kanabec County; Minnesota,502,106,74,59,12,18,22,22,27,26,24,22,30,22,15,21,26,30,3,6,45,37,22,20,108,61,32,24,6,7,43,23,13,13
1500000US270654803002,Block Group 2; Census Tract 4803; Kanabec County; Minnesota,330,88,22,22,22,31,6,11,0,10,0,10,0,10,25,25,0,10,9,15,80,81,77,53,16,18,9,13,32,49,13,19,19,28
1500000US270654803003,Block Group 3; Census Tract 4803; Kanabec County; Minnesota,359,92,18,22,12,20,0,10,17,19,59,48,30,34,3,4,31,24,0,10,0,10,24,24,95,56,0,10,39,36,31,37,0,10
1500000US270654803004,Block Group 4; Census Tract 4803; Kanabec County; Minnesota,574,94,9,15,41,29,57,52,45,43,39,39,34,31,17,19,62,49,17,26,83,64,18,23,76,62,32,41,20,27,3,6,21,23
1500000US270654804001,Block Group 1; Census Tract 4804; Kanabec County; Minnesota,518,72,5,6,19,11,38,24,20,14,16,12,14,11,5,5,13,9,28,35,34,19,56,22,60,27,109,43,28,17,44,17,29,16
1500000US270654804002,Block Group 2; Census Tract 4804; Kanabec County; Minnesota,474,57,17,10,13,12,7,7,13,19,3,4,3,5,6,9,11,7,32,23,17,10,38,18,112,34,41,18,73,32,61,27,27,15
1500000US270654804003,Block Group 3; Census Tract 4804; Kanabec County; Minnesota,451,55,15,15,6,6,24,17,8,8,20,14,9,7,11,8,22,17,3,4,16,10,63,28,69,29,33,20,35,17,87,42,30,16
1500000US270654804004,Block Group 4; Census Tract 4804; Kanabec County; Minnesota,405,52,15,9,10,7,10,8,14,14,5,6,30,33,23,23,8,7,6,6,23,13,49,19,20,10,66,23,56,25,45,23,25,18
1500000US270677709001,Block Group 1; Census Tract 7709; Kandiyohi County; Minnesota,450,98,19,22,8,13,45,65,0,10,8,12,3,5,0,10,0,10,0,10,29,35,69,56,25,31,151,87,49,52,44,39,0,10
1500000US270677709002,Block Group 2; Census Tract 7709; Kandiyohi County; Minnesota,475,152,0,10,16,27,11,17,79,101,0,10,10,17,0,10,36,44,41,50,50,45,195,113,9,14,13,22,7,11,0,10,8,13
1500000US270677709003,Block Group 3; Census Tract 7709; Kandiyohi County; Minnesota,313,92,0,10,0,10,8,12,8,15,17,18,84,65,0,10,12,22,34,41,24,36,21,34,8,12,25,30,0,10,72,69,0,10
1500000US270677801001,Block Group 1; Census Tract 7801; Kandiyohi County; Minnesota,504,69,21,17,23,19,6,4,20,12,13,11,5,5,12,8,8,6,9,8,27,12,42,15,91,35,75,41,54,16,69,21,29,12
1500000US270677801002,Block Group 2; Census Tract 7801; Kandiyohi County; Minnesota,264,40,25,15,2,3,3,4,8,8,11,7,3,5,2,3,7,5,8,11,17,10,17,8,31,17,11,7,43,17,43,17,33,14
1500000US270677801003,Block Group 3; Census Tract 7801; Kandiyohi County; Minnesota,279,55,26,16,0,10,4,10,2,3,5,5,11,7,13,10,11,6,4,4,11,7,30,14,68,34,36,20,9,10,33,17,16,10
1500000US270677802001,Block Group 1; Census Tract 7802; Kandiyohi County; Minnesota,375,66,8,6,33,35,8,8,9,8,16,9,18,15,9,7,10,7,10,7,15,10,34,14,59,26,43,19,21,12,41,17,41,18
1500000US270677802002,Block Group 2; Census Tract 7802; Kandiyohi County; Minnesota,357,47,8,7,1,2,7,5,0,10,6,6,18,19,8,7,9,7,9,7,44,19,63,26,65,20,34,13,19,10,35,19,31,16
1500000US270677802003,Block Group 3; Census Tract 7802; Kandiyohi County; Minnesota,300,42,6,5,0,10,4,4,0,10,5,5,11,12,12,9,0,10,0,10,14,10,33,13,37,21,41,19,29,14,36,15,72,22
1500000US270677803001,Block Group 1; Census Tract 7803; Kandiyohi County; Minnesota,445,91,0,10,8,13,0,10,0,10,33,42,14,20,0,10,16,24,21,23,37,43,16,20,97,53,69,62,46,33,42,46,46,31
1500000US270677803002,Block Group 2; Census Tract 7803; Kandiyohi County; Minnesota,1264,124,18,21,7,7,3,5,47,25,12,10,25,21,39,24,49,37,45,34,71,41,141,61,164,60,210,80,152,51,132,55,149,65
1500000US270677804001,Block Group 1; Census Tract 7804; Kandiyohi County; Minnesota,372,68,18,18,8,11,6,9,14,12,1,3,11,9,21,17,21,18,10,19,21,16,30,14,67,21,27,13,50,20,40,15,27,21
1500000US270677804002,Block Group 2; Census Tract 7804; Kandiyohi County; Minnesota,371,50,11,10,0,10,0,10,13,16,2,3,26,15,3,4,3,4,5,7,26,18,31,19,49,26,44,18,43,20,72,26,43,15
1500000US270677804003,Block Group 3; Census Tract 7804; Kandiyohi County; Minnesota,851,97,48,42,30,23,19,16,20,13,17,11,11,10,19,13,37,34,52,31,35,22,75,55,107,40,59,23,105,42,104,40,113,43
1500000US270677805001,Block Group 1; Census Tract 7805; Kandiyohi County; Minnesota,590,134,31,35,41,68,9,13,48,41,0,10,0,10,13,19,0,10,9,15,106,84,98,82,121,79,11,14,11,18,74,44,18,22
1500000US270677805002,Block Group 2; Census Tract 7805; Kandiyohi County; Minnesota,1100,191,36,37,7,11,27,30,30,24,46,65,226,172,32,38,12,15,21,24,14,15,107,72,252,151,130,66,63,60,30,29,67,79
1500000US270677805003,Block Group 3; Census Tract 7805; Kandiyohi County; Minnesota,356,112,23,29,0,10,6,9,24,45,20,28,42,42,17,21,14,24,9,14,46,36,65,56,22,26,0,10,4,6,56,50,8,13
1500000US270677806001,Block Group 1; Census Tract 7806; Kandiyohi County; Minnesota,454,80,6,8,2,6,10,12,14,15,11,16,0,10,2,4,21,20,14,18,41,44,38,23,56,26,63,27,50,36,85,40,41,29
1500000US270677806002,Block Group 2; Census Tract 7806; Kandiyohi County; Minnesota,411,62,20,19,2,3,17,19,2,3,10,7,9,7,11,11,13,8,20,16,36,23,30,26,71,30,53,23,39,18,36,13,42,26
1500000US270677806003,Block Group 3; Census Tract 7806; Kandiyohi County; Minnesota,922,108,7,9,8,11,50,30,10,9,21,18,3,5,22,16,30,26,27,31,8,8,35,14,102,30,91,32,153,58,187,56,168,73
1500000US270677807001,Block Group 1; Census Tract 7807; Kandiyohi County; Minnesota,293,107,51,39,9,14,0,10,0,10,8,14,43,61,27,32,1,8,19,36,0,10,17,31,62,49,37,48,16,20,0,10,3,5
1500000US270677807002,Block Group 2; Census Tract 7807; Kandiyohi County; Minnesota,868,143,16,19,16,19,61,59,20,18,21,24,21,25,7,12,28,29,72,56,26,32,102,71,203,89,144,82,53,40,66,37,12,16
1500000US270677807003,Block Group 3; Census Tract 7807; Kandiyohi County; Minnesota,331,95,0,10,31,47,0,10,7,12,11,20,8,14,49,60,14,16,0,10,18,23,33,46,48,42,16,20,12,15,51,41,33,25
1500000US270677808001,Block Group 1; Census Tract 7808; Kandiyohi County; Minnesota,244,112,18,17,0,10,32,44,17,24,19,16,0,10,4,7,0,10,0,10,0,10,102,92,26,27,8,13,18,23,0,10,0,10
1500000US270677808002,Block Group 2; Census Tract 7808; Kandiyohi County; Minnesota,723,167,94,78,12,23,16,28,19,20,101,88,39,34,14,21,48,40,0,10,144,94,36,31,86,80,77,59,8,13,14,18,15,23
1500000US270677810001,Block Group 1; Census Tract 7810; Kandiyohi County; Minnesota,307,151,22,38,0,10,13,31,0,10,21,40,74,87,0,10,13,23,0,10,77,83,19,45,19,32,49,71,0,10,0,10,0,10
1500000US270677810002,Block Group 2; Census Tract 7810; Kandiyohi County; Minnesota,1149,274,67,93,68,77,106,101,17,30,51,65,109,99,40,60,0,10,0,10,117,135,66,78,121,92,105,91,149,168,123,113,10,21
1500000US270677810003,Block Group 3; Census Tract 7810; Kandiyohi County; Minnesota,928,227,0,10,0,10,14,22,0,10,12,22,43,51,15,25,201,142,129,110,10,17,140,117,211,133,11,21,73,86,0,10,69,75
1500000US270677811001,Block Group 1; Census Tract 7811; Kandiyohi County; Minnesota,315,58,8,6,4,4,1,2,4,4,14,12,3,4,1,2,7,7,19,11,34,18,38,15,71,48,26,14,40,17,27,10,18,12
1500000US270677811002,Block Group 2; Census Tract 7811; Kandiyohi County; Minnesota,311,46,10,10,14,11,11,9,19,9,9,4,2,3,2,3,16,9,1,2,15,9,38,20,45,17,48,18,33,29,17,9,31,13
1500000US270677811003,Block Group 3; Census Tract 7811; Kandiyohi County; Minnesota,458,64,13,12,16,15,14,9,24,15,0,10,7,6,41,41,10,6,26,20,39,18,41,20,91,29,46,16,49,21,31,14,10,7
1500000US270677812001,Block Group 1; Census Tract 7812; Kandiyohi County; Minnesota,376,55,0,10,15,16,8,11,2,2,7,7,4,3,2,2,23,13,13,8,18,7,56,20,34,16,73,45,45,17,45,16,31,11
1500000US270677812002,Block Group 2; Census Tract 7812; Kandiyohi County; Minnesota,422,53,10,10,15,9,11,7,16,14,10,9,12,7,17,8,30,21,9,7,47,35,55,21,73,23,51,19,19,9,32,14,15,10
1500000US270677812003,Block Group 3; Census Tract 7812; Kandiyohi County; Minnesota,425,62,4,7,2,4,1,3,10,8,14,8,6,8,10,6,12,12,8,9,29,14,63,35,101,29,74,21,46,13,16,11,29,12
1500000US270690901001,Block Group 1; Census Tract 901; Kittson County; Minnesota,519,66,13,13,13,10,10,8,12,8,8,5,44,23,20,10,22,12,20,15,44,28,34,15,84,23,72,22,48,17,30,13,45,26
1500000US270690901002,Block Group 2; Census Tract 901; Kittson County; Minnesota,229,41,8,6,15,14,3,4,8,12,8,5,6,10,19,18,10,9,12,9,13,7,39,22,14,9,29,15,22,13,18,8,5,8
1500000US270690901003,Block Group 3; Census Tract 901; Kittson County; Minnesota,225,38,4,4,3,3,7,7,2,3,3,4,4,4,28,17,6,4,13,9,29,15,23,14,20,10,33,15,15,7,25,12,10,8
1500000US270690902001,Block Group 1; Census Tract 902; Kittson County; Minnesota,315,61,29,34,15,10,7,8,4,4,15,12,2,6,10,9,7,6,21,13,38,20,26,16,22,16,52,24,26,25,19,11,22,15
1500000US270690902002,Block Group 2; Census Tract 902; Kittson County; Minnesota,486,70,7,6,5,7,28,26,17,11,10,8,12,8,48,32,13,12,24,16,18,11,17,13,75,30,78,23,30,14,42,18,62,24
1500000US270717901001,Block Group 1; Census Tract 7901; Koochiching County; Minnesota,500,91,28,29,11,13,16,19,36,25,10,13,47,42,22,20,43,28,8,12,20,22,26,19,39,26,57,60,36,31,55,64,46,50
1500000US270717901002,Block Group 2; Census Tract 7901; Koochiching County; Minnesota,546,112,12,22,20,23,4,7,14,14,36,37,54,42,8,13,5,8,14,16,76,64,49,41,150,76,21,18,28,23,29,34,26,25
1500000US270717902011,Block Group 1; Census Tract 7902.01; Koochiching County; Minnesota,800,117,24,25,28,35,61,54,0,10,19,22,44,38,0,10,45,42,24,34,91,60,73,46,20,24,69,40,119,66,137,99,46,42
1500000US270717902012,Block Group 2; Census Tract 7902.01; Koochiching County; Minnesota,299,95,20,23,61,48,0,10,9,16,29,36,0,10,44,36,8,13,0,10,16,29,53,61,22,36,17,21,0,10,10,16,10,17
1500000US270717902021,Block Group 1; Census Tract 7902.02; Koochiching County; Minnesota,208,85,0,10,54,57,0,10,0,10,0,10,15,24,29,46,10,16,0,10,26,21,36,35,17,26,21,25,0,10,0,10,0,10
1500000US270717902022,Block Group 2; Census Tract 7902.02; Koochiching County; Minnesota,591,142,47,39,44,33,23,37,28,26,46,40,25,30,2,6,3,4,13,16,78,88,44,54,44,28,70,40,67,56,41,33,16,19
1500000US270717902023,Block Group 3; Census Tract 7902.02; Koochiching County; Minnesota,312,84,11,16,19,28,10,16,0,10,0,10,14,19,24,33,9,15,0,10,33,25,85,73,55,36,12,24,0,10,0,10,40,41
1500000US270717902024,Block Group 4; Census Tract 7902.02; Koochiching County; Minnesota,282,108,0,10,0,10,19,28,27,39,0,10,0,10,0,10,0,10,8,12,54,54,35,37,89,79,0,10,12,19,14,21,24,31
1500000US270717903001,Block Group 1; Census Tract 7903; Koochiching County; Minnesota,476,118,22,22,0,10,0,10,0,10,9,14,11,17,9,14,76,57,0,10,72,68,22,22,59,31,30,22,42,41,57,46,67,46
1500000US270717903002,Block Group 2; Census Tract 7903; Koochiching County; Minnesota,530,107,14,14,14,11,22,20,8,9,6,10,48,41,37,27,15,16,34,24,33,29,73,47,75,39,76,38,20,15,35,25,20,17
1500000US270717903003,Block Group 3; Census Tract 7903; Koochiching County; Minnesota,359,83,40,56,11,16,0,10,8,12,0,10,0,10,7,10,0,10,0,10,62,40,31,30,66,41,67,43,21,23,25,22,21,17
1500000US270717905001,Block Group 1; Census Tract 7905; Koochiching County; Minnesota,239,49,3,4,0,10,3,4,0,10,6,5,38,23,11,13,19,16,0,10,20,15,40,24,9,9,33,20,10,10,32,24,15,17
1500000US270717905002,Block Group 2; Census Tract 7905; Koochiching County; Minnesota,298,78,24,19,0,10,7,8,3,4,0,10,2,4,20,24,18,17,12,14,13,16,37,26,58,47,28,24,18,14,21,17,37,41
1500000US270717905003,Block Group 3; Census Tract 7905; Koochiching County; Minnesota,432,68,21,13,9,8,22,15,37,20,20,14,16,17,18,12,35,23,26,16,5,7,62,30,53,25,60,37,21,17,9,9,18,16
1500000US270731801001,Block Group 1; Census Tract 1801; Lac qui Parle County; Minnesota,251,39,5,6,2,3,4,4,1,3,13,12,1,5,6,6,19,13,23,14,27,14,33,15,20,14,43,16,13,7,27,17,14,8
1500000US270731801002,Block Group 2; Census Tract 1801; Lac qui Parle County; Minnesota,505,50,18,16,17,10,55,22,22,12,30,15,23,16,16,12,4,6,29,19,42,23,21,11,85,21,61,21,22,15,30,15,30,16
1500000US270731801003,Block Group 3; Census Tract 1801; Lac qui Parle County; Minnesota,272,55,3,4,8,7,8,8,36,40,7,7,12,8,11,10,18,15,2,3,8,6,43,22,57,32,22,12,5,5,15,12,17,12
1500000US270731802001,Block Group 1; Census Tract 1802; Lac qui Parle County; Minnesota,455,57,18,10,15,10,16,7,9,6,15,10,33,13,11,6,15,16,19,12,22,11,50,23,88,26,42,17,26,13,30,14,46,15
1500000US270731802002,Block Group 2; Census Tract 1802; Lac qui Parle County; Minnesota,259,34,10,6,13,5,4,4,2,2,3,4,18,15,16,18,20,11,8,8,8,5,22,9,35,22,25,10,29,16,22,12,24,9
1500000US270731803001,Block Group 1; Census Tract 1803; Lac qui Parle County; Minnesota,637,73,45,22,17,12,14,9,35,31,11,8,21,13,30,18,16,9,12,8,80,34,74,39,99,32,68,20,38,16,55,25,22,18
1500000US270731803002,Block Group 2; Census Tract 1803; Lac qui Parle County; Minnesota,545,69,25,13,5,5,16,15,11,8,14,11,12,7,18,12,3,3,21,16,48,18,30,11,78,27,49,21,68,33,49,17,98,27
1500000US270753701011,Block Group 1; Census Tract 3701.01; Lake County; Minnesota,370,63,13,9,3,4,7,6,8,7,15,9,16,11,4,6,3,4,17,12,28,14,26,14,59,20,28,12,57,30,49,22,37,17
1500000US270753701012,Block Group 2; Census Tract 3701.01; Lake County; Minnesota,592,73,53,45,15,15,10,10,10,7,5,6,24,21,20,12,17,15,25,16,27,15,75,25,93,33,70,27,57,24,48,26,43,27
1500000US270753701021,Block Group 1; Census Tract 3701.02; Lake County; Minnesota,434,84,14,23,11,15,21,24,9,17,9,15,0,10,31,37,18,19,0,10,42,37,82,60,40,33,10,15,73,70,44,48,30,35
1500000US270753701022,Block Group 2; Census Tract 3701.02; Lake County; Minnesota,466,129,14,21,9,15,0,10,39,34,0,10,0,10,0,10,0,10,0,10,28,23,31,24,67,47,107,71,83,63,55,39,33,32
1500000US270753701023,Block Group 3; Census Tract 3701.02; Lake County; Minnesota,281,76,3,5,0,10,10,10,8,7,0,10,9,10,10,9,4,6,3,4,18,11,21,13,102,63,28,16,27,20,14,13,24,16
1500000US270753703001,Block Group 1; Census Tract 3703; Lake County; Minnesota,426,77,26,22,14,14,8,14,23,19,12,17,9,8,18,15,4,7,58,51,13,13,34,17,48,25,75,28,41,41,21,19,22,18
1500000US270753703002,Block Group 2; Census Tract 3703; Lake County; Minnesota,363,73,23,21,7,9,3,4,26,18,11,14,26,27,17,16,0,10,31,19,12,9,25,17,52,28,31,22,44,31,41,36,14,13
1500000US270753703003,Block Group 3; Census Tract 3703; Lake County; Minnesota,354,82,42,35,6,9,8,9,41,34,4,6,5,7,20,15,5,8,26,23,22,19,32,23,48,39,17,16,25,18,53,44,0,10
1500000US270753704001,Block Group 1; Census Tract 3704; Lake County; Minnesota,656,102,54,49,32,24,7,12,19,22,30,30,6,10,6,10,0,10,36,30,22,24,130,59,128,58,70,36,38,37,43,33,35,26
1500000US270753704002,Block Group 2; Census Tract 3704; Lake County; Minnesota,343,101,32,28,29,41,9,15,54,55,18,20,8,14,12,18,14,16,0,10,6,9,78,62,42,40,0,10,16,21,25,22,0,10
1500000US270753704003,Block Group 3; Census Tract 3704; Lake County; Minnesota,429,116,0,10,9,14,19,23,83,64,29,25,13,20,0,10,0,10,15,19,17,20,68,67,61,39,35,33,33,31,47,59,0,10
1500000US270753704004,Block Group 4; Census Tract 3704; Lake County; Minnesota,228,73,0,10,0,10,8,13,10,15,0,10,11,17,0,10,39,53,0,10,39,41,17,21,10,11,29,29,45,38,20,22,0,10
1500000US270759901000,Block Group 0; Census Tract 9901; Lake County; Minnesota,0,10,0,10,0,10,0,10,0,10,0,10,0,10,0,10,0,10,0,10,0,10,0,10,0,10,0,10,0,10,0,10,0,10
1500000US270774603001,Block Group 1; Census Tract 4603; Lake of the Woods County; Minnesota,820,123,27,18,4,7,45,36,41,25,0,10,34,22,26,28,44,30,32,25,79,53,119,59,57,31,69,33,90,48,38,30,115,75
1500000US270774604011,Block Group 1; Census Tract 4604.01; Lake of the Woods County; Minnesota,375,95,7,9,9,12,5,8,40,51,10,10,12,14,16,18,0,10,0,10,28,18,20,15,36,30,76,47,26,21,36,28,54,38
1500000US270774604012,Block Group 2; Census Tract 4604.01; Lake of the Woods County; Minnesota,207,67,8,13,26,33,2,3,2,6,3,5,0,10,16,23,0,10,0,10,10,9,5,10,60,36,42,22,28,34,0,10,5,9
1500000US270774604021,Block Group 1; Census Tract 4604.02; Lake of the Woods County; Minnesota,219,61,5,8,0,10,6,9,27,28,0,10,0,10,20,27,18,27,0,10,17,15,4,7,63,38,32,24,0,10,0,10,27,30
1500000US270774604022,Block Group 2; Census Tract 4604.02; Lake of the Woods County; Minnesota,196,74,0,10,4,9,4,7,7,12,11,13,69,62,0,10,15,17,0,10,0,10,17,19,39,34,12,14,0,10,7,10,11,15
1500000US270799501011,Block Group 1; Census Tract 9501.01; Le Sueur County; Minnesota,761,131,22,25,18,28,0,10,43,48,0,10,21,30,44,65,41,50,11,18,91,72,25,28,117,63,25,30,28,27,95,66,180,83
1500000US270799501012,Block Group 2; Census Tract 9501.01; Le Sueur County; Minnesota,588,97,0,10,0,10,0,10,6,11,0,10,0,10,30,35,3,5,19,23,47,39,5,8,68,44,71,53,85,65,86,48,168,87
1500000US270799501021,Block Group 1; Census Tract 9501.02; Le Sueur County; Minnesota,695,59,14,9,0,10,34,23,0,10,3,4,15,18,17,11,12,11,13,13,54,30,44,25,77,30,104,28,60,19,170,38,78,24
1500000US270799501022,Block Group 2; Census Tract 9501.02; Le Sueur County; Minnesota,444,77,7,7,0,10,0,10,5,4,3,5,25,14,5,4,2,3,12,8,11,7,26,14,71,46,85,34,56,26,61,31,75,32
1500000US270799501023,Block Group 3; Census Tract 9501.02; Le Sueur County; Minnesota,371,52,6,6,2,3,4,4,5,5,7,8,18,16,17,10,2,3,15,8,26,12,16,8,55,31,44,15,59,18,48,14,47,21
1500000US270799502001,Block Group 1; Census Tract 9502; Le Sueur County; Minnesota,344,99,22,18,51,64,21,30,30,30,31,47,0,10,0,10,2,4,22,24,36,33,11,14,18,18,13,11,29,32,39,30,19,22
1500000US270799502002,Block Group 2; Census Tract 9502; Le Sueur County; Minnesota,608,127,99,76,22,22,8,12,0,10,0,10,9,14,0,10,0,10,51,49,46,32,76,54,92,54,19,20,47,41,100,51,39,31
1500000US270799502003,Block Group 3; Census Tract 9502; Le Sueur County; Minnesota,543,107,8,13,50,59,25,28,14,22,33,36,0,10,25,30,0,10,41,41,27,28,49,39,80,38,108,64,83,68,0,10,0,10
1500000US270799502004,Block Group 4; Census Tract 9502; Le Sueur County; Minnesota,514,102,17,22,16,21,2,3,0,10,2,3,1,2,10,13,13,12,35,48,24,24,21,18,56,35,164,89,32,24,87,45,34,25
1500000US270799503001,Block Group 1; Census Tract 9503; Le Sueur County; Minnesota,558,73,22,13,8,9,9,9,21,12,28,22,9,8,13,9,4,5,11,9,24,11,86,33,73,28,64,24,53,21,59,27,74,34
1500000US270799503002,Block Group 2; Census Tract 9503; Le Sueur County; Minnesota,698,110,15,21,0,10,36,30,19,26,10,12,73,72,11,13,22,21,42,35,34,36,63,46,100,46,71,41,75,66,77,61,50,40
1500000US270799503003,Block Group 3; Census Tract 9503; Le Sueur County; Minnesota,776,117,3,5,0,10,22,22,25,23,43,39,51,61,30,25,2,3,82,47,55,34,36,30,176,72,129,70,34,33,57,22,31,29
1500000US270799504001,Block Group 1; Census Tract 9504; Le Sueur County; Minnesota,440,50,4,4,0,10,9,6,5,5,6,5,9,7,19,17,18,12,22,19,31,18,49,19,63,23,64,22,58,21,53,18,30,13
1500000US270799504002,Block Group 2; Census Tract 9504; Le Sueur County; Minnesota,540,77,15,11,14,14,2,3,16,12,23,18,0,10,12,9,35,24,27,21,31,15,36,19,113,61,48,24,60,35,58,28,50,23
1500000US270799504003,Block Group 3; Census Tract 9504; Le Sueur County; Minnesota,279,65,9,11,2,3,0,10,4,4,5,5,7,7,16,14,4,5,4,5,3,4,18,11,30,14,75,47,36,17,40,22,26,16
1500000US270799504004,Block Group 4; Census Tract 9504; Le Sueur County; Minnesota,359,66,39,31,7,6,8,7,13,9,26,12,7,7,12,10,30,18,32,25,15,10,69,28,27,16,31,30,28,22,13,8,2,3
1500000US270799505001,Block Group 1; Census Tract 9505; Le Sueur County; Minnesota,507,72,32,34,0,10,35,24,24,22,9,9,5,6,11,10,9,9,6,6,42,29,42,39,92,36,57,43,19,15,105,47,19,14
1500000US270799505002,Block Group 2; Census Tract 9505; Le Sueur County; Minnesota,428,82,13,11,16,15,8,9,9,12,1,3,4,6,28,23,47,42,10,10,47,40,87,45,43,23,35,22,10,9,57,39,13,10
1500000US270799505003,Block Group 3; Census Tract 9505; Le Sueur County; Minnesota,637,57,17,9,5,6,12,10,11,8,8,7,13,8,10,7,20,15,10,8,19,10,29,13,113,33,94,38,85,36,99,24,92,26
1500000US270799506001,Block Group 1; Census Tract 9506; Le Sueur County; Minnesota,377,53,7,5,7,6,5,4,14,18,18,10,5,5,27,25,15,18,10,7,35,16,48,20,36,14,51,19,30,12,45,17,24,13
1500000US270799506002,Block Group 2; Census Tract 9506; Le Sueur County; Minnesota,315,53,3,4,4,5,4,5,13,11,3,4,6,6,2,3,8,7,3,5,22,18,8,6,32,16,66,31,22,10,42,23,77,36
1500000US270799506003,Block Group 3; Census Tract 9506; Le Sueur County; Minnesota,373,76,13,9,12,11,11,7,16,13,6,5,4,6,6,5,18,11,11,6,6,5,103,71,35,14,47,21,26,12,43,18,16,9
1500000US270799506004,Block Group 4; Census Tract 9506; Le Sueur County; Minnesota,495,60,8,6,0,10,10,9,9,7,11,14,9,6,14,16,17,9,27,25,30,13,34,18,27,12,57,19,62,37,65,25,115,26
1500000US270812010011,Block Group 1; Census Tract 2010.01; Lincoln County; Minnesota,317,42,12,9,8,10,11,9,2,3,7,10,9,5,2,3,4,4,11,6,14,9,42,17,49,17,50,19,26,14,47,26,23,10
1500000US270812010012,Block Group 2; Census Tract 2010.01; Lincoln County; Minnesota,483,55,30,14,25,10,15,9,39,26,28,10,20,16,24,15,12,9,21,12,38,20,74,30,54,21,33,9,26,14,26,13,18,14
1500000US270812010013,Block Group 3; Census Tract 2010.01; Lincoln County; Minnesota,531,61,27,14,19,9,26,12,26,14,29,14,22,19,17,9,12,7,21,12,53,25,34,17,111,38,26,12,29,10,45,19,34,12
1500000US270812010021,Block Group 1; Census Tract 2010.02; Lincoln County; Minnesota,546,54,38,19,61,27,11,13,22,15,18,8,35,18,6,7,22,17,16,8,29,9,45,19,59,22,59,27,51,20,42,22,32,13
1500000US270812010022,Block Group 2; Census Tract 2010.02; Lincoln County; Minnesota,568,52,31,16,9,7,10,8,24,15,15,9,17,14,26,16,9,7,30,18,60,20,54,20,65,20,76,23,32,16,52,16,58,19
1500000US270833601001,Block Group 1; Census Tract 3601; Lyon County; Minnesota,260,55,3,3,5,5,0,10,11,10,0,10,5,5,6,6,4,8,4,4,15,10,20,12,38,11,32,17,23,11,66,45,28,13
1500000US270833601002,Block Group 2; Census Tract 3601; Lyon County; Minnesota,330,64,34,21,4,5,14,8,1,4,1,4,18,25,3,4,44,32,3,3,9,6,34,16,35,17,65,33,32,16,6,6,27,19
1500000US270833601003,Block Group 3; Census Tract 3601; Lyon County; Minnesota,348,63,5,6,11,11,13,9,10,7,5,4,38,29,26,19,25,20,7,5,21,12,20,12,48,18,60,51,15,8,16,10,28,16
1500000US270833601004,Block Group 4; Census Tract 3601; Lyon County; Minnesota,466,62,55,42,12,7,0,10,7,6,15,9,7,12,19,11,10,8,4,4,27,13,20,11,57,23,77,19,62,34,45,22,49,18
1500000US270833602001,Block Group 1; Census Tract 3602; Lyon County; Minnesota,377,37,15,10,6,4,2,4,15,12,14,19,2,2,8,5,7,8,18,11,23,11,18,10,62,16,60,18,55,14,46,15,26,9
1500000US270833602002,Block Group 2; Census Tract 3602; Lyon County; Minnesota,473,50,5,4,7,6,1,2,3,3,6,4,12,15,2,3,7,7,14,10,34,14,53,18,94,28,70,15,43,13,49,15,73,21
1500000US270833602003,Block Group 3; Census Tract 3602; Lyon County; Minnesota,286,42,4,3,8,11,0,10,5,4,12,10,8,6,5,4,7,5,14,11,13,8,28,21,36,15,46,16,33,12,33,10,34,14
1500000US270833603001,Block Group 1; Census Tract 3603; Lyon County; Minnesota,779,144,76,85,67,63,19,28,37,46,26,39,27,40,22,33,24,37,19,29,27,44,67,65,231,112,61,59,0,10,47,47,29,38
1500000US270833603002,Block Group 2; Census Tract 3603; Lyon County; Minnesota,824,174,54,63,16,25,34,54,0,10,0,10,17,28,0,10,0,10,0,10,91,85,61,57,104,81,32,41,87,70,139,96,189,84
1500000US270833603003,Block Group 3; Census Tract 3603; Lyon County; Minnesota,418,114,14,25,0,10,0,10,34,60,24,37,0,10,46,47,0,10,28,42,121,81,15,24,27,42,33,41,30,37,17,26,29,44
1500000US270833603004,Block Group 4; Census Tract 3603; Lyon County; Minnesota,202,78,16,18,0,10,15,24,0,10,16,28,22,35,28,47,0,10,0,10,0,10,37,42,24,37,44,41,0,10,0,10,0,10
1500000US270833604001,Block Group 1; Census Tract 3604; Lyon County; Minnesota,553,132,10,15,15,24,45,59,49,70,12,18,0,10,23,18,0,10,38,37,55,36,61,43,90,57,0,10,66,47,50,39,39,32
1500000US270833604002,Block Group 2; Census Tract 3604; Lyon County; Minnesota,641,132,39,53,54,43,25,28,18,31,0,10,13,16,4,7,39,40,27,28,76,51,10,16,90,62,105,73,35,31,65,48,41,29
1500000US270833604003,Block Group 3; Census Tract 3604; Lyon County; Minnesota,666,118,41,51,104,61,15,17,28,44,0,10,9,14,46,47,0,10,0,10,65,42,46,39,49,37,54,42,47,36,62,42,100,55
1500000US270833605001,Block Group 1; Census Tract 3605; Lyon County; Minnesota,464,126,72,75,0,10,0,10,14,17,26,38,89,67,0,10,23,26,0,10,19,22,25,24,93,77,48,33,39,28,0,10,16,25
1500000US270833605002,Block Group 2; Census Tract 3605; Lyon County; Minnesota,489,146,36,32,26,27,100,90,0,10,11,18,25,27,25,29,21,37,14,23,0,10,48,47,47,48,72,66,34,31,30,27,0,10
1500000US270833605003,Block Group 3; Census Tract 3605; Lyon County; Minnesota,649,144,75,68,11,17,0,10,41,48,17,20,26,22,11,17,49,45,65,74,67,72,58,40,47,32,106,78,14,17,35,50,27,24
1500000US270833606001,Block Group 1; Census Tract 3606; Lyon County; Minnesota,276,47,0,10,1,3,3,4,3,3,7,10,2,3,4,4,9,7,12,9,24,13,29,16,30,13,30,14,63,39,30,9,29,13
1500000US270833606002,Block Group 2; Census Tract 3606; Lyon County; Minnesota,285,48,5,4,0,10,9,8,4,3,9,8,31,31,7,6,16,11,7,4,20,8,42,13,43,14,20,11,23,10,29,19,20,10
1500000US270833606003,Block Group 3; Census Tract 3606; Lyon County; Minnesota,277,41,8,5,3,4,6,9,26,19,6,6,10,13,11,9,16,12,15,9,12,10,24,10,32,11,33,14,32,15,16,7,27,8
1500000US270833606004,Block Group 4; Census Tract 3606; Lyon County; Minnesota,287,40,18,14,10,9,10,5,8,9,8,11,27,14,8,4,12,6,17,13,36,10,32,16,40,13,22,15,14,7,14,8,11,8
1500000US270833607001,Block Group 1; Census Tract 3607; Lyon County; Minnesota,139,35,11,11,0,10,11,10,0,10,3,5,16,14,13,16,2,5,15,17,18,15,6,8,2,3,40,22,0,10,0,10,2,3
1500000US270833607002,Block Group 2; Census Tract 3607; Lyon County; Minnesota,366,90,32,32,4,6,23,16,27,29,21,19,6,8,15,14,10,18,12,12,17,19,35,26,105,74,17,14,10,15,32,30,0,10
1500000US270833607003,Block Group 3; Census Tract 3607; Lyon County; Minnesota,253,66,8,14,0,10,9,12,7,9,29,36,19,25,0,10,20,13,2,4,3,4,20,14,79,42,5,7,16,15,15,13,21,26
1500000US270859501001,Block Group 1; Census Tract 9501; McLeod County; Minnesota,881,171,20,26,48,55,109,111,33,33,47,37,22,17,24,21,21,15,48,33,40,24,58,36,161,67,105,35,37,19,60,25,48,22
1500000US270859501002,Block Group 2; Census Tract 9501; McLeod County; Minnesota,558,60,10,9,17,14,3,4,5,5,14,9,5,6,31,24,14,12,5,4,30,14,48,24,91,31,91,28,75,27,65,23,54,19
1500000US270859501003,Block Group 3; Census Tract 9501; McLeod County; Minnesota,401,93,4,5,13,8,3,4,13,8,7,6,3,4,14,12,13,10,32,20,32,18,69,59,41,21,88,58,32,16,22,14,15,12
1500000US270859501004,Block Group 4; Census Tract 9501; McLeod County; Minnesota,311,59,6,6,1,3,4,5,2,3,1,3,5,5,35,29,6,6,11,8,9,7,32,16,31,15,36,17,40,23,53,21,39,25
1500000US270859502001,Block Group 1; Census Tract 9502; McLeod County; Minnesota,575,88,12,8,23,23,12,8,12,13,17,14,7,6,8,7,15,9,17,11,15,9,44,20,68,23,84,25,54,21,125,65,62,22
1500000US270859502002,Block Group 2; Census Tract 9502; McLeod County; Minnesota,458,77,30,41,2,3,15,14,11,11,21,18,4,7,1,2,13,9,38,29,22,17,41,18,40,20,66,42,48,20,54,36,52,26
1500000US270859502003,Block Group 3; Census Tract 9502; McLeod County; Minnesota,479,56,5,5,18,16,0,10,21,20,4,4,6,5,2,4,4,4,12,7,66,31,16,20,60,27,92,39,55,29,61,27,57,23
1500000US270859503011,Block Group 1; Census Tract 9503.01; McLeod County; Minnesota,480,96,22,32,29,31,21,32,0,10,39,36,35,32,72,57,0,10,43,33,43,33,19,28,85,57,20,22,11,17,41,33,0,10
1500000US270859503012,Block Group 2; Census Tract 9503.01; McLeod County; Minnesota,1168,150,11,17,23,22,68,44,105,93,40,32,21,23,61,52,30,25,59,44,84,60,112,81,228,79,150,84,65,58,68,43,43,41
1500000US270859503021,Block Group 1; Census Tract 9503.02; McLeod County; Minnesota,594,133,75,65,0,10,0,10,0,10,23,29,23,25,0,10,0,10,11,18,19,23,63,43,56,43,123,67,83,60,97,57,21,19
1500000US270859503022,Block Group 2; Census Tract 9503.02; McLeod County; Minnesota,391,95,82,77,27,28,15,25,0,10,9,16,0,10,0,10,0,10,43,38,0,10,96,54,42,32,11,16,8,14,19,27,39,37
1500000US270859503023,Block Group 3; Census Tract 9503.02; McLeod County; Minnesota,313,102,21,26,54,50,0,10,0,10,24,32,0,10,0,10,28,45,16,23,12,19,69,48,9,15,51,48,0,10,0,10,29,34
1500000US270859504011,Block Group 1; Census Tract 9504.01; McLeod County; Minnesota,378,153,0,10,0,10,12,19,0,10,0,10,0,10,26,39,0,10,17,28,0,10,17,26,168,125,86,77,15,25,15,24,22,27
1500000US270859504012,Block Group 2; Census Tract 9504.01; McLeod County; Minnesota,820,173,0,10,99,111,0,10,0,10,0,10,37,33,0,10,0,10,85,85,32,38,58,47,98,62,118,74,136,101,59,50,98,82
1500000US270859504013,Block Group 3; Census Tract 9504.01; McLeod County; Minnesota,697,145,61,58,16,24,0,10,59,50,17,27,0,10,15,23,11,19,11,19,72,61,127,94,135,75,14,21,116,71,13,25,30,36
1500000US270859504014,Block Group 4; Census Tract 9504.01; McLeod County; Minnesota,538,149,45,58,13,21,23,34,13,21,18,28,52,59,15,22,0,10,0,10,22,36,54,52,42,40,47,45,46,43,29,46,119,73
1500000US270859504021,Block Group 1; Census Tract 9504.02; McLeod County; Minnesota,555,129,14,22,0,10,30,27,15,14,0,10,0,10,38,52,49,34,0,10,27,17,54,56,106,73,62,34,18,16,56,49,86,89
1500000US270859504022,Block Group 2; Census Tract 9504.02; McLeod County; Minnesota,365,91,8,9,24,31,23,23,41,38,20,22,39,48,4,6,21,33,21,33,14,24,58,43,0,10,64,36,0,10,0,10,28,29
1500000US270859505001,Block Group 1; Census Tract 9505; McLeod County; Minnesota,276,36,8,5,8,8,0,10,2,2,3,3,3,4,8,7,17,14,5,5,17,10,25,11,27,11,44,19,25,13,38,14,46,16
1500000US270859505002,Block Group 2; Census Tract 9505; McLeod County; Minnesota,263,49,7,4,0,10,13,11,10,9,5,4,21,14,8,10,8,5,13,13,18,15,18,11,42,29,56,25,15,9,18,11,11,10
1500000US270859505003,Block Group 3; Census Tract 9505; McLeod County; Minnesota,500,57,3,4,9,6,19,15,11,6,21,18,6,9,22,14,7,9,24,16,45,20,52,20,98,29,71,22,25,12,42,20,45,22
1500000US270859506001,Block Group 1; Census Tract 9506; McLeod County; Minnesota,591,72,7,7,11,9,0,10,41,26,10,8,40,21,19,16,6,6,30,21,23,16,45,29,98,30,58,28,78,27,88,43,37,21
1500000US270859506002,Block Group 2; Census Tract 9506; McLeod County; Minnesota,408,68,7,5,9,14,3,4,15,13,6,6,9,7,24,20,6,6,14,8,24,18,19,16,39,16,64,22,55,20,40,16,74,39
1500000US270859506003,Block Group 3; Census Tract 9506; McLeod County; Minnesota,353,42,10,9,9,8,2,3,12,9,24,20,7,5,12,7,0,10,1,2,21,9,40,17,37,13,50,25,55,20,56,24,17,9
1500000US270859506004,Block Group 4; Census Tract 9506; McLeod County; Minnesota,365,50,8,7,1,4,8,9,9,7,16,18,8,7,2,3,6,5,13,8,29,12,74,40,47,23,28,12,45,15,45,17,26,19
1500000US270859507001,Block Group 1; Census Tract 9507; McLeod County; Minnesota,624,134,0,10,45,49,35,56,23,33,11,27,21,27,9,16,0,10,102,79,40,42,51,51,35,32,196,122,26,31,30,37,0,10
1500000US270859507002,Block Group 2; Census Tract 9507; McLeod County; Minnesota,576,144,12,19,0,10,16,26,0,10,0,10,13,21,12,19,13,20,104,101,128,99,15,24,45,57,67,59,12,31,43,43,96,70
1500000US270859507003,Block Group 3; Census Tract 9507; McLeod County; Minnesota,331,132,34,44,0,10,0,10,39,53,0,10,0,10,1,4,0,10,0,10,71,82,17,18,64,66,33,30,27,34,45,54,0,10
1500000US270859507004,Block Group 4; Census Tract 9507; McLeod County; Minnesota,966,162,9,12,20,31,0,10,27,40,19,28,100,103,69,81,38,46,19,33,45,53,133,73,272,121,54,52,9,14,85,70,67,59
1500000US270879401001,Block Group 1; Census Tract 9401; Mahnomen County; Minnesota,264,30,22,13,5,5,7,5,14,8,6,6,7,6,11,11,9,6,8,6,20,8,18,10,29,13,34,11,33,19,27,13,14,9
1500000US270879401002,Block Group 2; Census Tract 9401; Mahnomen County; Minnesota,268,35,23,12,8,8,6,5,18,11,10,7,8,5,11,9,18,14,2,3,25,13,27,10,33,15,24,10,12,7,35,12,8,9
1500000US270879401003,Block Group 3; Census Tract 9401; Mahnomen County; Minnesota,483,44,45,16,30,17,28,12,33,14,31,18,20,11,19,14,27,16,18,11,48,16,64,20,43,14,39,18,22,12,10,8,6,5
1500000US270879403001,Block Group 1; Census Tract 9403; Mahnomen County; Minnesota,448,34,30,15,15,8,14,10,16,7,17,8,28,11,24,9,12,7,18,7,20,11,67,18,58,17,30,10,39,11,35,9,25,10
1500000US270879403002,Block Group 2; Census Tract 9403; Mahnomen County; Minnesota,422,27,23,10,35,16,13,6,21,9,16,7,18,8,17,8,19,10,30,11,30,10,32,11,53,13,34,11,35,12,20,12,26,9
1500000US270890801001,Block Group 1; Census Tract 801; Marshall County; Minnesota,310,57,8,5,7,5,2,3,10,8,13,11,8,4,15,11,22,9,12,7,23,11,22,9,49,24,40,16,13,8,52,25,14,10
1500000US270890801002,Block Group 2; Census Tract 801; Marshall County; Minnesota,291,30,17,10,7,10,5,4,4,4,11,6,2,3,11,7,11,8,27,17,29,18,16,7,38,15,31,17,36,13,23,9,23,11
1500000US270890801003,Block Group 3; Census Tract 801; Marshall County; Minnesota,335,40,6,4,13,9,15,11,20,16,8,5,20,14,12,8,16,11,10,8,20,8,21,9,63,19,29,13,47,27,23,14,12,7
1500000US270890802001,Block Group 1; Census Tract 802; Marshall County; Minnesota,332,36,7,4,7,5,4,7,15,7,12,11,13,6,15,11,8,9,8,5,29,13,73,27,56,24,26,13,33,12,18,7,8,6
1500000US270890802002,Block Group 2; Census Tract 802; Marshall County; Minnesota,231,34,8,6,7,8,4,5,14,12,14,9,16,12,6,6,17,14,5,4,15,13,45,19,23,12,24,17,9,5,16,10,8,5
1500000US270890802003,Block Group 3; Census Tract 802; Marshall County; Minnesota,400,46,15,14,11,6,10,5,14,7,6,6,6,6,10,10,1,2,9,5,30,12,56,21,71,21,80,36,31,10,29,15,21,12
1500000US270890803001,Block Group 1; Census Tract 803; Marshall County; Minnesota,304,52,8,7,10,6,12,10,5,5,6,5,8,8,5,4,24,16,8,10,19,11,37,16,67,24,20,10,19,11,38,17,18,12
1500000US270890803002,Block Group 2; Census Tract 803; Marshall County; Minnesota,266,51,0,10,3,3,42,42,2,3,3,3,11,11,4,5,1,2,1,2,15,14,42,23,14,9,39,17,44,31,40,25,5,4
1500000US270890803003,Block Group 3; Census Tract 803; Marshall County; Minnesota,249,37,7,5,8,6,25,12,3,5,4,3,7,5,5,4,20,14,8,10,11,6,21,19,44,16,15,7,35,19,30,14,6,4
1500000US270890804001,Block Group 1; Census Tract 804; Marshall County; Minnesota,484,55,21,23,14,9,32,17,10,13,35,17,20,17,11,9,34,21,30,20,32,15,63,32,61,23,47,24,34,13,26,11,14,11
1500000US270890804002,Block Group 2; Census Tract 804; Marshall County; Minnesota,205,45,5,4,5,8,3,4,3,3,1,3,5,4,4,5,10,9,15,12,13,11,37,19,31,16,22,15,24,10,21,9,6,5
1500000US270890804003,Block Group 3; Census Tract 804; Marshall County; Minnesota,374,59,15,8,22,13,11,11,6,7,34,28,13,20,12,9,7,7,23,12,37,18,56,24,28,12,51,21,21,15,29,15,9,10
1500000US270917901001,Block Group 1; Census Tract 7901; Martin County; Minnesota,442,57,13,10,3,2,19,12,9,9,6,4,3,5,7,6,17,8,15,9,36,21,45,20,74,27,67,28,25,12,54,17,49,18
1500000US270917901002,Block Group 2; Census Tract 7901; Martin County; Minnesota,278,43,6,6,26,19,16,12,29,19,9,7,10,7,10,8,5,4,29,16,24,10,20,11,37,15,28,15,17,10,5,4,7,5
1500000US270917901003,Block Group 3; Census Tract 7901; Martin County; Minnesota,530,74,14,14,24,24,23,12,11,10,21,18,40,24,46,17,12,7,24,19,33,18,87,47,74,32,60,30,10,13,43,16,8,7
1500000US270917902001,Block Group 1; Census Tract 7902; Martin County; Minnesota,202,28,3,3,3,4,9,9,14,12,11,8,4,5,4,4,5,5,9,6,19,9,15,7,36,10,34,15,14,6,13,9,9,7
1500000US270917902002,Block Group 2; Census Tract 7902; Martin County; Minnesota,180,38,3,6,1,2,13,18,5,4,5,4,2,2,3,4,3,3,8,5,13,12,18,8,27,9,19,8,23,10,6,4,31,14
1500000US270917902003,Block Group 3; Census Tract 7902; Martin County; Minnesota,383,77,5,4,73,58,16,16,29,26,6,6,22,15,12,11,19,10,9,7,33,19,28,12,62,36,31,15,22,13,13,8,3,3
1500000US270917902004,Block Group 4; Census Tract 7902; Martin County; Minnesota,240,28,12,10,7,5,3,4,5,4,8,5,13,8,2,5,7,4,1,2,13,7,32,9,41,16,46,13,24,11,10,7,16,12
1500000US270917903001,Block Group 1; Census Tract 7903; Martin County; Minnesota,438,62,10,8,5,5,6,5,14,16,8,5,12,8,25,18,10,6,11,9,37,33,27,13,52,17,59,16,45,19,69,29,48,18
1500000US270917903002,Block Group 2; Census Tract 7903; Martin County; Minnesota,460,67,16,14,34,32,18,8,21,15,24,21,15,8,4,4,16,9,7,8,66,39,67,23,57,26,34,12,36,19,26,11,19,12
1500000US270917904001,Block Group 1; Census Tract 7904; Martin County; Minnesota,376,51,11,6,3,3,8,8,9,6,13,8,2,4,7,5,32,40,14,5,15,7,43,17,58,17,46,18,41,18,43,16,31,10
1500000US270917904002,Block Group 2; Census Tract 7904; Martin County; Minnesota,386,100,6,4,12,6,17,10,21,8,18,18,80,77,11,8,17,12,36,41,22,11,16,8,61,16,19,10,11,9,28,11,11,8
1500000US270917905011,Block Group 1; Census Tract 7905.01; Martin County; Minnesota,508,101,2,4,55,55,0,10,7,13,31,47,12,14,1,2,66,56,11,15,43,38,33,25,69,53,43,34,70,45,25,19,40,32
1500000US270917905012,Block Group 2; Census Tract 7905.01; Martin County; Minnesota,358,97,18,21,0,10,5,8,0,10,12,19,9,14,28,30,5,10,29,31,33,27,24,25,17,18,6,10,65,44,27,29,80,69
1500000US270917905021,Block Group 1; Census Tract 7905.02; Martin County; Minnesota,341,114,0,10,0,10,27,38,16,26,0,10,24,37,20,33,23,39,25,29,41,43,22,27,52,50,54,47,19,24,0,10,18,30
1500000US270917905022,Block Group 2; Census Tract 7905.02; Martin County; Minnesota,294,99,27,44,0,10,0,10,0,10,0,10,33,49,0,10,0,10,0,10,13,21,5,12,45,39,41,42,31,35,27,32,72,56
1500000US270917905023,Block Group 3; Census Tract 7905.02; Martin County; Minnesota,878,154,79,71,69,58,0,10,65,48,110,111,7,11,0,10,19,32,91,107,51,38,84,67,39,43,59,57,96,77,70,58,39,39
1500000US270917905024,Block Group 4; Census Tract 7905.02; Martin County; Minnesota,441,132,0,10,0,10,0,10,24,39,0,10,0,10,0,10,53,54,22,26,109,78,55,46,81,80,66,55,6,12,22,34,3,9
1500000US270917906001,Block Group 1; Census Tract 7906; Martin County; Minnesota,762,170,46,51,141,58,43,46,76,69,136,120,48,53,20,32,31,25,35,55,13,21,35,37,85,67,15,23,25,38,13,21,0,10
1500000US270917906002,Block Group 2; Census Tract 7906; Martin County; Minnesota,238,80,0,10,33,50,26,35,0,10,0,10,2,3,12,19,17,28,11,20,15,23,53,44,26,29,30,41,1,2,1,2,11,17
1500000US270917906003,Block Group 3; Census Tract 7906; Martin County; Minnesota,479,129,40,61,35,44,19,31,15,26,8,15,143,86,3,7,1,2,33,38,54,61,0,10,112,80,16,26,0,10,0,10,0,10
1500000US270917906004,Block Group 4; Census Tract 7906; Martin County; Minnesota,625,145,35,44,0,10,0,10,42,47,0,10,55,66,164,62,0,10,36,41,66,46,25,33,41,44,121,113,15,26,25,38,0,10
1500000US270935601001,Block Group 1; Census Tract 5601; Meeker County; Minnesota,471,60,15,11,11,8,8,10,3,4,21,18,7,6,13,15,21,16,21,12,14,9,13,8,102,47,68,25,64,28,43,16,47,21
1500000US270935601002,Block Group 2; Census Tract 5601; Meeker County; Minnesota,339,43,0,10,0,10,7,7,9,9,3,5,23,19,16,15,11,9,0,10,23,16,31,15,36,20,28,17,60,27,70,24,22,11
1500000US270935601003,Block Group 3; Census Tract 5601; Meeker County; Minnesota,713,80,20,15,49,26,30,17,9,7,41,30,13,10,39,30,36,21,11,10,73,34,43,16,133,47,81,41,29,18,70,30,36,19
1500000US270935601004,Block Group 4; Census Tract 5601; Meeker County; Minnesota,373,63,0,10,15,11,8,8,5,6,8,7,5,5,5,7,21,16,8,7,43,41,24,11,67,34,65,36,27,14,44,17,28,14
1500000US270935602001,Block Group 1; Census Tract 5602; Meeker County; Minnesota,404,56,5,6,3,5,5,4,6,5,26,31,15,17,6,4,12,12,5,4,45,24,21,13,72,25,66,21,45,16,42,21,30,13
1500000US270935602002,Block Group 2; Census Tract 5602; Meeker County; Minnesota,652,93,27,14,11,8,11,7,10,7,19,13,91,60,12,9,34,21,26,22,18,8,76,41,78,23,79,23,64,22,56,19,40,14
1500000US270935602003,Block Group 3; Census Tract 5602; Meeker County; Minnesota,278,49,0,10,17,20,5,7,3,4,7,6,2,3,5,6,10,6,26,23,16,13,34,12,39,16,35,17,19,10,29,10,31,11
1500000US270935602004,Block Group 4; Census Tract 5602; Meeker County; Minnesota,297,55,15,13,5,4,7,12,7,5,4,6,0,10,4,5,6,6,5,4,19,11,5,10,41,20,66,21,26,10,69,44,18,13
1500000US270935602005,Block Group 5; Census Tract 5602; Meeker County; Minnesota,366,58,15,9,13,18,12,8,17,12,23,17,5,5,16,11,7,7,17,14,30,20,32,13,61,25,35,30,19,23,35,15,29,21
1500000US270935603001,Block Group 1; Census Tract 5603; Meeker County; Minnesota,794,126,35,33,13,17,2,3,49,46,12,17,76,78,22,23,53,48,44,37,77,47,81,54,94,53,68,43,132,59,9,12,27,26
1500000US270935603002,Block Group 2; Census Tract 5603; Meeker County; Minnesota,439,87,0,10,28,24,21,20,46,37,6,10,22,18,11,17,15,30,40,39,63,37,61,42,33,32,45,37,30,27,0,10,18,28
1500000US270935603003,Block Group 3; Census Tract 5603; Meeker County; Minnesota,454,89,24,23,21,22,16,18,24,19,12,18,26,30,39,28,40,28,42,41,42,36,35,40,36,26,31,26,23,25,43,46,0,10
1500000US270935604001,Block Group 1; Census Tract 5604; Meeker County; Minnesota,379,76,0,10,3,4,0,10,10,16,0,10,10,12,45,42,28,28,0,10,28,32,44,39,56,55,42,31,12,16,83,59,18,14
1500000US270935604002,Block Group 2; Census Tract 5604; Meeker County; Minnesota,534,101,1,2,12,19,0,10,42,41,61,61,18,20,5,7,11,18,8,13,78,53,40,36,79,44,59,48,50,35,56,34,14,11
1500000US270935604003,Block Group 3; Census Tract 5604; Meeker County; Minnesota,327,88,50,47,83,72,47,46,17,21,15,18,1,4,0,10,17,18,26,30,0,10,16,21,14,16,16,17,0,10,7,12,18,20
1500000US270935605001,Block Group 1; Census Tract 5605; Meeker County; Minnesota,343,62,2,3,6,5,5,4,6,5,35,33,3,4,11,8,8,9,14,11,17,15,31,11,56,19,18,8,50,38,33,11,48,17
1500000US270935605002,Block Group 2; Census Tract 5605; Meeker County; Minnesota,271,40,6,6,3,3,16,13,0,10,4,4,7,5,6,6,2,4,3,3,24,20,28,14,39,17,32,13,19,8,37,13,45,14
1500000US270935605003,Block Group 3; Census Tract 5605; Meeker County; Minnesota,221,45,2,4,5,7,3,4,4,4,3,3,6,7,20,11,12,15,7,5,7,4,19,12,24,10,44,32,22,11,21,9,22,11
1500000US270935605004,Block Group 4; Census Tract 5605; Meeker County; Minnesota,435,63,15,13,4,4,24,18,15,13,15,9,9,12,23,12,4,4,10,10,33,16,69,26,97,28,36,14,32,13,34,15,15,8
1500000US270935606001,Block Group 1; Census Tract 5606; Meeker County; Minnesota,532,67,13,8,1,2,32,16,8,6,11,12,28,18,48,35,30,16,31,16,53,25,56,20,46,12,110,56,26,11,26,10,13,7
1500000US270935606002,Block Group 2; Census Tract 5606; Meeker County; Minnesota,423,64,8,7,5,4,14,7,15,7,3,3,16,10,45,39,5,4,34,24,29,18,39,18,71,42,47,18,46,21,22,13,24,11
1500000US270935606003,Block Group 3; Census Tract 5606; Meeker County; Minnesota,302,43,9,5,5,6,4,4,8,10,9,7,9,6,4,6,14,12,1,2,24,15,18,8,56,16,40,12,26,10,58,21,17,11
1500000US270951704001,Block Group 1; Census Tract 1704; Mille Lacs County; Minnesota,701,89,11,9,15,13,11,10,25,18,15,10,3,4,11,9,27,16,23,12,87,39,116,40,131,67,57,25,66,25,87,33,16,10
1500000US270951704002,Block Group 2; Census Tract 1704; Mille Lacs County; Minnesota,559,60,25,20,2,3,0,10,10,8,11,7,13,9,17,11,21,12,9,8,21,14,28,13,92,33,66,26,89,40,99,34,56,17
1500000US270951704003,Block Group 3; Census Tract 1704; Mille Lacs County; Minnesota,691,72,19,16,14,17,16,12,21,14,18,10,10,8,25,19,13,13,40,33,34,15,85,33,87,28,81,27,81,34,120,48,27,14
1500000US270951705001,Block Group 1; Census Tract 1705; Mille Lacs County; Minnesota,468,54,2,3,0,10,2,3,18,16,8,12,0,10,15,14,10,10,11,14,29,29,30,16,82,33,64,34,83,31,66,34,48,24
1500000US270951705002,Block Group 2; Census Tract 1705; Mille Lacs County; Minnesota,972,141,106,65,43,43,33,29,48,41,29,26,65,45,52,45,12,22,90,80,62,53,60,47,84,53,133,71,64,38,72,51,19,18
1500000US270951705003,Block Group 3; Census Tract 1705; Mille Lacs County; Minnesota,739,144,2,3,96,76,21,22,36,34,24,20,20,21,87,96,24,26,41,46,69,36,78,59,123,88,58,39,6,6,36,35,18,13
1500000US270951706001,Block Group 1; Census Tract 1706; Mille Lacs County; Minnesota,591,88,8,8,5,9,5,7,5,7,24,19,12,13,0,10,10,11,10,8,15,11,83,38,133,52,103,56,61,35,81,44,36,27
1500000US270951706002,Block Group 2; Census Tract 1706; Mille Lacs County; Minnesota,418,50,3,5,9,9,9,10,12,10,8,7,12,12,1,2,8,7,12,11,14,11,24,16,65,28,62,29,60,29,33,22,86,35
1500000US270951707001,Block Group 1; Census Tract 1707; Mille Lacs County; Minnesota,926,172,54,52,83,84,13,18,34,51,27,34,38,46,46,65,20,21,0,10,53,45,166,116,144,79,121,84,11,19,90,60,26,30
1500000US270951707002,Block Group 2; Census Tract 1707; Mille Lacs County; Minnesota,547,128,14,23,40,42,13,20,5,10,31,37,31,27,61,91,41,40,70,55,23,27,17,27,54,51,87,69,14,23,46,41,0,10
1500000US270951707003,Block Group 3; Census Tract 1707; Mille Lacs County; Minnesota,823,130,20,26,57,64,28,32,47,42,49,54,28,46,10,11,4,6,69,83,43,41,100,61,81,48,42,34,104,75,127,107,14,19
1500000US270959701001,Block Group 1; Census Tract 9701; Mille Lacs County; Minnesota,418,51,22,10,8,7,20,12,24,11,17,9,18,11,18,9,19,14,23,9,48,18,33,13,46,19,30,13,19,9,37,13,36,17
1500000US270959701002,Block Group 2; Census Tract 9701; Mille Lacs County; Minnesota,359,45,16,10,9,7,6,5,24,14,21,17,13,9,8,8,12,9,9,8,9,6,47,20,51,16,22,10,43,17,12,7,57,26
1500000US270959701003,Block Group 3; Census Tract 9701; Mille Lacs County; Minnesota,265,45,3,3,9,7,14,15,15,11,8,4,48,38,18,10,5,5,11,7,21,14,34,18,43,15,18,9,9,7,4,4,5,5
1500000US270959702001,Block Group 1; Census Tract 9702; Mille Lacs County; Minnesota,387,50,33,13,57,29,38,13,31,19,19,10,11,7,26,17,18,9,16,11,32,20,17,10,25,11,28,12,7,6,8,7,21,11
1500000US270959702002,Block Group 2; Census Tract 9702; Mille Lacs County; Minnesota,352,42,8,7,7,7,12,8,23,14,8,7,16,14,17,11,7,7,13,9,31,14,49,19,45,20,47,23,33,24,18,12,18,12
1500000US270959702003,Block Group 3; Census Tract 9702; Mille Lacs County; Minnesota,332,48,13,13,5,6,23,18,9,9,12,10,11,9,17,11,19,10,13,13,33,18,23,11,36,20,32,15,26,13,26,13,34,17
1500000US270959703001,Block Group 1; Census Tract 9703; Mille Lacs County; Minnesota,567,70,28,12,4,4,9,7,1,3,8,8,16,10,16,8,28,13,16,11,30,13,78,22,85,40,111,27,40,21,70,26,27,13
1500000US270959703002,Block Group 2; Census Tract 9703; Mille Lacs County; Minnesota,322,40,28,24,11,8,6,6,16,8,4,4,24,11,10,6,18,8,9,7,13,8,34,11,37,16,27,11,33,17,26,11,26,10
1500000US270959703003,Block Group 3; Census Tract 9703; Mille Lacs County; Minnesota,235,36,6,5,12,8,9,7,5,4,7,7,11,10,5,7,11,11,9,9,26,15,27,17,24,10,44,17,23,13,11,8,5,4
1500000US270977801001,Block Group 1; Census Tract 7801; Morrison County; Minnesota,519,69,17,9,7,8,11,7,17,12,5,6,21,15,11,6,16,14,22,17,68,38,93,40,79,25,63,29,26,17,35,15,28,16
1500000US270977801002,Block Group 2; Census Tract 7801; Morrison County; Minnesota,455,59,15,9,3,4,2,5,19,11,14,9,23,12,11,7,6,6,14,9,47,24,59,26,47,18,78,39,42,14,34,19,41,19
1500000US270977801003,Block Group 3; Census Tract 7801; Morrison County; Minnesota,468,67,11,8,20,12,47,31,13,10,16,9,25,12,28,18,11,7,23,13,26,17,89,38,41,14,47,18,42,19,18,12,11,6
1500000US270977802001,Block Group 1; Census Tract 7802; Morrison County; Minnesota,410,46,24,13,17,10,3,4,14,7,9,8,29,21,17,11,16,12,15,8,23,9,45,20,56,18,29,10,24,14,64,21,25,15
1500000US270977802002,Block Group 2; Census Tract 7802; Morrison County; Minnesota,370,57,11,7,0,10,8,8,12,7,14,11,14,11,4,3,8,6,10,7,29,13,54,27,58,23,47,16,14,7,49,27,38,25
1500000US270977802003,Block Group 3; Census Tract 7802; Morrison County; Minnesota,395,61,19,10,14,16,4,3,39,20,12,8,10,7,31,29,21,9,34,19,29,13,27,13,56,20,48,20,27,12,22,20,2,2
1500000US270977802004,Block Group 4; Census Tract 7802; Morrison County; Minnesota,381,58,9,5,6,4,6,4,15,10,23,16,20,13,18,15,14,7,19,11,16,8,54,40,71,29,24,8,35,21,27,10,24,10
1500000US270977803001,Block Group 1; Census Tract 7803; Morrison County; Minnesota,319,54,19,18,4,8,12,9,14,17,19,24,10,8,18,14,11,12,13,11,13,8,33,17,41,15,37,17,19,12,28,20,28,12
1500000US270977803002,Block Group 2; Census Tract 7803; Morrison County; Minnesota,400,71,1,2,5,6,0,10,6,6,19,17,3,5,3,5,4,5,8,8,27,19,31,21,63,20,103,56,58,27,38,16,31,15
1500000US270977803003,Block Group 3; Census Tract 7803; Morrison County; Minnesota,561,92,20,12,4,7,6,6,9,7,2,4,11,15,11,18,16,16,0,10,55,44,24,15,68,31,59,20,68,29,105,42,103,62
1500000US270977803004,Block Group 4; Census Tract 7803; Morrison County; Minnesota,577,85,27,14,35,27,23,21,7,7,10,9,31,24,73,46,17,22,33,24,32,13,36,15,49,20,81,30,62,30,48,20,13,10
1500000US270977803005,Block Group 5; Census Tract 7803; Morrison County; Minnesota,653,94,13,9,40,31,54,39,6,6,2,3,6,5,1,4,25,25,53,60,45,31,87,40,59,35,70,41,46,31,48,38,98,57
1500000US270977804001,Block Group 1; Census Tract 7804; Morrison County; Minnesota,401,54,4,5,6,4,26,25,12,10,18,14,5,5,27,18,19,11,11,6,19,9,28,11,40,18,55,17,36,12,72,34,23,10
1500000US270977804002,Block Group 2; Census Tract 7804; Morrison County; Minnesota,348,37,13,12,7,5,15,11,9,6,8,5,20,9,17,11,15,9,14,11,20,8,36,15,47,22,31,13,30,13,33,10,33,12
1500000US270977804003,Block Group 3; Census Tract 7804; Morrison County; Minnesota,300,32,9,6,8,5,20,9,9,7,15,7,8,6,20,10,3,2,9,5,14,11,36,18,55,19,42,14,17,7,12,6,23,8
1500000US270977805001,Block Group 1; Census Tract 7805; Morrison County; Minnesota,552,68,4,4,17,13,12,11,42,31,14,9,16,11,15,13,13,7,16,10,39,20,56,22,71,25,82,24,49,18,82,44,24,12
1500000US270977805002,Block Group 2; Census Tract 7805; Morrison County; Minnesota,432,48,7,5,11,6,17,12,10,7,5,6,13,8,17,10,7,6,13,11,37,14,38,13,71,24,74,25,30,13,47,14,35,13
1500000US270977805003,Block Group 3; Census Tract 7805; Morrison County; Minnesota,425,53,23,13,23,14,5,4,2,2,1,4,18,10,8,6,7,6,16,9,39,31,39,18,49,24,67,25,23,9,43,20,62,24
1500000US270977805004,Block Group 4; Census Tract 7805; Morrison County; Minnesota,590,59,37,21,8,7,39,18,32,14,12,9,44,18,34,12,58,29,25,15,29,16,55,15,60,18,75,28,27,11,32,16,23,12
1500000US270977806001,Block Group 1; Census Tract 7806; Morrison County; Minnesota,434,136,25,39,97,87,4,8,60,62,0,10,18,26,12,16,49,58,10,18,0,10,6,7,31,33,18,19,7,8,49,39,48,49
1500000US270977806002,Block Group 2; Census Tract 7806; Morrison County; Minnesota,881,159,34,46,32,43,137,103,41,44,5,7,28,41,52,58,146,126,11,19,38,58,30,43,151,109,65,61,43,37,42,53,26,41
1500000US270977806003,Block Group 3; Census Tract 7806; Morrison County; Minnesota,416,119,0,10,24,37,0,10,22,33,69,73,23,35,23,37,13,17,63,71,74,53,0,10,6,13,23,36,25,43,51,46,0,10
1500000US270977806004,Block Group 4; Census Tract 7806; Morrison County; Minnesota,598,137,64,63,0,10,49,51,80,77,40,51,36,46,24,36,36,55,48,56,29,44,51,43,23,37,61,64,24,25,33,38,0,10
1500000US270977806005,Block Group 5; Census Tract 7806; Morrison County; Minnesota,325,124,19,28,54,60,0,10,0,10,0,10,10,19,0,10,0,10,0,10,28,47,93,90,48,48,0,10,15,25,36,55,22,29
1500000US270977807001,Block Group 1; Census Tract 7807; Morrison County; Minnesota,687,116,11,18,31,23,85,59,11,14,33,32,19,20,68,59,0,10,19,21,73,58,103,67,75,58,72,49,51,46,24,38,12,16
1500000US270977807002,Block Group 2; Census Tract 7807; Morrison County; Minnesota,505,111,33,49,0,10,35,31,32,30,51,61,87,83,24,29,14,19,4,8,54,49,76,48,42,34,11,11,18,20,5,9,19,24
1500000US270977808001,Block Group 1; Census Tract 7808; Morrison County; Minnesota,317,53,27,25,5,5,18,8,11,6,17,14,4,4,4,4,15,20,16,13,10,6,21,11,55,20,40,12,32,12,16,10,26,12
1500000US270977808002,Block Group 2; Census Tract 7808; Morrison County; Minnesota,509,53,19,15,18,11,24,37,14,7,7,5,15,9,5,5,20,11,5,5,36,11,36,14,80,21,55,16,40,18,80,25,55,23
1500000US270977808003,Block Group 3; Census Tract 7808; Morrison County; Minnesota,335,40,32,16,21,10,7,4,12,7,3,5,10,11,14,13,12,11,13,10,10,8,37,13,49,17,40,16,36,14,25,12,14,9
1500000US270977808004,Block Group 4; Census Tract 7808; Morrison County; Minnesota,521,60,19,18,9,6,18,15,4,4,23,14,30,21,11,7,34,15,30,18,39,16,73,28,102,40,44,19,43,18,27,14,15,8
1500000US270990001001,Block Group 1; Census Tract 1; Mower County; Minnesota,962,117,55,42,9,7,38,20,53,31,21,21,34,23,15,15,32,25,61,44,17,12,125,56,125,56,121,53,100,60,125,53,31,18
1500000US270990002001,Block Group 1; Census Tract 2; Mower County; Minnesota,675,124,20,24,9,13,46,44,0,10,0,10,11,18,10,16,15,26,22,22,59,47,94,54,157,91,73,46,77,53,7,13,75,76
1500000US270990002002,Block Group 2; Census Tract 2; Mower County; Minnesota,277,72,0,10,6,9,10,16,46,46,8,13,0,10,0,10,8,14,11,17,12,16,43,40,62,49,53,59,10,16,8,15,0,10
1500000US270990002003,Block Group 3; Census Tract 2; Mower County; Minnesota,190,53,0,10,0,10,0,10,0,10,0,10,0,10,0,10,11,17,23,24,20,24,9,15,53,28,13,22,0,10,29,35,32,29
1500000US270990003001,Block Group 1; Census Tract 3; Mower County; Minnesota,188,69,19,22,0,10,0,10,11,18,0,10,38,33,0,10,0,10,22,24,0,10,22,28,39,36,19,20,18,21,0,10,0,10
1500000US270990003002,Block Group 2; Census Tract 3; Mower County; Minnesota,449,144,8,13,0,10,9,15,9,14,44,53,0,10,39,52,0,10,0,10,82,59,110,112,10,17,0,10,119,80,8,14,11,18
1500000US270990003003,Block Group 3; Census Tract 3; Mower County; Minnesota,413,135,9,15,20,26,0,10,20,26,12,21,17,15,43,63,101,90,0,10,43,56,28,35,66,67,29,33,0,10,9,15,16,23
1500000US270990003004,Block Group 4; Census Tract 3; Mower County; Minnesota,353,174,0,10,0,10,9,15,0,10,0,10,33,36,11,18,16,28,0,10,154,133,28,32,71,69,31,40,0,10,0,10,0,10
1500000US270990003005,Block Group 5; Census Tract 3; Mower County; Minnesota,416,127,4,12,0,10,7,11,37,48,10,20,0,10,0,10,30,40,9,14,9,13,118,92,66,61,50,54,52,49,0,10,24,30
1500000US270990004101,Block Group 1; Census Tract 4.10; Mower County; Minnesota,466,146,64,48,47,40,72,72,82,73,18,28,39,44,0,10,8,15,32,50,0,10,23,39,13,20,0,10,0,10,68,82,0,10
1500000US270990004102,Block Group 2; Census Tract 4.10; Mower County; Minnesota,259,105,0,10,0,10,0,10,64,65,27,44,28,45,0,10,65,75,0,10,13,20,49,51,0,10,0,10,0,10,13,23,0,10
1500000US270990004103,Block Group 3; Census Tract 4.10; Mower County; Minnesota,512,143,0,10,0,10,0,10,0,10,0,10,58,71,0,10,66,73,126,124,26,52,140,99,28,33,40,52,28,39,0,10,0,10
1500000US270990004104,Block Group 4; Census Tract 4.10; Mower County; Minnesota,358,129,68,89,54,50,18,38,2,5,7,13,0,10,0,10,0,10,56,62,15,24,29,44,78,54,0,10,31,43,0,10,0,10
1500000US270990004105,Block Group 5; Census Tract 4.10; Mower County; Minnesota,184,89,0,10,37,40,37,53,0,10,0,10,0,10,23,32,0,10,4,7,30,38,18,27,13,19,15,13,4,7,3,7,0,10
1500000US270990004106,Block Group 6; Census Tract 4.10; Mower County; Minnesota,334,135,0,10,69,82,23,38,75,66,0,10,15,22,22,37,33,44,48,72,49,51,0,10,0,10,0,10,0,10,0,10,0,10
1500000US270990006001,Block Group 1; Census Tract 6; Mower County; Minnesota,385,85,0,10,0,10,0,10,42,40,0,10,13,21,29,30,8,11,21,24,40,37,0,10,107,72,83,51,15,18,16,22,11,20
1500000US270990006002,Block Group 2; Census Tract 6; Mower County; Minnesota,936,121,33,26,6,10,0,10,25,35,8,13,28,25,46,48,1,9,91,65,31,29,154,71,161,88,261,74,42,41,44,54,5,13
1500000US270990008001,Block Group 1; Census Tract 8; Mower County; Minnesota,402,96,27,33,0,10,9,15,27,28,0,10,34,31,12,20,24,33,10,17,32,28,53,44,29,25,58,49,36,27,51,50,0,10
1500000US270990008002,Block Group 2; Census Tract 8; Mower County; Minnesota,346,132,0,10,0,10,45,60,0,10,12,19,78,66,0,10,0,10,14,22,86,69,38,40,20,20,42,50,0,10,0,10,11,16
1500000US270990008003,Block Group 3; Census Tract 8; Mower County; Minnesota,333,113,12,19,0,10,0,10,10,15,11,19,22,27,23,26,0,10,12,19,33,24,43,47,48,33,32,27,64,59,0,10,23,28
1500000US270990008004,Block Group 4; Census Tract 8; Mower County; Minnesota,301,73,0,10,0,10,13,20,13,20,19,22,0,10,14,24,0,10,9,15,15,18,57,52,59,36,43,36,25,27,12,18,22,25
1500000US270990009001,Block Group 1; Census Tract 9; Mower County; Minnesota,945,129,23,26,15,17,0,10,0,10,0,10,0,10,30,29,32,30,53,54,153,87,26,25,82,49,188,94,53,39,132,71,158,61
1500000US270990009002,Block Group 2; Census Tract 9; Mower County; Minnesota,680,125,2,3,9,14,19,29,31,26,74,66,15,16,8,14,8,12,7,13,29,24,47,30,175,94,52,43,58,40,122,49,24,24
1500000US270990010001,Block Group 1; Census Tract 10; Mower County; Minnesota,565,60,15,11,22,25,11,7,15,10,1,3,22,17,16,9,12,8,12,11,56,21,51,20,82,28,47,16,67,32,74,23,62,19
1500000US270990010002,Block Group 2; Census Tract 10; Mower County; Minnesota,314,57,16,9,8,7,17,9,28,31,10,7,2,3,2,3,17,11,7,5,5,5,35,22,34,13,28,16,34,22,41,27,30,17
1500000US270990010003,Block Group 3; Census Tract 10; Mower County; Minnesota,584,60,20,7,14,8,19,9,13,8,25,14,26,15,13,12,11,7,26,23,37,18,57,39,113,42,54,15,60,24,48,17,48,16
1500000US270990012001,Block Group 1; Census Tract 12; Mower County; Minnesota,378,44,7,6,15,13,14,5,10,7,6,7,17,8,3,4,9,4,7,5,18,9,27,10,60,23,49,26,41,23,57,28,38,10
1500000US270990012002,Block Group 2; Census Tract 12; Mower County; Minnesota,434,64,9,7,3,2,3,3,10,8,8,6,9,6,5,6,11,12,12,11,26,15,35,15,82,27,50,13,29,13,32,15,110,55
1500000US270990013001,Block Group 1; Census Tract 13; Mower County; Minnesota,348,61,5,7,2,2,5,6,2,3,4,4,19,10,5,7,11,7,16,9,25,11,22,9,59,24,65,26,18,11,39,15,51,35
1500000US270990013002,Block Group 2; Census Tract 13; Mower County; Minnesota,496,64,21,11,13,7,9,6,1,3,7,7,13,8,12,7,22,11,32,20,50,22,31,12,64,22,62,15,39,18,46,15,74,49
1500000US270990013003,Block Group 3; Census Tract 13; Mower County; Minnesota,412,71,21,12,24,21,26,40,16,10,14,8,13,7,22,18,10,5,28,16,38,22,36,22,44,18,56,30,15,8,37,17,12,8
1500000US270990013004,Block Group 4; Census Tract 13; Mower County; Minnesota,543,62,17,12,33,36,11,7,9,9,8,6,20,11,18,12,34,13,6,5,63,33,52,16,86,27,74,21,34,13,43,16,35,14
1500000US270990014001,Block Group 1; Census Tract 14; Mower County; Minnesota,432,55,9,5,3,3,7,9,10,7,11,6,3,4,6,5,7,8,9,8,24,13,36,12,52,20,56,18,80,31,64,19,55,24
1500000US270990014002,Block Group 2; Census Tract 14; Mower County; Minnesota,849,69,12,12,1,2,21,11,19,10,58,40,13,11,13,6,29,13,26,19,59,26,109,40,135,36,88,19,101,30,64,20,101,25
1500000US271019001001,Block Group 1; Census Tract 9001; Murray County; Minnesota,275,38,11,15,4,3,9,6,6,5,10,6,4,3,14,8,3,3,8,7,15,7,30,16,47,20,39,15,28,8,26,10,21,12
1500000US271019001002,Block Group 2; Census Tract 9001; Murray County; Minnesota,360,41,6,7,4,4,5,4,17,13,7,5,12,11,6,4,17,9,18,9,30,15,40,13,44,19,32,10,51,16,29,11,42,14
1500000US271019001003,Block Group 3; Census Tract 9001; Murray County; Minnesota,234,28,5,4,9,5,2,2,9,9,22,11,4,4,8,7,8,4,15,8,27,9,17,6,39,14,31,11,8,5,15,9,15,7
1500000US271019002001,Block Group 1; Census Tract 9002; Murray County; Minnesota,391,39,1,3,14,14,18,11,7,6,14,10,15,8,18,10,15,8,9,8,16,13,51,20,59,21,69,25,27,13,23,10,35,14
1500000US271019002002,Block Group 2; Census Tract 9002; Murray County; Minnesota,699,70,8,9,32,30,16,15,19,12,29,14,16,11,32,23,35,15,33,28,55,22,74,23,144,38,74,28,81,36,23,12,28,10
1500000US271019002003,Block Group 3; Census Tract 9002; Murray County; Minnesota,250,36,2,3,4,4,8,9,24,15,12,11,10,6,13,9,15,8,4,4,26,18,17,13,31,13,12,7,34,20,21,12,17,9
1500000US271019003001,Block Group 1; Census Tract 9003; Murray County; Minnesota,300,51,9,7,5,6,9,7,20,13,20,12,13,11,23,15,9,8,10,10,20,13,22,11,45,20,28,11,24,12,10,9,33,16
1500000US271019003002,Block Group 2; Census Tract 9003; Murray County; Minnesota,653,86,45,33,40,32,49,50,15,13,44,33,50,36,31,27,14,13,11,9,25,17,57,25,102,37,79,37,12,12,13,9,66,43
1500000US271019003003,Block Group 3; Census Tract 9003; Murray County; Minnesota,447,58,12,12,12,11,0,10,6,8,29,16,6,7,32,18,10,8,53,37,12,8,48,32,48,22,25,22,80,37,39,18,35,20
1500000US271034801001,Block Group 1; Census Tract 4801; Nicollet County; Minnesota,591,77,2,3,23,17,9,9,10,7,11,13,25,31,30,24,11,6,5,4,54,19,60,25,77,23,81,27,47,15,81,22,65,19
1500000US271034801002,Block Group 2; Census Tract 4801; Nicollet County; Minnesota,320,41,3,4,2,3,12,8,0,10,5,6,1,3,17,9,12,6,0,10,33,17,58,28,48,18,25,13,39,16,35,18,30,11
1500000US271034801003,Block Group 3; Census Tract 4801; Nicollet County; Minnesota,369,48,9,7,5,6,20,17,4,4,9,7,2,3,2,2,18,11,9,6,7,5,32,12,49,15,67,28,56,29,41,16,39,12
1500000US271034802001,Block Group 1; Census Tract 4802; Nicollet County; Minnesota,326,46,11,12,2,4,6,7,11,10,10,10,2,3,4,5,17,10,5,4,6,5,2,2,56,20,60,37,44,17,30,16,60,24
1500000US271034802002,Block Group 2; Census Tract 4802; Nicollet County; Minnesota,850,130,7,8,6,8,19,17,16,14,34,31,7,6,10,8,11,7,23,11,17,10,77,38,65,27,80,42,170,116,129,57,179,66
1500000US271034802003,Block Group 3; Census Tract 4802; Nicollet County; Minnesota,836,114,0,10,16,15,51,66,16,14,49,65,26,20,10,8,66,53,34,31,12,9,78,36,96,52,116,63,41,21,169,57,56,27
1500000US271034802004,Block Group 4; Census Tract 4802; Nicollet County; Minnesota,361,59,5,7,22,20,0,10,2,3,5,6,26,27,14,8,11,8,2,4,34,14,49,34,68,22,51,21,25,10,26,13,21,11
1500000US271034803001,Block Group 1; Census Tract 4803; Nicollet County; Minnesota,722,142,20,22,22,18,18,38,25,36,63,71,21,23,32,37,4,8,0,10,34,29,85,54,97,51,65,47,22,29,49,47,165,98
1500000US271034803002,Block Group 2; Census Tract 4803; Nicollet County; Minnesota,442,128,18,23,0,10,0,10,20,24,0,10,24,27,37,44,60,81,29,30,33,34,53,39,20,22,55,36,30,30,43,35,20,18
1500000US271034803003,Block Group 3; Census Tract 4803; Nicollet County; Minnesota,826,162,60,62,13,21,142,100,15,21,27,34,13,21,0,10,6,11,6,12,104,85,125,87,47,38,40,34,141,102,64,56,23,23
1500000US271034804001,Block Group 1; Census Tract 4804; Nicollet County; Minnesota,830,168,82,52,55,43,38,36,0,10,35,31,106,106,15,24,71,54,42,34,53,62,108,66,59,42,102,57,16,19,48,40,0,10
1500000US271034804002,Block Group 2; Census Tract 4804; Nicollet County; Minnesota,555,138,81,93,0,10,19,25,0,10,0,10,0,10,8,14,0,10,52,56,62,48,82,55,14,17,72,44,16,22,73,42,76,62
1500000US271034804003,Block Group 3; Census Tract 4804; Nicollet County; Minnesota,277,104,0,10,0,10,0,10,0,10,45,40,0,10,0,10,0,10,13,20,27,30,29,34,47,38,82,97,0,10,21,30,13,14
1500000US271034805011,Block Group 1; Census Tract 4805.01; Nicollet County; Minnesota,916,168,116,105,0,10,17,26,12,21,0,10,52,48,93,75,95,103,31,39,72,77,80,99,68,48,84,58,71,75,20,30,105,79
1500000US271034805012,Block Group 2; Census Tract 4805.01; Nicollet County; Minnesota,1103,176,6,10,0,10,0,10,0,10,2,3,8,13,17,21,35,45,140,142,53,48,33,40,233,88,99,74,72,50,211,95,194,108
1500000US271034805013,Block Group 3; Census Tract 4805.01; Nicollet County; Minnesota,633,134,0,10,19,29,0,10,15,21,0,10,0,10,11,19,47,56,0,10,53,47,128,77,112,88,12,19,107,72,49,37,80,68
1500000US271034805021,Block Group 1; Census Tract 4805.02; Nicollet County; Minnesota,715,119,26,38,22,25,6,10,13,21,12,18,82,76,38,35,37,37,62,74,81,46,109,63,77,49,53,33,22,26,25,33,50,34
1500000US271034805022,Block Group 2; Census Tract 4805.02; Nicollet County; Minnesota,686,106,10,16,10,15,0,10,0,10,0,10,0,10,43,43,7,12,18,21,32,28,52,33,98,53,93,56,86,48,119,61,118,62
1500000US271034806001,Block Group 1; Census Tract 4806; Nicollet County; Minnesota,411,91,13,23,0,10,21,31,0,10,0,10,8,13,25,26,0,10,20,24,0,10,94,59,40,33,128,85,29,32,26,30,7,12
1500000US271034806002,Block Group 2; Census Tract 4806; Nicollet County; Minnesota,315,82,9,16,10,15,0,10,0,10,12,22,0,10,26,31,25,28,29,28,36,44,34,28,28,20,38,33,43,47,0,10,25,35
1500000US271034806003,Block Group 3; Census Tract 4806; Nicollet County; Minnesota,567,123,33,33,0,10,48,41,26,33,61,71,16,26,33,32,19,21,51,44,52,46,102,67,41,36,10,16,29,34,0,10,46,54
1500000US271034806004,Block Group 4; Census Tract 4806; Nicollet County; Minnesota,351,99,0,10,0,10,0,10,0,10,0,10,0,10,18,33,0,10,41,51,56,48,36,31,92,77,21,20,32,24,35,45,20,22
1500000US271051051001,Block Group 1; Census Tract 1051; Nobles County; Minnesota,266,45,4,7,4,5,20,27,8,8,1,2,12,9,3,3,6,5,6,5,6,5,28,13,29,13,41,16,32,14,41,13,25,13
1500000US271051051002,Block Group 2; Census Tract 1051; Nobles County; Minnesota,212,32,10,9,7,6,4,5,6,4,4,4,9,6,8,5,11,6,3,3,26,22,25,9,32,13,19,7,12,10,23,13,13,8
1500000US271051051003,Block Group 3; Census Tract 1051; Nobles County; Minnesota,255,38,10,7,1,3,10,6,25,21,18,21,5,5,14,8,14,6,7,6,22,9,21,14,34,15,32,9,15,7,12,7,15,9
1500000US271051051004,Block Group 4; Census Tract 1051; Nobles County; Minnesota,296,53,3,3,12,7,5,5,10,6,5,4,6,5,2,2,11,7,4,3,31,19,35,33,88,45,29,11,18,11,29,12,8,5
1500000US271051052001,Block Group 1; Census Tract 1052; Nobles County; Minnesota,336,47,13,10,9,6,2,3,2,4,9,7,32,29,10,12,19,15,9,7,20,10,43,19,47,15,27,10,27,10,43,18,24,12
1500000US271051052002,Block Group 2; Census Tract 1052; Nobles County; Minnesota,340,60,6,5,6,6,14,11,18,9,8,6,15,9,4,3,4,4,14,7,70,50,25,11,35,14,49,14,11,8,32,18,29,10
1500000US271051052003,Block Group 3; Census Tract 1052; Nobles County; Minnesota,501,77,44,35,9,7,9,7,19,17,44,37,6,6,14,10,8,7,12,9,48,22,47,25,60,17,84,56,42,21,44,17,11,7
1500000US271051053001,Block Group 1; Census Tract 1053; Nobles County; Minnesota,339,54,6,5,10,5,6,5,6,6,9,6,13,7,12,6,4,5,17,11,26,10,60,30,58,22,33,18,30,14,22,12,27,9
1500000US271051053002,Block Group 2; Census Tract 1053; Nobles County; Minnesota,247,52,2,3,0,10,5,6,9,5,19,22,1,2,19,26,11,11,2,3,36,25,13,9,33,9,22,13,15,7,27,10,33,33
1500000US271051053003,Block Group 3; Census Tract 1053; Nobles County; Minnesota,225,32,2,2,0,10,17,10,17,13,5,3,16,9,14,9,4,4,13,7,16,9,35,15,29,12,14,6,8,6,27,16,8,6
1500000US271051054001,Block Group 1; Census Tract 1054; Nobles County; Minnesota,667,157,64,86,30,51,38,53,0,10,55,60,20,27,0,10,29,34,9,16,140,124,86,65,64,58,43,45,28,23,22,30,39,29
1500000US271051054002,Block Group 2; Census Tract 1054; Nobles County; Minnesota,391,126,0,10,18,24,71,74,0,10,23,31,7,12,6,9,20,25,0,10,6,11,128,89,48,54,0,10,8,15,0,10,56,69
1500000US271051054003,Block Group 3; Census Tract 1054; Nobles County; Minnesota,253,88,6,12,7,14,11,16,0,10,21,34,0,10,15,33,11,19,8,12,28,31,78,69,21,24,15,25,32,42,0,10,0,10
1500000US271051054004,Block Group 4; Census Tract 1054; Nobles County; Minnesota,159,66,35,36,0,10,0,10,14,21,0,10,0,10,16,25,0,10,10,18,0,10,27,30,23,33,15,20,2,20,11,17,6,11
1500000US271051055001,Block Group 1; Census Tract 1055; Nobles County; Minnesota,455,122,0,10,10,16,1,2,26,33,14,21,15,23,20,30,81,64,21,26,2,3,51,68,57,48,95,69,25,39,17,21,20,28
1500000US271051055002,Block Group 2; Census Tract 1055; Nobles County; Minnesota,294,107,15,21,11,17,12,20,19,30,0,10,20,30,0,10,0,10,10,15,51,44,49,60,0,10,41,38,44,49,0,10,22,28
1500000US271051055003,Block Group 3; Census Tract 1055; Nobles County; Minnesota,390,125,60,56,39,38,9,14,24,26,12,18,0,10,12,19,0,10,0,10,92,62,7,11,0,10,15,23,52,54,40,53,28,31
1500000US271051056001,Block Group 1; Census Tract 1056; Nobles County; Minnesota,286,88,33,51,13,21,0,10,9,14,0,10,0,10,0,10,8,13,13,17,10,15,16,20,65,54,51,39,27,25,31,24,10,18
1500000US271051056002,Block Group 2; Census Tract 1056; Nobles County; Minnesota,397,103,7,12,9,14,0,10,9,14,0,10,0,10,9,15,0,10,16,18,18,21,44,40,114,79,59,41,16,25,21,33,75,48
1500000US271051056003,Block Group 3; Census Tract 1056; Nobles County; Minnesota,270,120,0,10,9,15,0,10,0,10,0,10,0,10,18,22,11,19,0,10,0,10,23,21,82,88,7,11,44,33,11,18,65,54
1500000US271051056004,Block Group 4; Census Tract 1056; Nobles County; Minnesota,560,155,0,10,0,10,45,54,0,10,37,41,17,28,9,14,44,38,29,32,59,39,140,100,33,23,26,30,36,36,36,46,49,50
1500000US271051056005,Block Group 5; Census Tract 1056; Nobles County; Minnesota,535,183,57,70,55,59,29,40,0,10,0,10,193,138,8,13,7,11,0,10,47,41,54,52,0,10,54,54,31,33,0,10,0,10
1500000US271079601001,Block Group 1; Census Tract 9601; Norman County; Minnesota,214,34,10,7,8,6,0,10,5,4,4,4,5,4,7,5,12,8,4,7,15,10,28,13,37,18,27,17,12,8,25,14,15,10
1500000US271079601002,Block Group 2; Census Tract 9601; Norman County; Minnesota,294,45,5,5,2,2,3,3,9,7,12,7,13,11,7,9,5,4,7,5,10,8,36,18,76,31,31,12,33,18,21,12,24,14
1500000US271079601003,Block Group 3; Census Tract 9601; Norman County; Minnesota,519,59,24,25,12,11,16,8,12,14,25,12,27,13,25,10,13,8,16,8,63,24,68,24,75,26,70,21,24,10,36,19,13,8
1500000US271079602001,Block Group 1; Census Tract 9602; Norman County; Minnesota,483,52,13,14,20,14,21,9,24,12,9,6,12,5,4,5,13,9,10,7,76,30,49,18,80,31,59,16,35,20,30,10,28,12
1500000US271079602002,Block Group 2; Census Tract 9602; Norman County; Minnesota,247,32,16,10,9,8,4,4,2,3,12,12,6,6,4,4,3,3,1,3,25,16,27,11,59,17,19,12,31,10,16,9,13,7
1500000US271079603001,Block Group 1; Census Tract 9603; Norman County; Minnesota,308,54,18,14,12,12,16,10,17,13,1,2,12,9,1,2,24,17,20,15,15,8,30,21,38,17,40,23,25,18,25,13,14,8
1500000US271079603002,Block Group 2; Census Tract 9603; Norman County; Minnesota,277,42,8,15,9,13,15,13,0,10,16,20,18,11,2,4,25,17,5,5,38,25,18,14,17,10,44,25,39,17,16,11,7,6
1500000US271079603003,Block Group 3; Census Tract 9603; Norman County; Minnesota,358,51,27,19,17,12,19,32,6,6,15,10,10,12,17,11,17,15,22,15,22,18,34,17,52,20,28,14,34,18,31,16,7,7
1500000US271090001001,Block Group 1; Census Tract 1; Olmsted County; Minnesota,289,74,24,26,57,28,29,28,8,13,0,10,0,10,0,10,10,16,0,10,0,10,43,31,20,21,60,37,19,31,0,10,19,22
1500000US271090001002,Block Group 2; Census Tract 1; Olmsted County; Minnesota,1118,211,75,60,77,50,141,100,86,51,104,77,4,6,45,42,72,68,131,95,26,30,125,78,60,53,0,10,51,46,72,62,49,62
1500000US271090002001,Block Group 1; Census Tract 2; Olmsted County; Minnesota,647,219,21,34,22,34,123,146,0,10,0,10,0,10,74,81,0,10,36,42,46,70,84,113,112,88,50,46,0,10,30,33,49,57
1500000US271090002002,Block Group 2; Census Tract 2; Olmsted County; Minnesota,461,192,0,10,0,10,18,29,0,10,14,23,0,10,16,25,18,28,0,10,15,24,164,187,60,56,76,70,42,32,0,10,38,44
1500000US271090002003,Block Group 3; Census Tract 2; Olmsted County; Minnesota,237,89,0,10,0,10,26,40,0,10,0,10,18,30,47,66,0,10,0,10,16,25,44,70,34,39,37,48,0,10,0,10,15,24
1500000US271090002004,Block Group 4; Census Tract 2; Olmsted County; Minnesota,338,145,0,10,17,28,0,10,0,10,0,10,0,10,0,10,0,10,92,88,10,23,37,65,91,70,56,86,20,35,0,10,15,24
1500000US271090002005,Block Group 5; Census Tract 2; Olmsted County; Minnesota,611,157,18,30,0,10,0,10,18,33,82,87,0,10,0,10,41,62,0,10,152,79,53,50,106,99,113,101,0,10,0,10,28,35
1500000US271090003001,Block Group 1; Census Tract 3; Olmsted County; Minnesota,283,110,9,16,3,5,11,18,0,10,13,22,22,27,0,10,37,49,34,55,8,13,70,73,15,25,25,39,36,38,0,10,0,10
1500000US271090003002,Block Group 2; Census Tract 3; Olmsted County; Minnesota,881,174,47,46,0,10,0,10,20,30,0,10,45,50,23,38,17,21,16,20,68,50,220,119,130,81,47,41,121,101,84,68,43,47
1500000US271090003003,Block Group 3; Census Tract 3; Olmsted County; Minnesota,403,123,7,11,9,15,0,10,10,15,19,24,0,10,62,73,23,30,34,36,39,48,32,28,129,76,29,32,0,10,0,10,10,19
1500000US271090004001,Block Group 1; Census Tract 4; Olmsted County; Minnesota,528,104,81,66,12,20,1,3,52,49,0,10,0,10,31,32,21,24,12,19,9,16,46,41,32,30,72,65,7,11,15,18,137,60
1500000US271090004002,Block Group 2; Census Tract 4; Olmsted County; Minnesota,437,108,8,12,0,10,0,10,39,33,5,9,0,10,0,10,0,10,5,8,22,22,27,26,50,43,59,56,13,14,58,34,151,96
1500000US271090004003,Block Group 3; Census Tract 4; Olmsted County; Minnesota,538,94,9,15,0,10,0,10,27,32,0,10,0,10,0,10,9,13,0,10,0,10,48,40,44,34,50,38,57,40,80,62,214,80
1500000US271090005001,Block Group 1; Census Tract 5; Olmsted County; Minnesota,461,131,25,21,9,14,4,6,20,32,72,82,0,10,18,20,10,15,16,28,53,36,57,54,49,38,6,10,8,13,33,32,81,55
1500000US271090005002,Block Group 2; Census Tract 5; Olmsted County; Minnesota,561,157,35,32,46,57,0,10,29,27,15,23,54,76,36,30,6,10,16,24,0,10,87,59,139,126,36,40,13,20,26,25,23,33
1500000US271090005003,Block Group 3; Census Tract 5; Olmsted County; Minnesota,300,105,0,10,11,18,4,10,5,8,1,3,0,10,12,20,32,30,7,12,21,23,65,66,29,32,67,55,22,27,24,25,0,10
1500000US271090006001,Block Group 1; Census Tract 6; Olmsted County; Minnesota,277,97,68,54,0,10,15,25,22,25,0,10,35,54,0,10,32,32,0,10,0,10,42,50,16,26,10,18,0,10,25,29,12,22
1500000US271090006002,Block Group 2; Census Tract 6; Olmsted County; Minnesota,259,145,31,50,0,10,0,10,32,34,76,110,40,62,0,10,47,59,10,21,9,15,0,10,0,10,0,10,14,23,0,10,0,10
1500000US271090006003,Block Group 3; Census Tract 6; Olmsted County; Minnesota,660,164,131,107,0,10,44,42,0,10,0,10,0,10,0,10,89,87,31,38,5,8,68,68,71,63,132,83,69,61,16,29,4,6
1500000US271090006004,Block Group 4; Census Tract 6; Olmsted County; Minnesota,356,148,0,10,0,10,0,10,0,10,54,86,0,10,0,10,0,10,29,45,14,22,18,28,14,23,72,60,80,58,62,93,13,22
1500000US271090006005,Block Group 5; Census Tract 6; Olmsted County; Minnesota,250,89,26,41,16,25,0,10,15,24,0,10,15,25,0,10,5,9,0,10,50,41,0,10,14,26,0,10,24,30,45,42,40,51
1500000US271090009011,Block Group 1; Census Tract 9.01; Olmsted County; Minnesota,381,162,65,79,32,38,0,10,0,10,0,10,0,10,0,10,0,10,17,28,42,48,109,120,75,71,0,10,0,10,0,10,41,47
1500000US271090009012,Block Group 2; Census Tract 9.01; Olmsted County; Minnesota,1178,198,47,40,0,10,37,46,0,10,0,10,18,29,15,26,30,46,22,35,137,110,99,96,193,107,291,131,38,44,44,55,207,75
1500000US271090009013,Block Group 3; Census Tract 9.01; Olmsted County; Minnesota,893,350,17,25,18,30,0,10,0,10,0,10,0,10,0,10,82,65,0,10,0,10,27,36,246,149,59,55,49,53,175,118,220,264
1500000US271090009014,Block Group 4; Census Tract 9.01; Olmsted County; Minnesota,452,164,26,42,0,10,0,10,0,10,0,10,0,10,0,10,0,10,51,81,36,44,0,10,56,51,113,93,0,10,56,51,114,107
1500000US271090009021,Block Group 1; Census Tract 9.02; Olmsted County; Minnesota,335,110,0,10,81,88,12,16,0,10,0,10,96,81,20,31,37,34,10,15,10,17,30,29,31,24,0,10,0,10,8,13,0,10
1500000US271090009022,Block Group 2; Census Tract 9.02; Olmsted County; Minnesota,751,92,52,47,0,10,24,27,0,10,0,10,39,25,13,23,0,10,11,18,50,34,88,54,31,25,133,67,109,56,78,51,123,56
1500000US271090009023,Block Group 3; Census Tract 9.02; Olmsted County; Minnesota,227,73,24,25,0,10,30,40,0,10,0,10,9,14,19,22,8,13,0,10,37,35,3,5,0,10,4,6,45,50,43,46,5,11
1500000US271090009031,Block Group 1; Census Tract 9.03; Olmsted County; Minnesota,1524,180,61,63,0,10,10,15,12,15,0,10,8,14,39,37,37,33,17,18,61,75,250,114,258,97,170,81,144,65,248,107,209,73
1500000US271090009032,Block Group 2; Census Tract 9.03; Olmsted County; Minnesota,520,140,13,20,0,10,0,10,3,6,0,10,0,10,0,10,0,10,7,13,11,19,66,49,192,137,61,37,6,10,24,20,137,70
1500000US271090010001,Block Group 1; Census Tract 10; Olmsted County; Minnesota,640,203,0,10,87,115,13,19,149,191,0,10,187,160,0,10,13,22,21,32,0,10,136,130,0,10,7,12,0,10,27,35,0,10
1500000US271090010002,Block Group 2; Census Tract 10; Olmsted County; Minnesota,692,202,0,10,14,22,0,10,15,24,16,26,45,50,19,30,12,19,16,21,96,91,45,63,142,98,37,41,121,154,91,80,23,30
1500000US271090010003,Block Group 3; Census Tract 10; Olmsted County; Minnesota,390,122,0,10,24,36,71,104,20,32,0,10,0,10,0,10,0,10,0,10,22,38,27,34,62,54,119,89,21,25,24,42,0,10
1500000US271090010004,Block Group 4; Census Tract 10; Olmsted County; Minnesota,319,121,20,34,0,10,77,76,40,64,0,10,45,66,0,10,0,10,0,10,21,37,28,30,27,46,42,63,7,12,12,21,0,10
1500000US271090011001,Block Group 1; Census Tract 11; Olmsted County; Minnesota,357,98,13,22,18,23,33,29,0,10,0,10,0,10,32,49,9,14,30,30,8,14,69,56,53,52,25,30,27,32,0,10,40,37
1500000US271090011002,Block Group 2; Census Tract 11; Olmsted County; Minnesota,518,125,62,92,0,10,54,63,11,17,23,27,53,52,14,26,0,10,15,30,48,33,35,26,24,30,61,36,68,44,20,23,30,26
1500000US271090011003,Block Group 3; Census Tract 11; Olmsted County; Minnesota,667,104,17,20,9,15,0,10,0,10,48,38,0,10,0,10,0,10,9,15,95,72,91,55,89,51,49,34,49,36,92,56,119,53
1500000US271090012011,Block Group 1; Census Tract 12.01; Olmsted County; Minnesota,880,168,11,17,0,10,11,17,0,10,8,11,0,10,17,26,13,21,0,10,10,16,31,23,83,45,85,56,12,18,115,58,484,168
1500000US271090012012,Block Group 2; Census Tract 12.01; Olmsted County; Minnesota,607,100,0,10,0,10,0,10,11,18,13,20,22,22,10,16,13,18,0,10,41,30,49,37,54,49,40,41,26,29,12,20,316,105
1500000US271090012013,Block Group 3; Census Tract 12.01; Olmsted County; Minnesota,489,79,31,37,12,18,0,10,0,10,19,23,0,10,17,26,0,10,17,27,15,23,56,34,35,38,47,39,48,33,77,39,115,41
1500000US271090012021,Block Group 1; Census Tract 12.02; Olmsted County; Minnesota,499,198,15,17,8,13,9,15,9,14,7,11,28,26,17,19,28,24,7,11,32,26,207,190,39,29,40,36,14,15,28,44,11,16
1500000US271090012022,Block Group 2; Census Tract 12.02; Olmsted County; Minnesota,616,116,8,13,13,22,0,10,0,10,0,10,35,36,0,10,0,10,0,10,20,28,23,24,27,26,76,62,55,42,110,62,249,90
1500000US271090012023,Block Group 3; Census Tract 12.02; Olmsted County; Minnesota,683,200,0,10,0,10,27,40,0,10,10,14,14,19,0,10,24,32,46,38,119,100,19,21,82,52,114,57,148,168,46,36,34,29
1500000US271090012031,Block Group 1; Census Tract 12.03; Olmsted County; Minnesota,1454,194,22,32,0,10,0,10,0,10,0,10,51,49,0,10,0,10,4,6,24,35,122,76,114,97,68,75,66,46,221,81,762,141
1500000US271090012032,Block Group 2; Census Tract 12.03; Olmsted County; Minnesota,1355,246,9,11,3,5,0,10,0,10,67,50,2,4,34,49,8,9,0,10,59,61,92,88,111,69,48,31,36,24,54,35,832,203
1500000US271090013011,Block Group 1; Census Tract 13.01; Olmsted County; Minnesota,615,201,10,31,0,10,0,10,0,10,0,10,0,10,0,10,0,10,0,10,23,31,36,34,47,53,60,56,80,69,234,121,125,131
1500000US271090013012,Block Group 2; Census Tract 13.01; Olmsted County; Minnesota,343,114,0,10,19,32,0,10,0,10,0,10,0,10,10,18,0,10,0,10,16,27,31,33,30,39,78,68,56,53,66,54,37,48
1500000US271090013013,Block Group 3; Census Tract 13.01; Olmsted County; Minnesota,914,197,109,128,0,10,0,10,0,10,0,10,0,10,8,17,27,43,0,10,77,66,109,78,146,82,173,119,55,46,164,85,46,37
1500000US271090013021,Block Group 1; Census Tract 13.02; Olmsted County; Minnesota,447,95,0,10,0,10,0,10,20,23,0,10,10,16,0,10,9,15,14,27,16,20,69,44,92,44,78,55,51,40,62,42,26,22
1500000US271090013022,Block Group 2; Census Tract 13.02; Olmsted County; Minnesota,487,136,0,10,0,10,7,11,19,22,0,10,0,10,0,10,8,14,12,14,31,26,43,28,44,35,118,62,39,32,135,105,31,26
1500000US271090013023,Block Group 3; Census Tract 13.02; Olmsted County; Minnesota,787,129,9,14,0,10,3,6,9,16,0,10,0,10,0,10,0,10,18,21,52,62,124,80,76,56,25,26,135,85,185,62,151,55
1500000US271090014011,Block Group 1; Census Tract 14.01; Olmsted County; Minnesota,407,190,0,10,15,23,136,159,0,10,0,10,75,98,0,10,0,10,0,10,3,7,34,52,8,17,47,34,0,10,59,60,30,38
1500000US271090014012,Block Group 2; Census Tract 14.01; Olmsted County; Minnesota,625,139,37,55,16,26,0,10,46,45,0,10,12,19,37,50,0,10,0,10,17,23,87,64,105,61,34,47,152,108,68,76,14,28
1500000US271090014013,Block Group 3; Census Tract 14.01; Olmsted County; Minnesota,485,177,11,18,5,9,31,50,0,10,0,10,6,10,17,28,0,10,0,10,150,142,60,65,107,123,72,62,26,40,0,10,0,10
1500000US271090014014,Block Group 4; Census Tract 14.01; Olmsted County; Minnesota,592,215,11,20,0,10,16,28,36,36,147,143,0,10,13,20,0,10,14,23,83,80,80,81,67,61,44,57,25,42,43,46,13,21
1500000US271090014031,Block Group 1; Census Tract 14.03; Olmsted County; Minnesota,1465,249,38,43,32,54,0,10,29,49,20,33,79,119,12,19,18,25,0,10,160,96,37,47,259,128,318,128,39,54,121,100,303,166
1500000US271090014032,Block Group 2; Census Tract 14.03; Olmsted County; Minnesota,695,156,0,10,0,10,0,10,0,10,19,32,0,10,0,10,0,10,21,34,66,89,21,29,67,57,107,75,100,88,176,73,118,102
1500000US271090014033,Block Group 3; Census Tract 14.03; Olmsted County; Minnesota,573,143,0,10,0,10,0,10,0,10,0,10,0,10,0,10,0,10,15,23,18,27,19,34,55,50,70,59,118,74,182,103,96,82
1500000US271090014041,Block Group 1; Census Tract 14.04; Olmsted County; Minnesota,1020,258,0,10,0,10,21,34,74,82,13,21,67,93,0,10,0,10,21,37,15,20,148,142,179,87,150,181,114,68,103,136,115,91
1500000US271090014042,Block Group 2; Census Tract 14.04; Olmsted County; Minnesota,302,100,0,10,12,19,42,62,0,10,0,10,0,10,0,10,0,10,0,10,25,28,12,22,87,106,24,28,39,39,18,30,43,47
1500000US271090014043,Block Group 3; Census Tract 14.04; Olmsted County; Minnesota,543,136,0,10,0,10,0,10,0,10,0,10,0,10,27,43,0,10,72,103,0,10,45,53,88,57,74,60,103,78,63,63,71,66
1500000US271090014044,Block Group 4; Census Tract 14.04; Olmsted County; Minnesota,621,145,0,10,0,10,0,10,0,10,14,22,0,10,0,10,52,76,12,21,36,42,12,20,125,111,54,52,37,42,163,99,116,78
1500000US271090015011,Block Group 1; Census Tract 15.01; Olmsted County; Minnesota,380,79,0,10,0,10,14,17,9,13,16,26,0,10,13,19,18,21,0,10,17,19,52,36,34,29,56,38,32,28,51,30,68,57
1500000US271090015012,Block Group 2; Census Tract 15.01; Olmsted County; Minnesota,681,197,0,10,11,17,0,10,10,17,0,10,10,17,69,63,30,34,18,20,59,38,29,25,189,182,37,29,106,57,22,26,91,56
1500000US271090015013,Block Group 3; Census Tract 15.01; Olmsted County; Minnesota,333,81,11,17,0,10,13,22,6,10,0,10,0,10,57,45,8,13,26,25,10,15,31,29,50,40,48,34,8,13,31,36,34,43
1500000US271090015021,Block Group 1; Census Tract 15.02; Olmsted County; Minnesota,350,103,0,10,0,10,0,10,0,10,0,10,0,10,0,10,12,17,30,32,8,13,31,29,37,39,131,89,32,25,56,32,13,17
1500000US271090015022,Block Group 2; Census Tract 15.02; Olmsted County; Minnesota,861,208,0,10,12,18,61,55,13,22,18,23,6,9,36,29,90,80,11,17,53,36,70,54,97,49,236,185,61,39,46,36,51,34
1500000US271090015031,Block Group 1; Census Tract 15.03; Olmsted County; Minnesota,598,83,4,8,10,11,0,10,6,9,0,10,6,9,6,9,25,30,15,15,43,23,71,43,76,32,90,38,101,42,82,33,63,33
1500000US271090015032,Block Group 2; Census Tract 15.03; Olmsted County; Minnesota,413,128,6,8,0,10,0,10,5,8,5,9,0,10,30,28,15,18,0,10,35,20,38,27,54,32,91,114,43,25,29,24,62,32
1500000US271090016011,Block Group 1; Census Tract 16.01; Olmsted County; Minnesota,968,210,13,21,73,53,35,49,0,10,11,20,9,22,25,41,47,67,27,32,31,38,278,190,171,136,40,41,133,123,63,41,12,22
1500000US271090016012,Block Group 2; Census Tract 16.01; Olmsted County; Minnesota,469,147,0,10,0,10,0,10,0,10,0,10,0,10,0,10,0,10,0,10,79,71,15,23,52,55,118,77,56,52,71,54,78,66
1500000US271090016013,Block Group 3; Census Tract 16.01; Olmsted County; Minnesota,785,226,0,10,37,47,0,10,133,153,0,10,27,32,0,10,32,39,15,28,60,66,13,20,102,104,112,89,77,70,120,69,57,47
1500000US271090016021,Block Group 1; Census Tract 16.02; Olmsted County; Minnesota,787,134,7,11,0,10,33,40,0,10,0,10,32,29,14,18,9,14,0,10,5,7,56,45,67,41,58,34,68,43,174,76,264,122
1500000US271090016022,Block Group 2; Census Tract 16.02; Olmsted County; Minnesota,351,78,37,54,15,22,0,10,0,10,0,10,16,19,0,10,0,10,10,16,0,10,11,18,108,55,8,14,32,25,34,27,80,38
1500000US271090016031,Block Group 1; Census Tract 16.03; Olmsted County; Minnesota,352,80,19,20,5,6,7,11,5,7,14,12,26,26,5,7,10,12,16,18,22,23,43,26,22,21,82,59,10,11,42,25,24,18
1500000US271090016032,Block Group 2; Census Tract 16.03; Olmsted County; Minnesota,359,71,3,5,0,10,0,10,2,4,3,5,0,10,0,10,8,13,0,10,11,9,15,13,77,46,40,20,16,13,54,43,130,42
1500000US271090016033,Block Group 3; Census Tract 16.03; Olmsted County; Minnesota,1109,114,23,30,0,10,11,16,0,10,14,19,0,10,47,48,0,10,22,22,43,56,68,39,80,40,74,28,120,72,166,54,441,98
1500000US271090017011,Block Group 1; Census Tract 17.01; Olmsted County; Minnesota,526,179,11,17,17,28,0,10,19,32,30,31,36,32,37,35,30,38,140,176,33,35,37,33,102,62,20,22,0,10,14,23,0,10
1500000US271090017012,Block Group 2; Census Tract 17.01; Olmsted County; Minnesota,354,96,32,45,0,10,0,10,8,14,0,10,0,10,8,15,0,10,72,81,34,32,20,21,41,40,16,24,59,51,51,46,13,20
1500000US271090017013,Block Group 3; Census Tract 17.01; Olmsted County; Minnesota,559,220,40,39,35,59,0,10,0,10,30,46,0,10,135,137,75,80,47,67,99,108,10,15,14,18,11,20,63,59,0,10,0,10
1500000US271090017014,Block Group 4; Census Tract 17.01; Olmsted County; Minnesota,474,105,23,23,0,10,0,10,25,33,0,10,0,10,13,20,0,10,13,17,22,28,7,12,103,71,108,43,67,51,73,54,20,22
1500000US271090017021,Block Group 1; Census Tract 17.02; Olmsted County; Minnesota,845,191,10,17,33,53,0,10,0,10,115,124,19,34,13,23,0,10,0,10,108,93,127,93,120,88,52,50,123,117,82,84,43,42
1500000US271090017022,Block Group 2; Census Tract 17.02; Olmsted County; Minnesota,384,176,23,37,0,10,51,83,42,65,0,10,85,109,0,10,38,73,0,10,15,23,17,29,24,27,0,10,0,10,12,27,77,67
1500000US271090017023,Block Group 3; Census Tract 17.02; Olmsted County; Minnesota,441,158,0,10,0,10,0,10,0,10,19,35,0,10,7,12,0,10,0,10,34,32,24,34,176,122,111,102,54,61,16,29,0,10
1500000US271090017024,Block Group 4; Census Tract 17.02; Olmsted County; Minnesota,713,204,40,60,0,10,74,92,13,21,40,58,0,10,37,46,19,36,140,139,45,52,10,18,10,22,24,41,96,128,36,42,129,105
1500000US271090017031,Block Group 1; Census Tract 17.03; Olmsted County; Minnesota,824,160,17,25,42,41,33,36,13,21,28,31,28,37,0,10,33,36,0,10,62,47,49,46,53,46,131,107,104,74,123,93,108,77
1500000US271090017032,Block Group 2; Census Tract 17.03; Olmsted County; Minnesota,649,95,0,10,0,10,14,22,16,25,16,26,0,10,0,10,73,41,24,39,61,48,84,69,83,60,42,46,57,37,72,42,107,66
1500000US271090017033,Block Group 3; Census Tract 17.03; Olmsted County; Minnesota,834,113,15,25,12,19,0,10,5,9,0,10,14,16,0,10,4,8,24,28,40,37,60,40,40,29,29,34,91,48,173,82,327,93
1500000US271090018001,Block Group 1; Census Tract 18; Olmsted County; Minnesota,855,159,5,7,0,10,35,50,14,24,64,55,16,26,0,10,0,10,25,39,13,18,68,56,39,39,56,39,136,86,119,48,265,150
1500000US271090018002,Block Group 2; Census Tract 18; Olmsted County; Minnesota,810,138,52,85,21,27,0,10,12,18,10,16,50,50,13,21,32,49,23,25,57,56,53,49,141,101,150,60,78,45,74,46,44,40
1500000US271090018003,Block Group 3; Census Tract 18; Olmsted County; Minnesota,488,135,0,10,22,36,18,27,0,10,0,10,29,38,0,10,0,10,20,31,0,10,18,20,23,36,45,43,31,35,137,89,145,73
1500000US271090019011,Block Group 1; Census Tract 19.01; Olmsted County; Minnesota,634,88,2,4,3,5,0,10,21,22,15,14,7,7,9,9,3,5,3,5,38,30,58,46,70,32,65,25,60,38,146,53,134,47
1500000US271090019012,Block Group 2; Census Tract 19.01; Olmsted County; Minnesota,754,105,2,5,16,21,16,17,0,10,2,4,0,10,24,27,21,22,12,15,24,19,19,16,38,23,115,75,136,58,177,59,152,45
1500000US271090019021,Block Group 1; Census Tract 19.02; Olmsted County; Minnesota,635,68,3,5,4,5,10,8,10,8,0,10,3,4,10,10,6,7,3,4,39,24,43,24,50,21,72,30,56,26,128,37,198,41
1500000US271090019022,Block Group 2; Census Tract 19.02; Olmsted County; Minnesota,214,55,0,10,0,10,7,10,34,26,0,10,6,9,8,11,16,26,7,9,13,13,13,13,26,21,27,33,6,9,20,16,31,17
1500000US271090019023,Block Group 3; Census Tract 19.02; Olmsted County; Minnesota,697,84,68,66,34,39,0,10,0,10,0,10,0,10,0,10,6,9,37,34,25,17,18,15,53,27,66,31,40,19,48,25,302,65
1500000US271090019024,Block Group 4; Census Tract 19.02; Olmsted County; Minnesota,238,44,12,11,0,10,2,6,4,4,2,3,1,3,11,11,9,9,4,7,9,6,40,24,26,13,51,21,10,14,26,15,31,14
1500000US271090020001,Block Group 1; Census Tract 20; Olmsted County; Minnesota,432,60,4,4,7,7,9,10,17,10,29,16,7,9,16,12,17,10,23,21,18,11,27,15,84,36,36,15,24,12,67,28,47,16
1500000US271090020002,Block Group 2; Census Tract 20; Olmsted County; Minnesota,344,62,0,10,17,28,0,10,0,10,2,3,14,17,17,18,23,22,1,3,36,31,2,3,23,14,28,18,68,24,48,26,65,37
1500000US271090020003,Block Group 3; Census Tract 20; Olmsted County; Minnesota,532,74,14,9,1,4,8,12,6,7,7,5,23,30,8,10,9,6,11,6,27,18,26,27,65,39,79,28,90,28,95,27,63,21
1500000US271090020004,Block Group 4; Census Tract 20; Olmsted County; Minnesota,815,102,59,47,52,45,3,4,40,24,14,9,3,5,28,20,33,17,6,5,33,17,112,67,145,51,91,37,88,26,66,20,42,17
1500000US271090020005,Block Group 5; Census Tract 20; Olmsted County; Minnesota,327,46,14,13,6,9,4,4,0,10,2,3,9,8,6,4,6,9,7,5,16,10,40,21,37,19,54,25,31,15,43,14,52,18
1500000US271090021001,Block Group 1; Census Tract 21; Olmsted County; Minnesota,464,136,0,10,0,10,0,10,0,10,0,10,13,23,38,42,2,5,19,34,108,90,17,27,4,5,57,60,55,45,72,80,79,86
1500000US271090021002,Block Group 2; Census Tract 21; Olmsted County; Minnesota,418,129,13,21,0,10,0,10,23,36,0,10,4,5,47,68,14,23,0,10,14,21,49,47,83,74,84,86,18,29,52,72,17,24
1500000US271090021003,Block Group 3; Census Tract 21; Olmsted County; Minnesota,836,180,21,34,52,52,17,29,87,61,52,49,45,57,13,23,20,32,15,25,26,32,91,68,93,74,46,36,69,67,170,95,19,34
1500000US271090021004,Block Group 4; Census Tract 21; Olmsted County; Minnesota,335,131,0,10,0,10,0,10,0,10,62,63,0,10,29,38,0,10,0,10,72,81,67,95,22,37,0,10,65,77,0,10,18,29
1500000US271090021005,Block Group 5; Census Tract 21; Olmsted County; Minnesota,502,143,0,10,0,10,0,10,27,37,0,10,0,10,0,10,0,10,28,31,19,26,124,100,12,22,53,49,110,82,36,44,93,81
1500000US271090022001,Block Group 1; Census Tract 22; Olmsted County; Minnesota,264,37,7,8,0,10,0,10,11,12,3,4,11,9,15,18,6,7,8,8,4,5,9,9,21,12,31,15,29,15,42,18,67,23
1500000US271090022002,Block Group 2; Census Tract 22; Olmsted County; Minnesota,441,59,8,11,4,7,3,3,7,6,28,35,7,7,4,4,8,6,9,6,12,9,21,15,73,23,52,22,64,41,67,20,74,23
1500000US271090022003,Block Group 3; Census Tract 22; Olmsted County; Minnesota,318,63,11,13,6,6,18,23,1,3,4,4,6,6,20,18,11,10,10,7,10,7,54,49,36,15,29,13,33,14,32,13,37,17
1500000US271090022004,Block Group 4; Census Tract 22; Olmsted County; Minnesota,417,65,6,5,0,10,11,13,3,3,11,12,0,10,13,14,5,5,7,6,4,4,27,14,78,49,62,22,77,34,35,17,78,30
1500000US271090023001,Block Group 1; Census Tract 23; Olmsted County; Minnesota,333,107,0,10,0,10,21,34,36,57,0,10,0,10,30,51,0,10,0,10,8,15,0,10,40,45,15,26,92,50,32,35,59,47
1500000US271090023002,Block Group 2; Census Tract 23; Olmsted County; Minnesota,604,226,14,21,0,10,0,10,38,61,20,32,0,10,0,10,17,27,139,154,52,48,86,103,140,78,39,37,40,65,0,10,19,30
1500000US271090023003,Block Group 3; Census Tract 23; Olmsted County; Minnesota,872,168,21,31,20,26,0,10,6,7,2,4,12,19,21,34,0,10,3,6,11,11,67,54,82,52,12,10,29,28,210,106,376,131
1500000US271090023004,Block Group 4; Census Tract 23; Olmsted County; Minnesota,697,176,0,10,0,10,28,43,0,10,45,53,56,70,11,19,0,10,0,10,64,60,97,88,234,168,55,48,27,33,26,40,54,51
1500000US271119601021,Block Group 1; Census Tract 9601.02; Otter Tail County; Minnesota,338,40,6,6,5,4,1,2,13,8,9,8,7,7,21,11,6,4,7,8,32,15,27,11,56,21,50,21,43,15,33,19,22,12
1500000US271119601022,Block Group 2; Census Tract 9601.02; Otter Tail County; Minnesota,408,59,13,9,12,10,9,7,15,9,5,7,22,17,11,7,8,8,18,10,35,14,33,11,69,19,44,14,42,32,41,16,31,12
1500000US271119601023,Block Group 3; Census Tract 9601.02; Otter Tail County; Minnesota,330,37,8,5,2,2,22,12,5,6,11,10,1,2,5,5,7,5,4,3,28,14,27,12,43,13,50,15,27,17,43,17,47,14
1500000US271119601031,Block Group 1; Census Tract 9601.03; Otter Tail County; Minnesota,420,46,15,7,13,13,15,9,6,5,4,5,13,7,17,8,15,9,19,11,24,10,49,18,57,14,60,17,36,13,39,12,38,17
1500000US271119601032,Block Group 2; Census Tract 9601.03; Otter Tail County; Minnesota,235,41,4,4,4,6,2,2,9,7,5,5,0,10,5,4,9,6,12,10,18,10,12,11,50,21,21,15,20,11,24,11,40,13
1500000US271119601033,Block Group 3; Census Tract 9601.03; Otter Tail County; Minnesota,318,58,7,8,2,3,3,4,2,3,25,21,2,3,15,11,38,42,9,6,2,4,26,10,25,11,33,16,39,29,56,21,34,20
1500000US271119603001,Block Group 1; Census Tract 9603; Otter Tail County; Minnesota,303,62,11,8,4,5,18,15,6,7,3,4,17,18,11,9,22,24,2,3,22,12,34,20,13,9,65,32,30,16,27,19,18,13
1500000US271119603002,Block Group 2; Census Tract 9603; Otter Tail County; Minnesota,579,108,48,41,26,21,51,52,20,21,25,22,0,10,33,36,0,10,26,40,3,4,125,83,50,29,100,61,42,31,12,17,18,16
1500000US271119603003,Block Group 3; Census Tract 9603; Otter Tail County; Minnesota,429,86,46,33,28,23,38,38,17,19,24,26,7,10,5,8,22,25,0,10,23,18,17,12,80,51,37,24,42,28,23,16,20,14
1500000US271119604001,Block Group 1; Census Tract 9604; Otter Tail County; Minnesota,242,47,5,4,7,6,4,5,5,5,0,10,2,3,4,7,7,5,0,10,19,13,31,10,48,23,24,11,25,19,20,8,41,17
1500000US271119604002,Block Group 2; Census Tract 9604; Otter Tail County; Minnesota,459,53,2,3,8,6,4,4,20,15,10,9,11,8,5,5,21,11,21,11,42,20,30,13,72,27,59,24,26,12,65,19,63,29
1500000US271119604003,Block Group 3; Census Tract 9604; Otter Tail County; Minnesota,239,31,3,4,4,4,0,10,0,10,4,5,7,7,4,5,12,7,1,4,19,14,19,12,22,11,25,12,23,10,35,15,61,23
1500000US271119605001,Block Group 1; Census Tract 9605; Otter Tail County; Minnesota,388,96,52,60,8,10,23,26,7,6,30,39,4,5,3,4,22,21,5,5,40,33,22,12,43,17,35,21,26,18,33,15,35,15
1500000US271119605002,Block Group 2; Census Tract 9605; Otter Tail County; Minnesota,598,132,24,34,15,22,22,34,19,26,0,10,41,41,47,43,0,10,43,39,104,89,35,39,66,50,42,36,61,46,18,24,61,53
1500000US271119605003,Block Group 3; Census Tract 9605; Otter Tail County; Minnesota,873,115,94,71,18,23,83,83,44,64,51,48,17,25,106,82,0,10,53,73,51,39,83,56,39,36,64,48,67,51,103,65,0,10
1500000US271119605004,Block Group 4; Census Tract 9605; Otter Tail County; Minnesota,429,86,3,4,6,9,7,7,19,15,6,6,17,10,17,13,10,8,18,14,31,16,44,17,57,31,68,28,54,20,34,19,38,20
1500000US271119606001,Block Group 1; Census Tract 9606; Otter Tail County; Minnesota,459,61,12,10,21,13,30,19,10,7,3,4,23,16,15,12,14,13,18,15,23,11,53,20,44,19,50,23,52,20,71,32,20,14
1500000US271119606002,Block Group 2; Census Tract 9606; Otter Tail County; Minnesota,343,45,13,11,8,6,4,4,11,9,17,9,10,6,2,4,5,4,18,12,25,10,67,37,58,28,50,20,5,6,25,12,25,15
1500000US271119606003,Block Group 3; Census Tract 9606; Otter Tail County; Minnesota,515,72,19,20,54,30,19,11,16,20,35,32,19,13,53,27,11,9,22,22,29,15,67,24,63,32,42,20,23,10,31,18,12,6
1500000US271119606004,Block Group 4; Census Tract 9606; Otter Tail County; Minnesota,559,54,16,9,8,6,23,18,8,8,13,9,14,12,20,14,26,17,28,15,41,17,51,19,91,24,96,28,31,12,56,22,37,18
1500000US271119607001,Block Group 1; Census Tract 9607; Otter Tail County; Minnesota,553,57,18,14,45,25,9,8,13,6,17,8,9,8,20,9,27,20,25,10,51,16,67,20,83,24,60,24,29,11,45,21,35,15
1500000US271119607002,Block Group 2; Census Tract 9607; Otter Tail County; Minnesota,587,59,16,8,25,12,9,7,13,7,30,22,8,9,46,14,12,7,11,7,55,21,62,16,85,26,100,32,26,9,66,20,23,9
1500000US271119608001,Block Group 1; Census Tract 9608; Otter Tail County; Minnesota,283,43,10,8,4,6,3,3,2,4,2,3,9,8,1,2,16,10,7,7,17,12,19,10,27,12,65,27,32,16,29,11,40,25
1500000US271119608002,Block Group 2; Census Tract 9608; Otter Tail County; Minnesota,497,48,9,8,17,8,7,6,17,15,13,8,8,5,6,4,7,5,19,12,30,22,49,15,60,16,87,22,54,19,55,19,59,31
1500000US271119608003,Block Group 3; Census Tract 9608; Otter Tail County; Minnesota,454,60,20,13,39,40,13,10,10,8,12,11,4,4,11,7,10,6,10,6,19,9,40,18,87,21,53,15,28,11,64,24,34,14
1500000US271119609001,Block Group 1; Census Tract 9609; Otter Tail County; Minnesota,644,173,68,59,14,22,33,37,13,19,81,64,63,70,90,116,17,24,11,18,68,74,29,33,38,38,66,58,45,34,7,11,1,3
1500000US271119609002,Block Group 2; Census Tract 9609; Otter Tail County; Minnesota,368,110,0,10,1,3,64,68,0,10,26,41,0,10,1,3,30,26,30,34,57,69,26,29,66,52,10,11,21,22,23,37,13,21
1500000US271119609003,Block Group 3; Census Tract 9609; Otter Tail County; Minnesota,241,104,18,27,0,10,21,23,38,45,0,10,15,23,0,10,11,19,0,10,8,16,0,10,0,10,74,63,0,10,0,10,56,69
1500000US271119609004,Block Group 4; Census Tract 9609; Otter Tail County; Minnesota,271,98,0,10,14,22,0,10,38,44,15,23,0,10,0,10,0,10,29,34,0,10,47,56,94,94,34,53,0,10,0,10,0,10
1500000US271119609005,Block Group 5; Census Tract 9609; Otter Tail County; Minnesota,316,146,53,79,0,10,0,10,36,46,0,10,0,10,0,10,0,10,13,21,90,107,11,16,37,46,76,85,0,10,0,10,0,10
1500000US271119609006,Block Group 6; Census Tract 9609; Otter Tail County; Minnesota,689,151,51,57,7,12,0,10,40,43,75,63,70,76,69,76,51,43,16,27,65,49,65,66,51,49,65,56,32,26,13,9,19,24
1500000US271119610001,Block Group 1; Census Tract 9610; Otter Tail County; Minnesota,812,162,2,4,0,10,21,34,18,30,53,75,47,39,22,28,0,10,2,5,52,52,135,92,177,97,210,145,24,27,23,34,26,41
1500000US271119610002,Block Group 2; Census Tract 9610; Otter Tail County; Minnesota,419,122,39,44,0,10,0,10,47,70,0,10,19,30,18,30,0,10,74,75,0,10,39,43,51,57,45,49,14,23,29,45,44,51
1500000US271119610003,Block Group 3; Census Tract 9610; Otter Tail County; Minnesota,498,114,20,31,60,83,41,65,0,10,18,30,73,48,67,64,22,36,0,10,0,10,25,40,86,69,38,44,27,45,0,10,21,31
1500000US271119610004,Block Group 4; Census Tract 9610; Otter Tail County; Minnesota,618,175,42,48,37,41,126,106,18,28,130,103,0,10,95,71,2,4,25,38,0,10,90,90,2,5,47,54,0,10,0,10,4,7
1500000US271119611001,Block Group 1; Census Tract 9611; Otter Tail County; Minnesota,439,112,54,66,0,10,22,32,8,13,25,37,32,33,8,13,22,24,47,46,82,59,64,60,37,33,15,18,12,19,0,10,11,16
1500000US271119611002,Block Group 2; Census Tract 9611; Otter Tail County; Minnesota,500,129,0,10,37,40,78,72,13,18,57,76,27,25,8,14,0,10,40,34,48,36,51,42,74,53,3,7,12,17,37,23,15,22
1500000US271119611003,Block Group 3; Census Tract 9611; Otter Tail County; Minnesota,744,121,6,7,11,13,0,10,11,16,13,18,21,28,21,20,11,16,33,36,24,19,112,57,102,52,113,65,39,33,133,88,94,68
1500000US271119611004,Block Group 4; Census Tract 9611; Otter Tail County; Minnesota,400,81,0,10,0,10,0,10,8,13,0,10,14,17,0,10,5,8,4,6,14,13,50,35,70,53,78,48,52,32,39,28,66,36
1500000US271119612001,Block Group 1; Census Tract 9612; Otter Tail County; Minnesota,517,55,10,7,1,2,11,6,14,9,19,11,19,10,18,9,31,11,21,14,53,21,59,19,68,23,71,21,33,12,44,22,45,20
1500000US271119612002,Block Group 2; Census Tract 9612; Otter Tail County; Minnesota,523,58,2,3,21,11,20,11,24,13,35,20,14,9,18,11,18,11,34,24,38,19,44,17,96,40,51,24,31,17,37,16,40,15
1500000US271119613001,Block Group 1; Census Tract 9613; Otter Tail County; Minnesota,551,69,17,7,16,9,6,5,4,5,22,16,22,15,21,10,27,12,9,8,41,14,49,16,96,25,65,16,33,14,73,59,50,23
1500000US271119613002,Block Group 2; Census Tract 9613; Otter Tail County; Minnesota,420,71,36,20,14,8,25,23,24,11,17,12,41,38,24,21,23,19,13,11,42,19,62,22,34,19,13,8,35,16,9,7,8,6
1500000US271119613003,Block Group 3; Census Tract 9613; Otter Tail County; Minnesota,281,37,2,3,5,5,13,10,19,15,6,7,8,7,12,9,12,8,13,11,39,17,28,13,42,17,28,14,30,15,12,7,12,8
1500000US271119613004,Block Group 4; Census Tract 9613; Otter Tail County; Minnesota,420,45,7,7,4,4,8,8,26,18,20,11,17,11,21,16,11,6,15,14,22,11,57,21,54,18,39,12,27,16,60,25,32,14
1500000US271119614001,Block Group 1; Census Tract 9614; Otter Tail County; Minnesota,411,66,19,11,3,4,14,9,9,8,2,3,15,12,6,4,15,8,15,10,25,13,66,29,31,15,84,43,32,16,45,20,30,14
1500000US271119614002,Block Group 2; Census Tract 9614; Otter Tail County; Minnesota,295,46,9,6,10,8,10,6,2,3,4,3,8,6,12,9,6,6,4,4,48,33,40,14,41,14,20,11,19,10,39,18,23,13
1500000US271119614003,Block Group 3; Census Tract 9614; Otter Tail County; Minnesota,407,44,40,27,0,10,13,7,12,7,11,6,19,8,9,9,4,3,13,9,29,11,38,12,51,18,83,22,17,11,24,14,44,17
1500000US271119615001,Block Group 1; Census Tract 9615; Otter Tail County; Minnesota,553,70,7,5,10,6,28,17,20,12,12,10,16,8,26,14,17,10,19,9,53,20,54,19,92,27,56,18,46,20,27,13,70,36
1500000US271119615002,Block Group 2; Census Tract 9615; Otter Tail County; Minnesota,220,31,5,3,7,5,7,9,1,2,8,5,18,14,9,5,7,4,3,4,16,10,20,8,40,13,30,13,25,13,19,8,5,7
1500000US271119615003,Block Group 3; Census Tract 9615; Otter Tail County; Minnesota,507,45,20,12,14,8,11,8,37,19,22,13,17,10,20,13,20,13,22,14,53,15,95,31,45,17,66,18,24,15,17,13,24,11
1500000US271119616001,Block Group 1; Census Tract 9616; Otter Tail County; Minnesota,251,43,1,2,0,10,11,6,2,4,6,5,20,15,17,10,11,8,7,4,9,5,36,19,29,12,38,14,23,13,18,8,23,13
1500000US271119616002,Block Group 2; Census Tract 9616; Otter Tail County; Minnesota,458,65,12,9,8,5,14,11,5,4,14,6,33,21,19,12,16,9,14,11,26,8,33,18,45,13,92,41,54,29,32,10,41,26
1500000US271119616003,Block Group 3; Census Tract 9616; Otter Tail County; Minnesota,264,39,8,6,7,5,3,4,7,8,5,5,14,16,7,6,8,7,9,8,32,17,37,19,25,11,47,12,12,8,25,13,18,12
1500000US271119617001,Block Group 1; Census Tract 9617; Otter Tail County; Minnesota,375,43,3,4,4,4,10,10,7,5,5,4,5,4,10,6,5,5,8,6,13,8,28,14,86,23,45,14,51,22,61,23,34,10
1500000US271119617002,Block Group 2; Census Tract 9617; Otter Tail County; Minnesota,286,36,5,5,3,4,0,10,4,4,0,10,6,8,0,10,5,5,5,4,11,7,21,11,38,13,26,12,31,13,50,22,81,21
1500000US271119617003,Block Group 3; Census Tract 9617; Otter Tail County; Minnesota,621,99,12,9,8,7,8,6,14,14,9,6,31,29,18,12,12,13,18,10,36,12,85,58,71,19,119,61,72,21,60,24,48,15
1500000US271130901001,Block Group 1; Census Tract 901; Pennington County; Minnesota,351,52,2,3,2,3,3,3,16,11,1,2,5,5,21,16,14,11,20,19,39,20,16,9,81,25,23,11,53,25,27,12,28,11
1500000US271130901002,Block Group 2; Census Tract 901; Pennington County; Minnesota,311,60,13,8,11,8,6,6,8,5,14,12,11,8,3,4,48,32,3,5,9,6,22,13,46,19,23,11,32,19,46,30,16,9
1500000US271130901003,Block Group 3; Census Tract 901; Pennington County; Minnesota,202,41,7,5,18,13,1,3,4,4,0,10,1,2,6,4,12,10,17,17,20,10,14,9,32,15,40,23,6,6,7,5,17,12
1500000US271130902001,Block Group 1; Census Tract 902; Pennington County; Minnesota,303,103,8,13,13,21,0,10,53,62,3,6,7,12,18,28,4,6,0,10,4,6,10,9,35,26,10,16,77,54,53,37,8,13
1500000US271130902002,Block Group 2; Census Tract 902; Pennington County; Minnesota,490,94,53,60,40,59,24,19,0,10,21,30,19,21,16,28,4,7,16,24,35,25,59,45,30,29,62,52,83,50,11,14,17,19
1500000US271130902003,Block Group 3; Census Tract 902; Pennington County; Minnesota,322,74,20,25,0,10,9,13,0,10,12,19,12,21,0,10,11,17,0,10,41,41,30,37,25,30,53,46,51,41,51,45,7,11
1500000US271130903001,Block Group 1; Census Tract 903; Pennington County; Minnesota,381,53,16,14,1,2,9,13,6,6,2,3,7,6,1,2,23,23,4,5,17,9,23,11,57,20,57,24,46,19,91,24,21,13
1500000US271130903002,Block Group 2; Census Tract 903; Pennington County; Minnesota,475,61,22,22,21,19,2,4,2,3,10,7,19,14,5,5,8,10,14,9,22,11,66,28,34,11,108,33,42,25,50,25,50,18
1500000US271130904001,Block Group 1; Census Tract 904; Pennington County; Minnesota,577,125,17,19,16,18,2,4,0,10,0,10,23,23,96,100,32,33,9,15,31,29,64,51,127,73,78,59,48,44,18,27,16,18
1500000US271130904002,Block Group 2; Census Tract 904; Pennington County; Minnesota,395,89,0,10,13,20,45,36,19,22,29,28,19,23,8,13,0,10,15,16,82,60,75,48,10,19,70,48,0,10,10,17,0,10
1500000US271130904003,Block Group 3; Census Tract 904; Pennington County; Minnesota,535,106,42,52,29,26,42,43,18,21,33,50,16,21,0,10,0,10,19,26,28,24,26,24,86,50,56,41,27,31,50,39,63,39
1500000US271130905001,Block Group 1; Census Tract 905; Pennington County; Minnesota,751,133,0,10,10,17,51,57,48,46,66,52,12,18,77,52,29,27,42,35,0,10,98,80,57,47,76,42,86,70,63,45,36,31
1500000US271130905002,Block Group 2; Census Tract 905; Pennington County; Minnesota,736,126,5,8,7,10,0,10,37,34,19,24,116,74,18,20,49,51,13,21,49,33,63,38,153,74,86,62,54,27,31,24,36,37
1500000US271130905003,Block Group 3; Census Tract 905; Pennington County; Minnesota,378,95,11,18,44,51,0,10,6,10,0,10,0,10,8,14,0,10,0,10,20,23,42,30,40,29,70,46,83,57,34,30,20,23
1500000US271159501001,Block Group 1; Census Tract 9501; Pine County; Minnesota,552,64,12,6,19,12,17,11,19,12,29,16,51,35,12,9,33,14,17,9,43,17,68,22,65,17,67,25,35,14,34,16,31,27
1500000US271159501002,Block Group 2; Census Tract 9501; Pine County; Minnesota,634,74,23,26,22,15,3,4,20,19,6,6,42,18,25,13,10,7,16,16,29,15,42,18,150,51,76,29,64,23,46,22,60,18
1500000US271159502001,Block Group 1; Census Tract 9502; Pine County; Minnesota,401,43,24,12,10,6,4,4,13,7,15,14,25,12,14,7,28,15,16,12,20,9,36,14,51,17,34,14,15,7,62,24,34,15
1500000US271159502002,Block Group 2; Census Tract 9502; Pine County; Minnesota,746,67,15,18,20,12,31,13,38,19,30,22,35,13,33,22,25,10,23,15,60,26,55,18,157,44,77,22,54,23,52,21,41,21
1500000US271159503001,Block Group 1; Census Tract 9503; Pine County; Minnesota,599,70,41,21,36,13,14,9,25,12,26,13,24,15,20,15,17,11,47,37,29,18,69,20,112,45,55,25,31,14,38,14,15,13
1500000US271159503002,Block Group 2; Census Tract 9503; Pine County; Minnesota,217,36,4,4,3,3,3,3,2,3,9,6,17,14,9,7,9,5,2,3,21,11,18,12,39,14,26,17,15,10,30,10,10,9
1500000US271159503003,Block Group 3; Census Tract 9503; Pine County; Minnesota,437,59,25,18,15,8,14,8,25,18,26,14,12,8,8,5,3,5,8,11,43,13,86,46,61,20,46,17,23,12,25,10,17,9
1500000US271159504011,Block Group 1; Census Tract 9504.01; Pine County; Minnesota,567,68,27,13,19,9,34,22,28,18,14,17,8,7,16,17,30,10,20,10,21,9,67,17,125,35,32,14,41,22,48,21,37,18
1500000US271159504021,Block Group 1; Census Tract 9504.02; Pine County; Minnesota,399,83,68,62,44,23,22,20,13,12,35,22,6,9,3,5,9,8,30,18,29,18,28,14,52,26,16,16,20,18,24,20,0,10
1500000US271159504022,Block Group 2; Census Tract 9504.02; Pine County; Minnesota,453,59,28,17,23,26,17,15,10,7,6,5,16,9,10,8,31,25,11,8,45,30,33,15,91,28,53,19,16,9,17,11,46,27
1500000US271159504023,Block Group 3; Census Tract 9504.02; Pine County; Minnesota,365,69,10,7,32,37,4,5,24,19,2,3,2,3,24,20,21,9,3,4,79,34,35,22,56,22,26,13,31,23,9,7,7,7
1500000US271159505001,Block Group 1; Census Tract 9505; Pine County; Minnesota,766,96,29,16,40,24,17,10,28,20,12,11,27,15,25,10,77,69,16,12,55,16,74,25,106,37,73,27,50,19,84,38,53,18
1500000US271159505002,Block Group 2; Census Tract 9505; Pine County; Minnesota,701,98,25,17,49,29,42,21,22,11,33,16,46,26,107,64,15,10,13,9,61,24,61,30,123,38,51,24,27,22,12,9,14,18
1500000US271159505003,Block Group 3; Census Tract 9505; Pine County; Minnesota,494,67,29,28,8,6,22,18,21,10,25,15,28,18,13,7,28,28,12,11,29,13,28,14,56,31,99,28,30,15,46,23,20,14
1500000US271159506001,Block Group 1; Census Tract 9506; Pine County; Minnesota,759,109,26,13,7,7,27,22,4,6,9,9,5,5,25,16,15,14,22,16,29,21,94,45,189,59,75,33,44,20,171,77,17,11
1500000US271159506002,Block Group 2; Census Tract 9506; Pine County; Minnesota,508,65,23,16,6,6,9,8,18,11,0,10,15,11,0,10,13,10,2,3,21,13,56,32,102,44,68,25,52,22,79,32,44,19
1500000US271159506003,Block Group 3; Census Tract 9506; Pine County; Minnesota,581,66,55,26,19,11,15,10,31,19,10,9,24,22,31,24,18,14,24,18,26,15,42,18,103,31,81,25,27,15,45,20,30,17
1500000US271159507001,Block Group 1; Census Tract 9507; Pine County; Minnesota,831,121,47,43,71,80,29,31,0,10,48,51,42,37,10,14,55,63,12,18,91,56,92,43,89,57,104,62,59,38,22,20,60,54
1500000US271159507002,Block Group 2; Census Tract 9507; Pine County; Minnesota,376,109,8,13,79,62,47,69,13,19,10,17,23,25,39,56,11,17,33,45,0,10,14,23,12,17,47,32,16,23,15,23,9,18
1500000US271159507003,Block Group 3; Census Tract 9507; Pine County; Minnesota,648,108,105,66,21,33,44,53,15,23,0,10,18,21,33,32,5,9,12,19,98,67,38,49,53,41,116,63,59,45,8,14,23,35
1500000US271159508001,Block Group 1; Census Tract 9508; Pine County; Minnesota,419,79,7,7,5,8,8,10,11,11,7,8,15,13,25,21,21,15,6,7,50,23,25,16,92,33,28,20,42,21,41,27,36,22
1500000US271159508002,Block Group 2; Census Tract 9508; Pine County; Minnesota,358,75,15,20,2,4,27,38,15,18,4,6,0,10,16,20,12,14,34,31,75,57,0,10,77,37,16,15,13,12,37,23,15,15
1500000US271159508003,Block Group 3; Census Tract 9508; Pine County; Minnesota,512,102,6,8,0,10,0,10,17,21,27,25,16,19,0,10,0,10,12,13,59,40,74,42,60,33,41,24,50,32,81,49,69,76
1500000US271174601001,Block Group 1; Census Tract 4601; Pipestone County; Minnesota,340,38,2,2,11,5,15,14,8,14,7,5,10,5,6,7,19,12,27,13,26,14,21,7,64,23,29,10,29,11,31,16,35,14
1500000US271174601002,Block Group 2; Census Tract 4601; Pipestone County; Minnesota,277,40,24,14,13,10,11,8,10,8,20,13,8,10,13,10,19,12,1,2,27,14,37,14,24,15,18,9,15,7,26,8,11,5
1500000US271174602001,Block Group 1; Census Tract 4602; Pipestone County; Minnesota,364,82,14,18,29,24,24,20,0,10,0,10,20,18,25,24,8,10,48,45,23,23,51,26,32,22,31,30,14,14,14,22,31,22
1500000US271174602002,Block Group 2; Census Tract 4602; Pipestone County; Minnesota,453,72,38,30,6,10,10,14,12,16,3,4,0,10,13,16,4,6,32,28,43,41,21,20,142,64,70,50,7,12,21,23,31,29
1500000US271174603001,Block Group 1; Census Tract 4603; Pipestone County; Minnesota,276,80,12,19,14,23,8,12,24,27,0,10,36,36,28,33,0,10,0,10,27,35,25,21,31,42,8,13,28,32,0,10,35,33
1500000US271174603002,Block Group 2; Census Tract 4603; Pipestone County; Minnesota,389,90,0,10,43,45,12,16,17,17,7,12,0,10,12,14,14,22,0,10,15,13,47,40,75,38,74,47,50,37,10,16,13,25
1500000US271174603003,Block Group 3; Census Tract 4603; Pipestone County; Minnesota,362,94,37,37,10,18,17,27,29,29,38,36,20,32,7,10,7,11,0,10,68,45,20,24,40,31,37,31,16,28,7,11,9,15
1500000US271174604001,Block Group 1; Census Tract 4604; Pipestone County; Minnesota,349,53,4,5,2,3,2,2,4,4,2,2,8,7,7,5,14,12,4,5,19,11,26,13,53,18,38,15,44,15,87,46,35,12
1500000US271174604002,Block Group 2; Census Tract 4604; Pipestone County; Minnesota,381,43,38,25,10,6,16,10,5,4,13,7,22,16,21,9,12,11,17,13,42,20,47,22,43,15,64,16,15,12,12,6,4,4
1500000US271174605001,Block Group 1; Census Tract 4605; Pipestone County; Minnesota,264,49,0,10,3,3,2,5,19,16,20,15,2,3,14,10,8,9,5,5,43,35,22,11,47,19,22,10,20,16,21,11,16,10
1500000US271174605002,Block Group 2; Census Tract 4605; Pipestone County; Minnesota,516,62,14,12,14,15,5,5,35,28,20,10,12,10,3,4,47,23,9,8,40,20,93,42,63,20,55,19,49,27,34,17,23,10
1500000US271190201001,Block Group 1; Census Tract 201; Polk County; Minnesota,522,116,59,83,8,12,0,10,14,21,15,20,8,11,62,56,5,8,11,17,30,34,26,28,41,40,72,60,74,41,65,38,32,26
1500000US271190201002,Block Group 2; Census Tract 201; Polk County; Minnesota,977,185,33,35,7,12,54,54,41,60,36,45,136,104,19,30,12,22,19,21,46,38,62,42,204,98,88,42,89,71,110,53,21,25
1500000US271190201003,Block Group 3; Census Tract 201; Polk County; Minnesota,298,130,40,46,0,10,16,27,25,34,42,53,0,10,51,55,47,60,0,10,0,10,0,10,34,27,0,10,43,62,0,10,0,10
1500000US271190202001,Block Group 1; Census Tract 202; Polk County; Minnesota,404,78,64,45,28,24,57,58,26,42,15,17,9,14,0,10,8,14,7,11,61,48,29,23,75,43,13,13,5,8,0,10,7,10
1500000US271190202002,Block Group 2; Census Tract 202; Polk County; Minnesota,285,70,45,42,11,15,14,15,6,9,6,9,21,23,0,10,8,11,11,16,14,15,53,36,13,14,28,23,10,11,45,34,0,10
1500000US271190203001,Block Group 1; Census Tract 203; Polk County; Minnesota,548,75,19,21,7,11,10,15,0,10,0,10,8,13,10,14,7,11,27,28,21,28,74,40,83,46,118,50,27,27,65,35,72,39
1500000US271190203002,Block Group 2; Census Tract 203; Polk County; Minnesota,516,86,30,30,0,10,0,10,0,10,7,11,0,10,6,10,17,25,2,4,12,22,20,20,27,26,86,53,54,39,184,78,71,62
1500000US271190204001,Block Group 1; Census Tract 204; Polk County; Minnesota,341,50,5,4,19,23,1,2,26,28,16,13,5,4,6,7,5,6,4,5,25,12,28,10,85,20,39,24,48,16,22,7,7,6
1500000US271190204002,Block Group 2; Census Tract 204; Polk County; Minnesota,201,29,4,4,1,2,4,6,0,10,2,3,4,3,5,4,5,7,0,10,8,5,36,12,30,10,36,14,12,7,23,17,31,15
1500000US271190204003,Block Group 3; Census Tract 204; Polk County; Minnesota,281,41,8,5,0,10,1,3,0,10,6,5,17,11,0,10,6,8,3,3,15,8,25,9,18,8,72,39,24,19,36,12,50,18
1500000US271190205001,Block Group 1; Census Tract 205; Polk County; Minnesota,491,50,15,8,13,11,5,4,8,7,5,3,3,3,12,9,21,11,10,9,55,20,35,17,67,22,70,28,52,18,70,25,50,12
1500000US271190205002,Block Group 2; Census Tract 205; Polk County; Minnesota,224,38,10,6,2,3,1,1,9,11,1,4,0,10,0,10,5,4,2,2,20,10,19,18,40,12,51,25,7,5,28,11,29,10
1500000US271190205003,Block Group 3; Census Tract 205; Polk County; Minnesota,242,35,13,10,3,3,6,7,7,9,19,11,7,4,10,8,19,10,12,8,18,10,19,9,26,10,19,9,11,7,35,23,18,10
1500000US271190206001,Block Group 1; Census Tract 206; Polk County; Minnesota,435,134,18,27,0,10,24,47,18,30,1,2,0,10,36,38,20,30,0,10,28,45,0,10,18,29,60,59,7,18,172,101,33,49
1500000US271190206002,Block Group 2; Census Tract 206; Polk County; Minnesota,729,164,70,57,58,68,16,30,23,33,48,50,0,10,18,29,12,19,0,10,70,67,35,41,125,115,96,49,120,87,0,10,38,45
1500000US271190206003,Block Group 3; Census Tract 206; Polk County; Minnesota,606,156,54,63,197,92,23,38,56,52,13,20,70,84,15,26,0,10,21,28,19,30,22,28,60,53,18,26,4,6,31,36,3,5
1500000US271190206004,Block Group 4; Census Tract 206; Polk County; Minnesota,233,134,0,10,11,21,0,10,0,10,0,10,0,10,0,10,79,90,10,18,15,24,8,20,32,38,31,46,0,10,0,10,47,79
1500000US271190206005,Block Group 5; Census Tract 206; Polk County; Minnesota,358,107,0,10,0,10,0,10,57,54,0,10,0,10,81,73,26,41,30,45,0,10,26,25,10,18,0,10,79,72,49,54,0,10
1500000US271190207001,Block Group 1; Census Tract 207; Polk County; Minnesota,363,100,51,48,15,15,0,10,21,21,4,7,6,11,40,60,7,15,85,80,40,42,16,15,29,23,14,22,0,10,35,32,0,10
1500000US271190207002,Block Group 2; Census Tract 207; Polk County; Minnesota,339,78,18,22,16,13,0,10,10,12,12,13,21,18,0,10,37,30,12,14,61,40,37,33,35,25,51,42,7,11,8,13,14,22
1500000US271190207003,Block Group 3; Census Tract 207; Polk County; Minnesota,338,97,19,22,1,2,17,26,5,8,0,10,7,11,0,10,8,11,36,52,52,46,16,13,50,32,26,32,3,5,47,48,51,62
1500000US271190208001,Block Group 1; Census Tract 208; Polk County; Minnesota,456,52,16,10,4,5,9,6,10,8,13,10,8,5,20,13,12,11,20,15,40,19,21,9,78,20,67,18,39,13,50,23,49,20
1500000US271190208002,Block Group 2; Census Tract 208; Polk County; Minnesota,385,46,2,4,22,13,14,9,8,6,19,12,19,9,11,9,15,8,14,7,26,11,48,17,23,11,54,22,78,34,18,11,14,7
1500000US271190209001,Block Group 1; Census Tract 209; Polk County; Minnesota,227,32,12,6,5,5,2,4,9,6,7,7,5,6,17,13,17,9,8,5,12,10,8,6,18,7,29,11,15,11,25,20,38,14
1500000US271190209002,Block Group 2; Census Tract 209; Polk County; Minnesota,326,60,4,5,31,25,44,34,10,6,17,13,10,6,4,4,8,6,27,16,16,9,34,18,38,16,44,18,11,7,7,8,21,12
1500000US271190209003,Block Group 3; Census Tract 209; Polk County; Minnesota,376,75,66,54,20,17,20,15,17,13,13,10,7,7,9,9,10,7,4,5,30,12,29,14,45,18,44,16,32,20,19,12,11,7
1500000US271190209004,Block Group 4; Census Tract 209; Polk County; Minnesota,271,39,6,5,12,7,1,2,6,8,9,9,20,14,8,9,11,10,18,10,19,19,31,21,47,17,28,15,9,6,16,10,30,17
1500000US271190209005,Block Group 5; Census Tract 209; Polk County; Minnesota,249,42,4,4,12,10,6,5,19,24,3,5,2,7,5,4,2,2,9,6,23,19,16,9,42,19,30,17,20,8,26,16,30,11
1500000US271190210001,Block Group 1; Census Tract 210; Polk County; Minnesota,309,45,27,18,3,5,4,5,18,14,5,5,9,9,15,9,27,19,6,5,29,21,40,15,33,14,39,18,22,11,17,14,15,12
1500000US271190210002,Block Group 2; Census Tract 210; Polk County; Minnesota,366,48,8,6,8,7,4,3,15,16,12,7,8,6,6,6,12,7,12,9,34,14,14,13,74,29,37,15,21,13,72,32,29,13
1500000US271190210003,Block Group 3; Census Tract 210; Polk County; Minnesota,345,52,13,7,17,13,32,23,5,5,40,25,12,8,8,7,13,7,11,13,30,13,44,19,47,22,23,15,18,11,19,10,13,10
1500000US271190210004,Block Group 4; Census Tract 210; Polk County; Minnesota,319,55,40,17,34,24,16,13,19,16,11,7,4,5,9,7,11,13,2,4,47,23,41,32,38,21,12,7,22,26,10,9,3,4
1500000US271219701001,Block Group 1; Census Tract 9701; Pope County; Minnesota,363,56,15,12,14,9,7,6,9,5,2,3,6,5,18,11,10,8,7,5,41,33,30,14,37,16,41,16,33,11,47,23,46,17
1500000US271219701002,Block Group 2; Census Tract 9701; Pope County; Minnesota,308,43,8,5,4,4,13,10,11,8,21,19,21,10,12,9,11,7,5,5,26,16,34,12,39,18,27,14,37,16,13,7,26,10
1500000US271219701003,Block Group 3; Census Tract 9701; Pope County; Minnesota,344,56,8,7,14,9,15,11,9,5,2,5,9,6,4,4,6,4,12,7,22,8,63,24,80,43,25,20,26,11,32,10,17,10
1500000US271219702001,Block Group 1; Census Tract 9702; Pope County; Minnesota,355,60,4,4,10,11,10,7,8,5,16,8,4,5,12,9,28,20,0,10,22,10,28,21,69,32,65,23,19,10,31,12,29,21
1500000US271219702002,Block Group 2; Census Tract 9702; Pope County; Minnesota,379,59,16,10,19,13,14,16,20,21,36,23,6,5,15,13,4,5,19,14,17,16,39,23,77,32,25,11,28,14,24,14,20,14
1500000US271219702003,Block Group 3; Census Tract 9702; Pope County; Minnesota,522,44,17,13,5,6,4,4,10,6,16,10,8,7,23,11,14,9,25,14,24,12,30,12,80,21,73,21,73,20,70,23,50,14
1500000US271219703001,Block Group 1; Census Tract 9703; Pope County; Minnesota,369,39,12,7,6,5,7,8,13,9,12,9,28,13,14,10,9,5,14,12,22,13,33,11,54,17,63,20,34,12,27,14,21,11
1500000US271219703002,Block Group 2; Census Tract 9703; Pope County; Minnesota,311,38,13,7,5,4,1,2,7,5,3,3,8,4,1,2,4,3,7,6,26,12,39,16,36,10,36,12,27,13,38,27,60,22
1500000US271219703003,Block Group 3; Census Tract 9703; Pope County; Minnesota,453,48,7,7,15,9,15,8,4,3,13,15,7,7,0,10,4,6,10,9,28,13,59,24,90,27,55,20,57,19,55,21,34,12
1500000US271219704001,Block Group 1; Census Tract 9704; Pope County; Minnesota,662,96,13,13,37,29,22,20,19,21,41,28,6,8,46,51,35,28,9,8,44,33,74,45,94,41,50,29,62,32,55,26,55,29
1500000US271219704002,Block Group 2; Census Tract 9704; Pope County; Minnesota,425,83,8,12,68,60,27,24,30,26,14,17,6,9,9,14,11,16,0,10,28,26,31,25,91,51,37,23,13,16,52,36,0,10
1500000US271219704003,Block Group 3; Census Tract 9704; Pope County; Minnesota,467,88,28,29,51,42,57,46,50,49,20,20,85,60,0,10,9,13,21,21,2,9,40,34,26,21,37,33,31,24,3,5,7,11
1500000US271230301001,Block Group 1; Census Tract 301; Ramsey County; Minnesota,540,113,10,16,0,10,13,21,0,10,0,10,10,14,0,10,8,13,9,14,28,32,45,34,46,35,84,51,64,41,41,29,182,88
1500000US271230301002,Block Group 2; Census Tract 301; Ramsey County; Minnesota,455,100,51,49,9,15,11,17,19,30,0,10,8,12,30,29,8,14,7,11,0,10,27,22,113,80,62,60,0,10,48,40,62,35
1500000US271230301003,Block Group 3; Census Tract 301; Ramsey County; Minnesota,337,99,0,10,0,10,11,17,0,10,8,14,23,15,63,80,7,14,4,7,49,38,52,37,64,57,36,41,8,15,0,10,12,19
1500000US271230301004,Block Group 4; Census Tract 301; Ramsey County; Minnesota,274,80,8,13,22,22,0,10,0,10,10,16,7,11,0,10,10,15,0,10,19,18,22,25,43,56,11,18,31,36,27,30,64,35
1500000US271230301005,Block Group 5; Census Tract 301; Ramsey County; Minnesota,352,87,0,10,10,16,0,10,0,10,0,10,0,10,0,10,10,16,14,20,20,22,9,15,56,41,40,33,42,33,75,65,76,46
1500000US271230302011,Block Group 1; Census Tract 302.01; Ramsey County; Minnesota,680,170,11,17,18,28,0,10,0,10,56,65,20,35,0,10,18,30,53,64,124,96,92,69,41,46,0,10,55,53,80,67,112,80
1500000US271230302012,Block Group 2; Census Tract 302.01; Ramsey County; Minnesota,360,96,0,10,0,10,34,50,14,22,14,22,0,10,0,10,0,10,0,10,11,20,13,20,37,37,30,33,60,56,80,61,67,67
1500000US271230302013,Block Group 3; Census Tract 302.01; Ramsey County; Minnesota,1004,313,20,30,57,54,39,37,20,24,100,101,29,35,14,24,23,29,34,39,23,36,34,39,100,74,33,40,13,20,354,283,111,108
1500000US271230302014,Block Group 4; Census Tract 302.01; Ramsey County; Minnesota,412,141,26,40,55,80,0,10,0,10,14,21,0,10,0,10,0,10,0,10,9,17,94,91,44,57,18,31,69,61,20,31,63,51
1500000US271230302021,Block Group 1; Census Tract 302.02; Ramsey County; Minnesota,664,163,0,10,39,60,0,10,0,10,11,17,52,72,48,39,24,29,106,85,37,34,124,84,111,70,19,24,9,16,68,49,16,26
1500000US271230302022,Block Group 2; Census Tract 302.02; Ramsey County; Minnesota,0,10,0,10,0,10,0,10,0,10,0,10,0,10,0,10,0,10,0,10,0,10,0,10,0,10,0,10,0,10,0,10,0,10
1500000US271230302023,Block Group 3; Census Tract 302.02; Ramsey County; Minnesota,469,113,0,10,0,10,12,22,10,16,0,10,0,10,33,30,9,13,24,23,35,38,78,64,87,53,38,29,18,19,125,138,0,10
1500000US271230303001,Block Group 1; Census Tract 303; Ramsey County; Minnesota,832,180,0,10,0,10,0,10,0,10,0,10,35,41,0,10,18,28,15,24,111,90,107,84,186,135,102,80,49,47,115,81,94,73
1500000US271230303002,Block Group 2; Census Tract 303; Ramsey County; Minnesota,539,177,0,10,0,10,0,10,0,10,41,61,0,10,0,10,0,10,0,10,87,78,49,46,62,48,144,126,0,10,86,59,70,66
1500000US271230303003,Block Group 3; Census Tract 303; Ramsey County; Minnesota,423,101,11,18,12,20,15,23,14,23,15,24,0,10,15,25,21,32,0,10,47,43,28,33,61,68,83,58,28,45,8,19,65,53
1500000US271230303004,Block Group 4; Census Tract 303; Ramsey County; Minnesota,688,168,35,42,0,10,0,10,13,20,85,85,49,47,15,25,15,24,0,10,32,52,18,31,58,43,99,82,18,29,105,68,146,87
1500000US271230304001,Block Group 1; Census Tract 304; Ramsey County; Minnesota,963,286,26,42,22,37,75,92,0,10,0,10,68,108,117,129,0,10,156,149,130,163,106,107,17,29,38,59,122,99,86,108,0,10
1500000US271230304002,Block Group 2; Census Tract 304; Ramsey County; Minnesota,757,208,0,10,0,10,46,67,0,10,0,10,97,88,71,110,23,38,54,64,54,51,140,99,57,57,98,111,25,40,0,10,92,85
1500000US271230304003,Block Group 3; Census Tract 304; Ramsey County; Minnesota,303,142,0,10,27,43,0,10,0,10,11,18,36,57,0,10,0,10,12,18,0,10,73,83,56,55,16,27,19,32,29,39,24,39
1500000US271230304004,Block Group 4; Census Tract 304; Ramsey County; Minnesota,528,237,14,22,20,31,0,10,13,20,0,10,80,121,0,10,57,81,58,66,99,82,10,17,106,122,53,60,6,13,12,21,0,10
1500000US271230305001,Block Group 1; Census Tract 305; Ramsey County; Minnesota,646,173,68,56,21,25,22,34,0,10,20,31,22,24,9,14,14,19,88,93,24,33,115,95,143,106,30,35,41,46,16,18,13,19
1500000US271230305002,Block Group 2; Census Tract 305; Ramsey County; Minnesota,262,90,91,75,0,10,0,10,23,36,8,14,9,15,14,21,7,11,0,10,10,16,13,21,8,12,49,43,19,30,0,10,11,17
1500000US271230305003,Block Group 3; Census Tract 305; Ramsey County; Minnesota,417,151,15,23,0,10,15,25,12,19,24,27,0,10,16,20,33,36,28,40,52,43,69,63,0,10,21,24,8,15,111,137,13,16
1500000US271230305004,Block Group 4; Census Tract 305; Ramsey County; Minnesota,252,102,61,70,83,64,0,10,43,50,16,26,0,10,0,10,0,10,23,31,22,30,0,10,0,10,4,8,0,10,0,10,0,10
1500000US271230305005,Block Group 5; Census Tract 305; Ramsey County; Minnesota,403,112,49,68,160,85,13,20,8,12,63,67,0,10,8,14,0,10,0,10,80,68,9,13,0,10,7,12,0,10,6,12,0,10
1500000US271230306011,Block Group 1; Census Tract 306.01; Ramsey County; Minnesota,409,125,69,51,45,61,11,17,0,10,20,23,10,15,0,10,50,57,0,10,0,10,22,24,25,25,44,44,22,26,65,60,26,26
1500000US271230306012,Block Group 2; Census Tract 306.01; Ramsey County; Minnesota,545,157,84,65,0,10,15,23,12,18,28,35,17,26,72,70,19,32,20,31,0,10,108,98,22,38,30,32,67,92,36,45,15,25
1500000US271230306013,Block Group 3; Census Tract 306.01; Ramsey County; Minnesota,275,99,0,10,32,50,0,10,30,47,0,10,25,36,23,35,0,10,0,10,6,13,12,20,51,58,26,41,51,63,10,16,9,15
1500000US271230306014,Block Group 4; Census Tract 306.01; Ramsey County; Minnesota,615,217,144,159,8,13,22,38,70,106,10,17,0,10,169,144,16,24,0,10,42,39,32,36,15,26,56,64,8,13,23,33,0,10
1500000US271230306021,Block Group 1; Census Tract 306.02; Ramsey County; Minnesota,240,77,10,16,0,10,0,10,0,10,0,10,0,10,16,19,33,50,21,29,5,14,29,37,51,59,13,20,41,40,0,10,21,21
1500000US271230306022,Block Group 2; Census Tract 306.02; Ramsey County; Minnesota,298,85,0,10,0,10,8,12,9,15,0,10,0,10,10,16,57,62,0,10,13,22,11,18,30,28,48,40,35,25,49,41,28,26
1500000US271230306023,Block Group 3; Census Tract 306.02; Ramsey County; Minnesota,193,98,0,10,0,10,0,10,0,10,0,10,0,10,0,10,0,10,66,91,14,16,16,18,39,42,16,25,5,9,21,24,16,25
1500000US271230306024,Block Group 4; Census Tract 306.02; Ramsey County; Minnesota,220,89,0,10,9,15,0,10,8,13,32,53,0,10,13,21,0,10,15,25,26,25,17,21,10,17,26,40,29,38,27,35,8,16
1500000US271230306025,Block Group 5; Census Tract 306.02; Ramsey County; Minnesota,466,113,14,23,29,41,0,10,28,28,19,20,0,10,0,10,6,9,0,10,58,51,25,29,45,39,43,37,0,10,106,61,93,93
1500000US271230307021,Block Group 1; Census Tract 307.02; Ramsey County; Minnesota,331,76,13,22,0,10,0,10,0,10,8,14,5,9,0,10,0,10,9,14,17,20,30,24,47,45,33,34,21,31,117,65,31,34
1500000US271230307022,Block Group 2; Census Tract 307.02; Ramsey County; Minnesota,415,151,0,10,0,10,0,10,0,10,8,12,0,10,0,10,21,31,137,142,8,14,80,57,84,62,33,33,26,27,0,10,18,28
1500000US271230307023,Block Group 3; Census Tract 307.02; Ramsey County; Minnesota,226,109,0,10,7,11,0,10,0,10,7,11,0,10,0,10,10,17,55,82,8,12,19,23,0,10,53,59,15,24,27,46,25,33
1500000US271230307024,Block Group 4; Census Tract 307.02; Ramsey County; Minnesota,183,61,0,10,25,29,0,10,10,17,11,16,0,10,0,10,0,10,0,10,16,18,9,14,57,42,30,33,20,25,5,9,0,10
1500000US271230307025,Block Group 5; Census Tract 307.02; Ramsey County; Minnesota,270,123,9,18,0,10,8,15,0,10,23,33,10,16,0,10,9,16,0,10,9,14,37,30,19,23,21,21,12,19,18,23,95,105
1500000US271230307026,Block Group 6; Census Tract 307.02; Ramsey County; Minnesota,420,196,0,10,0,10,0,10,0,10,0,10,0,10,0,10,0,10,20,31,48,46,119,101,24,26,28,33,16,25,165,165,0,10
1500000US271230307031,Block Group 1; Census Tract 307.03; Ramsey County; Minnesota,412,110,58,53,52,56,14,16,0,10,16,24,0,10,7,11,0,10,0,10,17,28,59,52,21,25,38,35,50,43,68,64,12,20
1500000US271230307032,Block Group 2; Census Tract 307.03; Ramsey County; Minnesota,380,120,8,12,0,10,12,14,0,10,0,10,7,12,0,10,6,9,22,32,14,36,106,101,34,28,34,30,7,12,94,52,36,43
1500000US271230307033,Block Group 3; Census Tract 307.03; Ramsey County; Minnesota,737,159,5,8,0,10,0,10,67,82,33,48,7,11,47,46,6,10,0,10,69,75,111,99,150,93,165,62,43,44,32,42,2,6
1500000US271230307041,Block Group 1; Census Tract 307.04; Ramsey County; Minnesota,331,81,0,10,11,20,0,10,0,10,25,41,31,44,0,10,10,16,25,27,14,20,37,30,0,10,69,52,17,22,45,50,47,46
1500000US271230307042,Block Group 2; Census Tract 307.04; Ramsey County; Minnesota,393,97,0,10,0,10,34,49,0,10,0,10,39,43,28,29,28,21,0,10,0,10,36,40,42,40,36,38,52,65,76,46,22,25
1500000US271230307043,Block Group 3; Census Tract 307.04; Ramsey County; Minnesota,712,209,151,117,11,17,24,40,0,10,68,108,0,10,0,10,17,17,139,108,0,10,131,115,34,39,74,92,48,79,0,10,15,22
1500000US271230308001,Block Group 1; Census Tract 308; Ramsey County; Minnesota,475,105,69,73,0,10,37,45,11,19,0,10,24,30,18,20,0,10,22,39,39,43,103,80,24,28,36,41,49,53,0,10,43,45
1500000US271230308002,Block Group 2; Census Tract 308; Ramsey County; Minnesota,482,158,9,14,52,57,0,10,23,26,10,17,13,20,8,13,0,10,0,10,45,49,0,10,111,104,106,66,38,56,50,42,17,28
1500000US271230308003,Block Group 3; Census Tract 308; Ramsey County; Minnesota,302,107,0,10,11,17,60,70,0,10,0,10,13,21,10,16,0,10,4,10,25,30,0,10,52,41,47,42,26,27,42,56,12,22
1500000US271230308004,Block Group 4; Census Tract 308; Ramsey County; Minnesota,545,123,60,54,0,10,0,10,32,35,0,10,10,17,59,58,0,10,23,36,45,40,20,29,150,70,93,73,42,49,11,16,0,10
1500000US271230309001,Block Group 1; Census Tract 309; Ramsey County; Minnesota,257,114,0,10,0,10,0,10,0,10,0,10,0,10,0,10,0,10,74,65,0,10,35,44,9,19,84,81,25,41,30,48,0,10
1500000US271230309002,Block Group 2; Census Tract 309; Ramsey County; Minnesota,450,160,0,10,0,10,20,32,0,10,0,10,0,10,45,69,0,10,0,10,0,10,40,71,88,98,79,71,78,67,80,59,20,34
1500000US271230309003,Block Group 3; Census Tract 309; Ramsey County; Minnesota,474,152,0,10,0,10,23,35,25,34,29,32,29,49,35,43,0,10,16,25,67,57,77,68,61,54,44,45,0,10,21,34,47,62
1500000US271230310001,Block Group 1; Census Tract 310; Ramsey County; Minnesota,233,96,15,25,0,10,0,10,0,10,0,10,0,10,0,10,0,10,12,19,15,25,32,30,95,78,47,47,8,12,9,15,0,10
1500000US271230310002,Block Group 2; Census Tract 310; Ramsey County; Minnesota,329,125,0,10,35,57,0,10,0,10,0,10,0,10,29,47,0,10,0,10,7,11,45,51,124,72,29,29,0,10,45,52,15,24
1500000US271230310003,Block Group 3; Census Tract 310; Ramsey County; Minnesota,296,115,3,7,0,10,0,10,0,10,0,10,53,81,0,10,0,10,0,10,18,28,129,64,75,60,18,26,0,10,0,10,0,10
1500000US271230310004,Block Group 4; Census Tract 310; Ramsey County; Minnesota,523,131,120,82,87,68,13,20,38,53,12,19,70,75,0,10,0,10,0,10,15,24,48,73,85,61,0,10,17,27,0,10,18,23
1500000US271230311001,Block Group 1; Census Tract 311; Ramsey County; Minnesota,642,104,1,2,0,10,0,10,12,19,0,10,13,22,6,13,21,23,7,12,16,19,76,57,135,87,169,79,33,36,99,60,54,37
1500000US271230311002,Block Group 2; Census Tract 311; Ramsey County; Minnesota,236,96,7,12,0,10,0,10,0,10,0,10,14,22,9,15,0,10,0,10,22,21,48,43,60,81,29,42,37,42,0,10,10,16
1500000US271230311003,Block Group 3; Census Tract 311; Ramsey County; Minnesota,506,138,15,19,12,22,0,10,19,31,83,93,34,44,0,10,47,54,21,35,9,14,60,83,32,39,53,57,105,64,8,14,8,13
1500000US271230312001,Block Group 1; Census Tract 312; Ramsey County; Minnesota,720,178,71,63,27,32,65,93,78,102,96,109,71,67,18,31,0,10,11,18,12,20,43,39,36,23,91,58,38,41,48,52,15,23
1500000US271230312002,Block Group 2; Census Tract 312; Ramsey County; Minnesota,294,106,0,10,12,19,0,10,0,10,0,10,0,10,11,18,0,10,11,18,0,10,63,47,75,53,44,42,24,30,46,48,8,13
1500000US271230312003,Block Group 3; Census Tract 312; Ramsey County; Minnesota,468,127,0,10,0,10,0,10,15,24,45,53,0,10,12,20,21,30,0,10,32,30,74,75,76,75,22,27,124,71,32,36,15,21
1500000US271230313001,Block Group 1; Census Tract 313; Ramsey County; Minnesota,552,151,24,28,50,44,12,16,52,32,0,10,22,28,0,10,9,12,14,16,29,25,129,136,47,38,34,21,58,46,40,43,32,27
1500000US271230313002,Block Group 2; Census Tract 313; Ramsey County; Minnesota,306,73,15,22,0,10,20,19,7,11,0,10,7,13,30,35,10,16,10,17,0,10,17,21,80,59,47,35,27,31,36,32,0,10
1500000US271230314001,Block Group 1; Census Tract 314; Ramsey County; Minnesota,374,94,18,37,0,10,6,10,0,10,0,10,17,25,63,64,34,60,3,8,11,21,83,50,63,50,31,35,7,12,11,18,27,30
1500000US271230314002,Block Group 2; Census Tract 314; Ramsey County; Minnesota,636,104,24,41,34,35,89,95,7,13,17,42,10,16,0,10,51,54,28,29,81,69,44,41,109,79,6,13,102,87,34,34,0,10
1500000US271230315001,Block Group 1; Census Tract 315; Ramsey County; Minnesota,499,117,57,52,57,46,0,10,8,13,3,5,10,17,48,45,6,10,8,13,69,66,56,45,89,57,52,49,0,10,7,10,29,45
1500000US271230315002,Block Group 2; Census Tract 315; Ramsey County; Minnesota,460,106,12,14,33,38,26,30,22,27,0,10,56,61,34,44,16,19,44,50,77,51,45,29,23,27,0,10,15,17,35,26,22,26
1500000US271230316001,Block Group 1; Census Tract 316; Ramsey County; Minnesota,669,216,0,10,11,15,105,152,30,49,59,70,0,10,0,10,44,54,32,36,67,49,159,133,59,54,67,55,0,10,16,24,20,27
1500000US271230316002,Block Group 2; Census Tract 316; Ramsey County; Minnesota,276,127,41,42,16,24,13,21,0,10,23,36,34,52,0,10,0,10,0,10,83,74,44,64,0,10,11,17,0,10,11,17,0,10
1500000US271230316003,Block Group 3; Census Tract 316; Ramsey County; Minnesota,438,118,44,64,25,28,20,24,0,10,0,10,10,17,13,27,12,18,8,13,47,49,56,64,33,35,25,27,60,50,21,20,64,59
1500000US271230317011,Block Group 1; Census Tract 317.01; Ramsey County; Minnesota,586,139,27,30,7,10,8,11,0,10,5,10,47,41,4,6,0,10,17,17,54,37,123,101,111,60,39,38,54,25,72,41,18,20
1500000US271230317012,Block Group 2; Census Tract 317.01; Ramsey County; Minnesota,359,98,26,30,0,10,27,26,0,10,6,10,0,10,9,15,8,12,32,33,0,10,26,29,75,54,11,15,9,11,62,62,68,61
1500000US271230317021,Block Group 1; Census Tract 317.02; Ramsey County; Minnesota,348,144,16,24,0,10,0,10,0,10,33,60,37,54,50,77,0,10,38,57,74,105,0,10,28,43,24,41,0,10,48,43,0,10
1500000US271230317022,Block Group 2; Census Tract 317.02; Ramsey County; Minnesota,566,208,0,10,93,117,0,10,10,20,0,10,1,21,120,88,0,10,0,10,98,106,75,79,88,117,19,37,0,10,46,58,16,27
1500000US271230317023,Block Group 3; Census Tract 317.02; Ramsey County; Minnesota,484,187,60,82,43,50,0,10,199,180,0,10,20,33,0,10,38,46,0,10,15,23,22,36,53,50,0,10,5,8,29,24,0,10
1500000US271230317024,Block Group 4; Census Tract 317.02; Ramsey County; Minnesota,466,206,51,79,6,9,0,10,26,51,0,10,12,23,85,84,0,10,0,10,71,67,169,178,0,10,16,25,30,43,0,10,0,10
1500000US271230317025,Block Group 5; Census Tract 317.02; Ramsey County; Minnesota,233,115,0,10,38,47,18,27,37,61,1,2,78,78,0,10,0,10,0,10,0,10,0,10,10,18,15,23,0,10,36,42,0,10
1500000US271230318011,Block Group 1; Census Tract 318.01; Ramsey County; Minnesota,244,175,0,10,9,15,0,10,17,26,5,9,0,10,0,10,0,10,0,10,0,10,8,14,51,40,14,17,0,10,23,27,117,164
1500000US271230318012,Block Group 2; Census Tract 318.01; Ramsey County; Minnesota,275,153,0,10,0,10,0,10,6,10,0,10,6,10,66,68,6,10,0,10,30,27,13,22,14,22,5,13,119,130,10,17,0,10
1500000US271230318013,Block Group 3; Census Tract 318.01; Ramsey County; Minnesota,386,113,27,40,0,10,36,35,0,10,67,72,0,10,0,10,0,10,14,22,45,44,10,18,55,52,34,44,74,61,16,24,8,15
1500000US271230318014,Block Group 4; Census Tract 318.01; Ramsey County; Minnesota,536,127,54,79,0,10,65,82,0,10,0,10,0,10,0,10,0,10,29,45,9,15,0,10,109,87,32,35,67,80,123,92,48,45
1500000US271230318015,Block Group 5; Census Tract 318.01; Ramsey County; Minnesota,437,183,21,26,193,171,0,10,10,18,0,10,19,30,0,10,29,32,0,10,0,10,110,99,11,18,0,10,35,50,9,13,0,10
1500000US271230318021,Block Group 1; Census Tract 318.02; Ramsey County; Minnesota,503,120,18,29,0,10,23,28,8,12,3,6,13,21,6,9,6,10,39,38,90,82,18,20,134,84,35,39,67,51,29,37,14,17
1500000US271230318022,Block Group 2; Census Tract 318.02; Ramsey County; Minnesota,484,108,0,10,0,10,0,10,4,9,28,32,27,31,45,39,0,10,8,13,21,25,40,48,93,75,60,49,81,54,48,46,29,43
1500000US271230318023,Block Group 3; Census Tract 318.02; Ramsey County; Minnesota,478,130,20,34,5,8,36,50,0,10,0,10,18,20,6,10,0,10,88,65,44,52,45,52,53,42,48,46,77,106,38,44,0,10
1500000US271230319001,Block Group 1; Census Tract 319; Ramsey County; Minnesota,1169,178,127,93,127,83,7,12,11,18,38,38,114,90,19,27,52,62,35,37,62,55,193,88,108,77,176,98,14,22,23,37,63,33
1500000US271230319002,Block Group 2; Census Tract 319; Ramsey County; Minnesota,532,144,0,10,10,15,0,10,14,22,13,20,27,34,0,10,7,12,0,10,118,84,81,104,18,24,95,62,21,29,101,66,27,31
1500000US271230320001,Block Group 1; Census Tract 320; Ramsey County; Minnesota,540,100,38,37,0,10,0,10,7,12,42,35,39,36,22,34,22,28,18,20,0,10,25,27,69,42,81,51,72,52,105,66,0,10
1500000US271230320002,Block Group 2; Census Tract 320; Ramsey County; Minnesota,716,156,0,10,41,41,20,24,45,70,32,31,19,24,10,16,0,10,13,19,82,65,86,64,129,66,61,36,0,10,113,129,65,50
1500000US271230321001,Block Group 1; Census Tract 321; Ramsey County; Minnesota,301,133,19,28,19,29,12,20,0,10,37,61,0,10,33,52,56,46,0,10,73,88,13,19,13,16,0,10,17,23,9,15,0,10
1500000US271230321002,Block Group 2; Census Tract 321; Ramsey County; Minnesota,671,226,0,10,0,10,75,100,0,10,154,188,0,10,0,10,50,39,15,23,42,48,87,73,162,116,24,35,0,10,46,36,16,26
1500000US271230321003,Block Group 3; Census Tract 321; Ramsey County; Minnesota,461,132,22,25,0,10,27,41,19,30,28,32,0,10,18,32,63,65,0,10,58,70,72,89,58,44,19,22,33,30,28,31,16,21
1500000US271230322001,Block Group 1; Census Tract 322; Ramsey County; Minnesota,386,120,12,18,45,48,31,39,8,12,0,10,9,15,13,20,11,17,34,35,9,15,82,96,27,36,24,35,22,27,23,30,36,34
1500000US271230322002,Block Group 2; Census Tract 322; Ramsey County; Minnesota,319,106,0,10,0,10,0,10,0,10,0,10,0,10,0,10,0,10,0,10,16,17,39,58,84,75,11,21,74,50,64,78,31,32
1500000US271230322003,Block Group 3; Census Tract 322; Ramsey County; Minnesota,303,103,12,18,0,10,0,10,9,16,11,16,13,22,0,10,0,10,0,10,11,16,11,16,118,91,0,10,60,52,28,36,30,30
1500000US271230323001,Block Group 1; Census Tract 323; Ramsey County; Minnesota,558,94,75,74,0,10,11,17,0,10,6,11,0,10,19,22,25,30,12,19,15,22,27,30,53,45,115,76,36,39,78,50,86,49
1500000US271230323002,Block Group 2; Census Tract 323; Ramsey County; Minnesota,422,94,0,10,0,10,4,8,0,10,23,26,0,10,0,10,0,10,12,20,59,81,44,35,28,27,75,43,54,43,97,53,26,31
1500000US271230323003,Block Group 3; Census Tract 323; Ramsey County; Minnesota,570,160,0,10,0,10,0,10,9,14,0,10,6,17,0,10,59,56,0,10,68,88,74,91,120,50,30,35,50,58,124,82,30,21
1500000US271230324001,Block Group 1; Census Tract 324; Ramsey County; Minnesota,425,137,0,10,0,10,26,29,0,10,18,32,26,28,0,10,0,10,0,10,20,33,94,93,80,50,20,34,59,54,26,31,56,45
1500000US271230324002,Block Group 2; Census Tract 324; Ramsey County; Minnesota,424,119,10,20,0,10,0,10,42,51,0,10,12,19,0,10,0,10,44,39,70,70,0,10,113,82,90,65,11,17,32,36,0,10
1500000US271230324003,Block Group 3; Census Tract 324; Ramsey County; Minnesota,330,133,72,65,34,36,69,74,0,10,23,31,6,10,75,112,0,10,0,10,0,10,23,38,28,32,0,10,0,10,0,10,0,10
1500000US271230325001,Block Group 1; Census Tract 325; Ramsey County; Minnesota,264,118,34,55,34,55,63,63,1,11,11,18,0,10,0,10,0,10,0,10,0,10,33,37,17,26,22,25,17,27,12,18,20,25
1500000US271230325002,Block Group 2; Census Tract 325; Ramsey County; Minnesota,449,187,0,10,0,10,117,157,0,10,7,13,11,17,74,69,52,65,35,54,59,67,27,29,0,10,0,10,0,10,46,40,21,36
1500000US271230325003,Block Group 3; Census Tract 325; Ramsey County; Minnesota,415,127,71,103,51,61,0,10,0,10,8,12,0,10,35,32,0,10,0,10,50,42,53,51,5,11,17,26,23,28,46,53,56,45
1500000US271230325004,Block Group 4; Census Tract 325; Ramsey County; Minnesota,425,170,0,10,0,10,8,13,9,14,7,13,27,33,0,10,0,10,0,10,39,46,202,169,13,20,38,42,30,29,52,54,0,10
1500000US271230326001,Block Group 1; Census Tract 326; Ramsey County; Minnesota,319,81,0,10,25,27,49,39,8,13,0,10,15,17,0,10,6,10,14,11,8,18,36,28,69,50,39,29,9,13,31,44,10,15
1500000US271230326002,Block Group 2; Census Tract 326; Ramsey County; Minnesota,112,45,9,11,0,10,0,10,10,15,0,10,0,10,14,15,0,10,24,28,8,11,0,10,9,14,12,18,13,17,0,10,13,17
1500000US271230326003,Block Group 3; Census Tract 326; Ramsey County; Minnesota,237,73,15,23,8,13,10,12,6,10,50,53,0,10,0,10,26,34,0,10,52,49,20,23,18,19,16,18,0,10,10,11,6,10
1500000US271230326004,Block Group 4; Census Tract 326; Ramsey County; Minnesota,225,66,10,14,14,16,24,27,21,28,0,10,12,20,0,10,0,10,0,10,0,10,17,17,65,58,59,33,0,10,3,5,0,10
1500000US271230327001,Block Group 1; Census Tract 327; Ramsey County; Minnesota,546,106,59,46,0,10,73,99,0,10,0,10,21,29,15,13,8,12,8,12,64,73,67,58,94,44,25,18,84,45,15,18,13,14
1500000US271230327002,Block Group 2; Census Tract 327; Ramsey County; Minnesota,0,10,0,10,0,10,0,10,0,10,0,10,0,10,0,10,0,10,0,10,0,10,0,10,0,10,0,10,0,10,0,10,0,10
1500000US271230327003,Block Group 3; Census Tract 327; Ramsey County; Minnesota,270,106,15,25,86,78,0,10,14,21,45,48,13,19,0,10,7,12,14,16,34,30,16,18,26,31,0,10,0,10,0,10,0,10
1500000US271230330001,Block Group 1; Census Tract 330; Ramsey County; Minnesota,383,108,26,29,10,13,26,32,26,39,11,12,6,10,12,13,15,17,8,14,30,23,15,18,68,48,60,49,14,24,49,48,7,10
1500000US271230330002,Block Group 2; Census Tract 330; Ramsey County; Minnesota,292,107,7,11,4,6,19,31,11,19,0,10,0,10,7,10,0,10,0,10,50,45,11,11,35,35,63,40,60,70,0,10,25,25
1500000US271230331001,Block Group 1; Census Tract 331; Ramsey County; Minnesota,174,65,0,10,0,10,0,10,16,20,41,17,2,9,31,49,0,10,15,23,14,20,0,10,30,22,6,12,6,10,8,16,5,9
1500000US271230331002,Block Group 2; Census Tract 331; Ramsey County; Minnesota,520,103,48,32,27,30,26,43,31,27,27,31,53,52,36,27,22,25,26,22,37,41,61,39,53,52,15,19,32,28,18,20,8,12
1500000US271230332001,Block Group 1; Census Tract 332; Ramsey County; Minnesota,274,113,53,50,0,10,0,10,52,61,0,10,0,10,0,10,0,10,0,10,0,10,0,10,49,53,80,78,0,10,40,41,0,10
1500000US271230332002,Block Group 2; Census Tract 332; Ramsey County; Minnesota,665,157,24,39,26,28,129,103,55,52,58,54,62,57,13,20,0,10,0,10,45,49,44,39,24,26,48,44,44,50,54,61,39,48
1500000US271230332003,Block Group 3; Census Tract 332; Ramsey County; Minnesota,1205,261,134,121,37,43,23,34,0,10,0,10,96,108,29,45,59,58,60,65,94,105,201,197,179,86,52,47,10,15,75,52,156,88
1500000US271230333001,Block Group 1; Census Tract 333; Ramsey County; Minnesota,656,129,58,61,0,10,17,21,18,21,21,23,51,56,47,73,7,12,6,9,60,47,92,82,56,48,121,87,0,10,17,22,85,57
1500000US271230333002,Block Group 2; Census Tract 333; Ramsey County; Minnesota,213,72,9,17,0,10,21,22,0,10,12,19,9,15,0,10,8,14,9,14,12,16,7,11,41,43,14,21,7,11,9,15,55,44
1500000US271230333003,Block Group 3; Census Tract 333; Ramsey County; Minnesota,453,114,31,39,9,14,0,10,0,10,11,17,9,14,7,11,38,49,9,14,33,29,32,35,81,104,28,26,61,54,43,36,61,46
1500000US271230334001,Block Group 1; Census Tract 334; Ramsey County; Minnesota,0,10,0,10,0,10,0,10,0,10,0,10,0,10,0,10,0,10,0,10,0,10,0,10,0,10,0,10,0,10,0,10,0,10
1500000US271230334002,Block Group 2; Census Tract 334; Ramsey County; Minnesota,412,151,131,103,86,62,22,26,40,60,43,60,0,10,0,10,72,70,0,10,0,10,0,10,18,26,0,10,0,10,0,10,0,10
1500000US271230334003,Block Group 3; Census Tract 334; Ramsey County; Minnesota,712,141,60,54,19,24,81,92,20,25,13,21,96,131,7,12,0,10,49,41,52,56,11,18,88,51,33,36,0,10,95,83,88,61
1500000US271230334004,Block Group 4; Census Tract 334; Ramsey County; Minnesota,347,108,25,28,0,10,0,10,23,28,0,10,10,16,0,10,0,10,0,10,0,10,68,63,38,38,39,52,43,43,52,39,49,42
1500000US271230335001,Block Group 1; Census Tract 335; Ramsey County; Minnesota,622,191,63,66,45,65,0,10,1,3,0,10,0,10,108,108,77,92,0,10,53,36,61,101,49,45,14,17,14,23,79,87,58,78
1500000US271230335002,Block Group 2; Census Tract 335; Ramsey County; Minnesota,347,135,20,34,28,35,26,33,29,41,70,84,10,16,17,26,35,45,0,10,7,11,15,24,53,80,13,19,0,10,13,23,11,16
1500000US271230335003,Block Group 3; Census Tract 335; Ramsey County; Minnesota,262,89,0,10,0,10,0,10,0,10,10,17,0,10,0,10,38,42,2,5,27,32,15,21,53,40,45,44,14,20,0,10,58,56
1500000US271230336001,Block Group 1; Census Tract 336; Ramsey County; Minnesota,782,194,149,82,104,61,27,28,76,72,35,31,12,18,56,57,15,23,171,166,46,54,24,24,25,31,0,10,0,10,0,10,42,25
1500000US271230337001,Block Group 1; Census Tract 337; Ramsey County; Minnesota,252,77,17,20,22,18,16,19,9,14,79,55,0,10,0,10,0,10,33,38,30,43,16,27,0,10,30,38,0,10,0,10,0,10
1500000US271230337002,Block Group 2; Census Tract 337; Ramsey County; Minnesota,546,111,171,75,88,47,25,41,82,72,33,35,9,14,0,10,81,73,4,7,31,36,0,10,6,11,0,10,0,10,16,24,0,10
1500000US271230338001,Block Group 1; Census Tract 338; Ramsey County; Minnesota,219,49,0,10,6,8,4,8,0,10,20,27,0,10,4,8,0,10,0,10,34,23,0,10,29,23,4,6,11,12,39,25,68,33
1500000US271230338002,Block Group 2; Census Tract 338; Ramsey County; Minnesota,446,106,28,15,46,73,12,19,7,12,0,10,0,10,39,34,5,8,0,10,17,19,29,28,47,34,67,36,92,46,30,22,27,21
1500000US271230339001,Block Group 1; Census Tract 339; Ramsey County; Minnesota,358,82,47,41,65,48,13,15,8,14,11,16,0,10,14,17,25,24,0,10,20,17,38,44,10,10,43,45,32,23,10,11,22,20
1500000US271230339002,Block Group 2; Census Tract 339; Ramsey County; Minnesota,264,58,6,9,0,10,5,7,0,10,0,10,1,3,11,17,0,10,0,10,18,16,45,40,43,30,29,24,39,25,7,10,60,24
1500000US271230340001,Block Group 1; Census Tract 340; Ramsey County; Minnesota,527,133,35,57,39,36,77,98,45,44,5,9,13,15,10,15,24,20,26,26,23,24,59,39,24,20,25,30,41,35,62,29,19,21
1500000US271230340002,Block Group 2; Census Tract 340; Ramsey County; Minnesota,548,110,13,20,0,10,26,30,10,17,52,49,9,15,0,10,12,20,0,10,5,7,44,42,107,71,83,68,9,12,117,62,61,49
1500000US271230342011,Block Group 1; Census Tract 342.01; Ramsey County; Minnesota,497,167,0,10,0,10,0,10,47,59,0,10,0,10,0,10,0,10,50,56,78,52,29,48,88,124,42,49,66,70,38,46,59,53
1500000US271230342012,Block Group 2; Census Tract 342.01; Ramsey County; Minnesota,711,199,187,150,64,63,0,10,124,116,17,27,19,32,35,54,0,10,0,10,99,113,15,24,71,54,41,38,0,10,0,10,39,38
1500000US271230342013,Block Group 3; Census Tract 342.01; Ramsey County; Minnesota,882,223,162,165,3,12,20,32,0,10,0,10,0,10,45,57,22,28,29,48,82,61,23,35,213,114,124,118,13,23,117,92,29,34
1500000US271230342014,Block Group 4; Census Tract 342.01; Ramsey County; Minnesota,0,10,0,10,0,10,0,10,0,10,0,10,0,10,0,10,0,10,0,10,0,10,0,10,0,10,0,10,0,10,0,10,0,10
1500000US271230342015,Block Group 5; Census Tract 342.01; Ramsey County; Minnesota,0,10,0,10,0,10,0,10,0,10,0,10,0,10,0,10,0,10,0,10,0,10,0,10,0,10,0,10,0,10,0,10,0,10
1500000US271230342016,Block Group 6; Census Tract 342.01; Ramsey County; Minnesota,452,174,44,46,61,73,63,96,10,16,16,27,0,10,48,51,48,50,0,10,11,17,10,20,14,22,77,76,0,10,21,35,29,47
1500000US271230342031,Block Group 1; Census Tract 342.03; Ramsey County; Minnesota,457,170,85,114,0,10,0,10,19,30,0,10,72,114,13,21,23,35,0,10,0,10,42,40,28,30,59,72,20,31,12,22,84,70
1500000US271230342032,Block Group 2; Census Tract 342.03; Ramsey County; Minnesota,1040,247,55,89,143,200,84,4,0,10,22,34,0,10,71,92,0,10,37,43,34,41,145,132,177,101,119,66,70,72,48,39,35,41
1500000US271230342033,Block Group 3; Census Tract 342.03; Ramsey County; Minnesota,417,149,37,46,22,38,83,100,0,10,45,55,37,43,0,10,27,31,0,10,0,10,48,45,50,74,0,10,0,10,17,27,51,60
1500000US271230342041,Block Group 1; Census Tract 342.04; Ramsey County; Minnesota,928,139,34,39,0,10,15,23,25,27,8,16,0,10,28,45,0,10,28,46,123,78,121,80,112,57,181,101,101,89,74,74,78,42
1500000US271230342042,Block Group 2; Census Tract 342.04; Ramsey County; Minnesota,105,80,21,34,8,12,0,10,66,68,0,10,0,10,0,10,0,10,0,10,0,10,0,10,0,10,10,15,0,10,0,10,0,10
1500000US271230342043,Block Group 3; Census Tract 342.04; Ramsey County; Minnesota,584,187,89,60,79,45,28,32,36,34,38,61,13,20,22,24,0,10,29,29,92,94,37,34,19,25,40,38,62,92,0,10,0,10
1500000US271230344001,Block Group 1; Census Tract 344; Ramsey County; Minnesota,205,45,4,6,0,10,0,10,11,13,9,12,0,10,9,12,0,10,9,13,5,7,33,32,26,17,35,32,10,12,31,21,23,27
1500000US271230344002,Block Group 2; Census Tract 344; Ramsey County; Minnesota,634,114,30,26,5,9,56,50,0,10,0,10,55,54,34,24,27,25,15,18,30,38,91,61,96,48,21,19,29,25,107,76,38,47
1500000US271230345001,Block Group 1; Census Tract 345; Ramsey County; Minnesota,570,117,0,10,0,10,96,91,34,32,11,17,62,55,11,17,0,10,18,24,40,56,41,34,84,53,90,55,34,46,36,40,13,20
1500000US271230345002,Block Group 2; Census Tract 345; Ramsey County; Minnesota,264,67,28,28,0,10,0,10,0,10,0,10,10,15,0,10,23,27,5,10,12,13,15,21,73,50,30,32,11,17,37,31,20,29
1500000US271230345003,Block Group 3; Census Tract 345; Ramsey County; Minnesota,442,100,0,10,13,20,18,28,7,11,22,35,11,16,0,10,0,10,20,25,0,10,56,41,123,79,70,51,47,37,55,37,0,10
1500000US271230346011,Block Group 1; Census Tract 346.01; Ramsey County; Minnesota,410,129,15,22,16,22,0,10,17,20,0,10,0,10,0,10,32,52,38,38,89,73,22,26,15,17,40,40,50,50,39,47,37,48
1500000US271230346012,Block Group 2; Census Tract 346.01; Ramsey County; Minnesota,718,172,0,10,54,93,0,10,0,10,34,47,0,10,44,29,26,34,0,10,13,16,43,37,128,63,151,115,74,72,145,87,6,10
1500000US271230346013,Block Group 3; Census Tract 346.01; Ramsey County; Minnesota,654,171,85,63,128,106,10,16,13,23,6,22,0,10,157,95,12,19,37,34,46,66,12,19,51,47,7,12,23,42,37,58,30,50
1500000US271230346021,Block Group 1; Census Tract 346.02; Ramsey County; Minnesota,420,157,0,10,0,10,0,10,12,20,0,10,0,10,0,10,29,37,13,21,23,26,45,41,82,54,62,43,144,130,0,10,10,16
1500000US271230346022,Block Group 2; Census Tract 346.02; Ramsey County; Minnesota,310,87,0,10,0,10,0,10,0,10,0,10,10,17,0,10,0,10,12,19,47,52,31,29,61,46,63,37,27,30,10,16,49,36
1500000US271230346023,Block Group 3; Census Tract 346.02; Ramsey County; Minnesota,462,132,8,12,0,10,48,42,0,10,103,103,10,20,0,10,51,62,24,27,9,15,117,95,19,29,0,10,33,29,40,58,0,10
1500000US271230346024,Block Group 4; Census Tract 346.02; Ramsey County; Minnesota,171,73,13,20,0,10,0,10,0,10,0,10,0,10,0,10,14,22,0,10,47,53,0,10,26,25,9,13,2,9,5,11,55,45
1500000US271230347011,Block Group 1; Census Tract 347.01; Ramsey County; Minnesota,478,126,0,10,23,33,0,10,0,10,0,10,14,21,0,10,0,10,0,10,23,29,59,54,79,52,78,48,50,46,124,94,28,35
1500000US271230347012,Block Group 2; Census Tract 347.01; Ramsey County; Minnesota,302,98,0,10,7,14,0,10,0,10,0,10,26,33,0,10,0,10,0,10,39,32,51,50,8,15,15,23,37,55,69,56,50,60
1500000US271230347013,Block Group 3; Census Tract 347.01; Ramsey County; Minnesota,1030,255,78,76,22,35,42,51,108,87,12,20,157,173,34,35,14,22,18,22,226,133,88,65,62,39,110,59,0,10,37,53,22,35
1500000US271230347021,Block Group 1; Census Tract 347.02; Ramsey County; Minnesota,494,117,128,93,71,100,10,17,32,33,5,11,0,10,26,32,8,21,14,20,45,39,18,21,20,30,21,24,14,18,0,10,82,68
1500000US271230347022,Block Group 2; Census Tract 347.02; Ramsey County; Minnesota,294,100,17,26,32,49,11,16,0,10,0,10,0,10,0,10,61,63,10,17,21,25,36,30,12,23,37,37,48,72,9,16,0,10
1500000US271230347023,Block Group 3; Census Tract 347.02; Ramsey County; Minnesota,199,84,0,10,13,19,14,21,12,19,5,11,0,10,0,10,0,10,0,10,17,19,42,51,27,37,47,48,0,10,20,22,2,11
1500000US271230347024,Block Group 4; Census Tract 347.02; Ramsey County; Minnesota,698,230,0,10,0,10,0,10,0,10,0,10,0,10,120,130,40,38,33,33,20,23,76,54,49,40,196,193,22,21,66,51,76,61
1500000US271230349001,Block Group 1; Census Tract 349; Ramsey County; Minnesota,443,91,11,16,0,10,0,10,10,15,31,27,21,24,31,28,0,10,0,10,26,27,27,25,72,68,20,23,20,22,9,14,165,65
1500000US271230349002,Block Group 2; Census Tract 349; Ramsey County; Minnesota,355,101,42,49,0,10,9,15,9,15,0,10,17,28,0,10,6,11,0,10,0,10,71,72,22,25,62,40,0,10,18,20,99,51
1500000US271230349003,Block Group 3; Census Tract 349; Ramsey County; Minnesota,277,84,15,19,20,23,0,10,0,10,10,16,0,10,0,10,0,10,0,10,0,10,22,23,29,27,11,18,53,39,32,25,85,54
1500000US271230349004,Block Group 4; Census Tract 349; Ramsey County; Minnesota,0,10,0,10,0,10,0,10,0,10,0,10,0,10,0,10,0,10,0,10,0,10,0,10,0,10,0,10,0,10,0,10,0,10
1500000US271230350001,Block Group 1; Census Tract 350; Ramsey County; Minnesota,364,79,16,18,0,10,0,10,0,10,12,18,11,18,0,10,0,10,0,10,0,10,0,10,52,42,100,62,16,18,72,62,85,53
1500000US271230350002,Block Group 2; Census Tract 350; Ramsey County; Minnesota,445,123,10,15,8,13,0,10,9,15,10,16,0,10,14,22,0,10,9,15,51,51,48,44,151,121,21,20,16,17,65,47,33,31
1500000US271230350003,Block Group 3; Census Tract 350; Ramsey County; Minnesota,393,93,8,13,20,24,0,10,4,8,0,10,0,10,0,10,7,11,0,10,12,19,12,14,87,64,52,38,25,28,78,54,88,41
1500000US271230351001,Block Group 1; Census Tract 351; Ramsey County; Minnesota,458,78,15,25,0,10,0,10,10,17,11,17,0,10,11,17,13,19,28,28,41,36,12,19,65,50,61,41,48,38,22,20,121,46
1500000US271230351002,Block Group 2; Census Tract 351; Ramsey County; Minnesota,535,99,14,22,0,10,15,22,16,25,11,17,17,19,0,10,27,32,8,12,51,44,77,46,75,41,13,20,31,28,30,44,150,74
1500000US271230351003,Block Group 3; Census Tract 351; Ramsey County; Minnesota,0,10,0,10,0,10,0,10,0,10,0,10,0,10,0,10,0,10,0,10,0,10,0,10,0,10,0,10,0,10,0,10,0,10
1500000US271230352001,Block Group 1; Census Tract 352; Ramsey County; Minnesota,752,162,30,26,14,17,22,36,8,13,5,10,48,44,26,29,37,33,9,17,162,122,70,50,40,36,29,26,44,34,92,49,116,52
1500000US271230352002,Block Group 2; Census Tract 352; Ramsey County; Minnesota,395,86,0,10,13,20,0,10,0,10,0,10,0,10,13,22,26,26,45,50,50,39,29,33,48,37,7,13,0,10,71,43,93,47
1500000US271230352003,Block Group 3; Census Tract 352; Ramsey County; Minnesota,518,89,10,17,0,10,18,20,8,13,0,10,0,10,9,14,0,10,9,14,66,51,19,21,103,55,60,35,90,48,40,33,86,41
1500000US271230353001,Block Group 1; Census Tract 353; Ramsey County; Minnesota,463,123,0,10,0,10,0,10,0,10,33,40,0,10,0,10,47,60,16,24,0,10,0,10,0,10,101,70,69,43,81,53,116,60
1500000US271230353002,Block Group 2; Census Tract 353; Ramsey County; Minnesota,313,103,0,10,0,10,0,10,16,24,0,10,0,10,18,27,0,10,0,10,7,12,26,30,19,29,15,18,46,46,85,49,81,66
1500000US271230353003,Block Group 3; Census Tract 353; Ramsey County; Minnesota,476,129,47,44,0,10,0,10,15,23,22,24,12,19,7,14,0,10,0,10,32,34,58,47,58,37,25,28,43,39,26,31,131,114
1500000US271230353004,Block Group 4; Census Tract 353; Ramsey County; Minnesota,625,219,0,10,21,33,12,18,0,10,0,10,12,18,0,10,0,10,0,10,83,55,85,79,33,41,60,39,5,10,73,43,241,197
1500000US271230355001,Block Group 1; Census Tract 355; Ramsey County; Minnesota,491,123,47,36,0,10,0,10,25,28,24,28,0,10,0,10,12,18,0,10,24,27,16,24,100,43,0,10,24,26,115,80,104,61
1500000US271230355002,Block Group 2; Census Tract 355; Ramsey County; Minnesota,285,64,25,27,32,35,24,26,0,10,0,10,13,21,13,21,12,19,10,16,31,34,26,30,0,10,0,10,42,37,13,20,44,32
1500000US271230355003,Block Group 3; Census Tract 355; Ramsey County; Minnesota,567,138,24,29,15,19,0,10,0,10,12,18,0,10,11,16,0,10,11,16,44,44,67,53,57,44,98,81,40,38,84,52,104,107
1500000US271230357001,Block Group 1; Census Tract 357; Ramsey County; Minnesota,752,135,0,10,13,21,12,19,14,23,0,10,8,13,0,10,80,89,22,27,89,71,75,92,70,55,122,72,71,42,8,13,168,74
1500000US271230357002,Block Group 2; Census Tract 357; Ramsey County; Minnesota,373,87,0,10,0,10,0,10,0,10,0,10,0,10,0,10,0,10,0,10,0,10,46,39,0,10,25,22,44,36,24,26,234,67
1500000US271230358001,Block Group 1; Census Tract 358; Ramsey County; Minnesota,681,119,24,28,8,12,12,18,74,75,14,21,10,16,0,10,13,20,0,10,19,29,48,38,122,69,54,41,89,64,48,60,146,81
1500000US271230358002,Block Group 2; Census Tract 358; Ramsey County; Minnesota,397,113,39,64,0,10,0,10,30,30,0,10,0,10,0,10,0,10,0,10,39,33,91,68,72,45,41,41,0,10,26,28,59,37
1500000US271230358003,Block Group 3; Census Tract 358; Ramsey County; Minnesota,577,139,33,37,10,18,0,10,19,21,21,28,0,10,10,16,9,14,11,17,68,39,126,85,113,83,36,36,0,10,62,46,59,35
1500000US271230359001,Block Group 1; Census Tract 359; Ramsey County; Minnesota,759,95,91,52,74,45,71,51,26,22,0,10,51,42,22,19,0,10,41,42,46,34,96,50,89,49,41,28,40,30,22,21,49,32
1500000US271230360001,Block Group 1; Census Tract 360; Ramsey County; Minnesota,404,108,0,10,15,26,16,24,12,20,0,10,15,17,0,10,0,10,17,28,37,45,34,31,58,44,69,83,84,78,8,14,39,45
1500000US271230360002,Block Group 2; Census Tract 360; Ramsey County; Minnesota,703,154,50,62,41,46,20,22,25,27,119,86,43,44,0,10,16,22,0,10,89,96,46,31,39,30,86,54,12,18,50,49,67,54
1500000US271230360003,Block Group 3; Census Tract 360; Ramsey County; Minnesota,609,187,19,23,0,10,0,10,8,14,0,10,0,10,20,38,25,29,20,22,30,32,55,39,52,36,67,42,42,47,84,52,187,163
1500000US271230361001,Block Group 1; Census Tract 361; Ramsey County; Minnesota,0,10,0,10,0,10,0,10,0,10,0,10,0,10,0,10,0,10,0,10,0,10,0,10,0,10,0,10,0,10,0,10,0,10
1500000US271230361002,Block Group 2; Census Tract 361; Ramsey County; Minnesota,483,80,58,54,19,24,17,20,101,69,0,10,0,10,0,10,5,17,18,17,12,19,36,29,65,50,84,35,52,54,16,23,0,10
1500000US271230361003,Block Group 3; Census Tract 361; Ramsey County; Minnesota,0,10,0,10,0,10,0,10,0,10,0,10,0,10,0,10,0,10,0,10,0,10,0,10,0,10,0,10,0,10,0,10,0,10
1500000US271230363001,Block Group 1; Census Tract 363; Ramsey County; Minnesota,437,130,21,31,0,10,11,18,0,10,21,24,18,23,7,11,7,11,101,98,27,44,0,10,51,73,0,10,22,27,39,41,112,53
1500000US271230363002,Block Group 2; Census Tract 363; Ramsey County; Minnesota,277,63,8,11,0,10,0,10,0,10,0,10,0,10,18,24,0,10,0,10,0,10,9,15,31,35,51,39,30,27,20,19,110,45
1500000US271230363003,Block Group 3; Census Tract 363; Ramsey County; Minnesota,384,87,15,23,0,10,0,10,10,16,7,11,0,10,12,18,14,17,15,18,31,23,0,10,53,54,19,27,44,36,71,46,93,53
1500000US271230363004,Block Group 4; Census Tract 363; Ramsey County; Minnesota,398,99,53,43,18,16,10,15,15,23,7,12,8,12,0,10,0,10,0,10,62,50,39,27,39,34,51,44,8,12,24,18,64,40
1500000US271230364001,Block Group 1; Census Tract 364; Ramsey County; Minnesota,420,126,0,10,17,19,0,10,0,10,0,10,25,27,0,10,0,10,8,13,51,81,39,31,70,46,54,70,18,20,37,30,101,48
1500000US271230364002,Block Group 2; Census Tract 364; Ramsey County; Minnesota,636,168,53,51,56,64,0,10,40,45,9,15,73,108,0,10,0,10,10,16,22,26,57,65,28,29,43,35,35,33,62,40,148,66
1500000US271230364003,Block Group 3; Census Tract 364; Ramsey County; Minnesota,256,91,16,25,0,10,0,10,0,10,0,10,0,10,0,10,0,10,0,10,0,10,10,17,8,14,21,23,8,14,92,79,101,46
1500000US271230364004,Block Group 4; Census Tract 364; Ramsey County; Minnesota,347,70,0,10,0,10,0,10,12,18,0,10,20,23,10,16,0,10,0,10,27,28,12,20,60,41,42,32,42,35,21,25,101,45
1500000US271230365001,Block Group 1; Census Tract 365; Ramsey County; Minnesota,471,83,0,10,9,13,14,22,15,18,45,36,11,16,11,17,13,19,0,10,24,28,55,43,24,27,26,29,39,29,16,19,169,63
1500000US271230365002,Block Group 2; Census Tract 365; Ramsey County; Minnesota,806,189,38,52,50,47,11,19,86,111,26,29,0,10,36,33,0,10,22,25,158,136,45,39,85,49,35,27,34,30,75,36,105,51
1500000US271230365003,Block Group 3; Census Tract 365; Ramsey County; Minnesota,320,82,14,20,0,10,0,10,0,10,0,10,0,10,8,13,9,14,12,18,28,26,33,38,50,47,20,23,30,33,33,33,83,36
1500000US271230365004,Block Group 4; Census Tract 365; Ramsey County; Minnesota,449,86,0,10,0,10,12,19,13,21,0,10,13,17,10,16,16,17,0,10,36,35,22,25,63,36,35,31,50,41,94,59,85,49
1500000US271230366001,Block Group 1; Census Tract 366; Ramsey County; Minnesota,191,72,0,10,0,10,0,10,12,18,0,10,0,10,0,10,0,10,18,29,5,13,0,10,24,32,22,33,0,10,27,27,83,56
1500000US271230366002,Block Group 2; Census Tract 366; Ramsey County; Minnesota,405,101,0,10,0,10,0,10,0,10,0,10,0,10,0,10,0,10,0,10,45,49,18,30,0,10,73,70,33,34,59,63,177,77
1500000US271230366003,Block Group 3; Census Tract 366; Ramsey County; Minnesota,458,114,18,29,0,10,21,32,3,6,0,10,18,28,25,41,12,19,13,19,19,28,5,9,60,45,100,75,0,10,103,82,61,47
1500000US271230366004,Block Group 4; Census Tract 366; Ramsey County; Minnesota,500,136,0,10,0,10,19,31,18,30,0,10,69,62,0,10,0,10,25,41,37,44,76,62,29,33,50,47,25,32,27,33,125,102
1500000US271230366005,Block Group 5; Census Tract 366; Ramsey County; Minnesota,352,138,95,133,0,10,25,41,0,10,0,10,0,10,0,10,14,22,0,10,0,10,29,45,24,30,52,51,18,28,0,10,95,68
1500000US271230367001,Block Group 1; Census Tract 367; Ramsey County; Minnesota,438,149,19,31,0,10,0,10,0,10,0,10,0,10,4,7,34,40,0,10,19,24,57,55,0,10,55,44,52,55,36,42,162,133
1500000US271230367002,Block Group 2; Census Tract 367; Ramsey County; Minnesota,331,114,0,10,6,11,0,10,44,64,0,10,30,48,0,10,14,24,0,10,17,27,20,26,20,34,109,81,50,48,0,10,21,33
1500000US271230367003,Block Group 3; Census Tract 367; Ramsey County; Minnesota,1536,308,167,107,40,42,75,105,160,173,0,10,80,67,70,67,32,37,9,16,197,209,139,91,214,129,162,109,7,16,152,89,32,39
1500000US271230367004,Block Group 4; Census Tract 367; Ramsey County; Minnesota,359,147,0,10,0,10,12,21,46,54,0,10,0,10,52,69,12,21,0,10,16,24,53,49,51,56,51,56,0,10,42,48,24,41
1500000US271230368001,Block Group 1; Census Tract 368; Ramsey County; Minnesota,479,119,11,17,0,10,0,10,12,14,0,10,45,51,9,12,39,41,58,79,0,10,9,19,132,82,30,26,49,44,70,58,15,17
1500000US271230368002,Block Group 2; Census Tract 368; Ramsey County; Minnesota,315,72,12,16,0,10,0,10,0,10,0,10,0,10,34,28,9,15,0,10,5,9,31,30,56,46,95,52,7,13,25,20,41,31
1500000US271230368003,Block Group 3; Census Tract 368; Ramsey County; Minnesota,238,54,19,22,7,10,0,10,0,10,0,10,0,10,0,10,0,10,15,24,26,26,4,7,87,38,35,27,20,22,14,18,11,17
1500000US271230369001,Block Group 1; Census Tract 369; Ramsey County; Minnesota,359,124,0,10,0,10,0,10,0,10,12,18,0,10,34,39,9,13,9,14,85,73,25,23,79,71,35,34,7,12,50,55,14,23
1500000US271230369002,Block Group 2; Census Tract 369; Ramsey County; Minnesota,875,199,42,62,11,17,33,32,105,130,10,16,45,37,27,29,55,73,35,34,68,54,85,66,141,75,65,68,23,25,107,59,23,20
1500000US271230370001,Block Group 1; Census Tract 370; Ramsey County; Minnesota,361,168,0,10,0,10,0,10,0,10,18,29,0,10,0,10,20,28,35,34,36,40,150,149,43,34,21,25,0,10,0,10,38,31
1500000US271230370002,Block Group 2; Census Tract 370; Ramsey County; Minnesota,364,91,0,10,0,10,0,10,22,34,0,10,44,45,0,10,0,10,0,10,3,5,51,61,73,54,74,47,32,40,31,44,34,30
1500000US271230370003,Block Group 3; Census Tract 370; Ramsey County; Minnesota,571,215,0,10,0,10,0,10,0,10,0,10,0,10,11,19,12,17,0,10,49,36,30,45,59,37,118,73,67,50,48,47,177,194
1500000US271230371001,Block Group 1; Census Tract 371; Ramsey County; Minnesota,870,216,113,86,137,117,108,85,9,16,73,92,58,58,40,62,22,35,49,58,95,142,10,16,0,10,80,111,63,55,0,10,13,20
1500000US271230371002,Block Group 2; Census Tract 371; Ramsey County; Minnesota,401,117,16,29,0,10,0,10,0,10,0,10,0,10,32,47,19,31,48,52,52,55,31,47,56,57,86,67,0,10,49,53,12,19
1500000US271230371003,Block Group 3; Census Tract 371; Ramsey County; Minnesota,574,146,38,63,0,10,10,19,0,10,16,31,0,10,0,10,91,83,0,10,88,71,54,46,56,59,68,62,33,35,89,60,31,38
1500000US271230371004,Block Group 4; Census Tract 371; Ramsey County; Minnesota,362,142,0,10,0,10,0,10,0,10,0,10,0,10,0,10,0,10,0,10,10,16,20,30,113,77,12,20,74,49,81,117,52,44
1500000US271230372001,Block Group 1; Census Tract 372; Ramsey County; Minnesota,733,204,66,92,0,10,0,10,127,146,0,10,52,69,21,34,44,68,0,10,89,81,19,29,153,126,33,51,37,61,55,78,37,53
1500000US271230372002,Block Group 2; Census Tract 372; Ramsey County; Minnesota,363,138,0,10,0,10,0,10,0,10,0,10,0,10,103,133,21,34,0,10,32,56,16,28,13,24,24,23,50,50,104,121,0,10
1500000US271230372003,Block Group 3; Census Tract 372; Ramsey County; Minnesota,353,131,0,10,0,10,0,10,18,47,0,10,22,36,0,10,49,68,0,10,0,10,20,24,0,10,70,63,40,42,75,68,59,65
1500000US271230372004,Block Group 4; Census Tract 372; Ramsey County; Minnesota,354,136,0,10,13,22,0,10,0,10,0,10,0,10,62,78,16,33,44,70,12,21,0,10,98,105,33,53,61,54,15,23,0,10
1500000US271230372005,Block Group 5; Census Tract 372; Ramsey County; Minnesota,376,172,0,10,98,134,0,10,0,10,0,10,0,10,49,70,49,47,24,63,0,10,0,10,0,10,78,78,35,44,43,67,0,10
1500000US271230374021,Block Group 1; Census Tract 374.02; Ramsey County; Minnesota,338,98,0,10,0,10,0,10,0,10,10,18,36,44,13,20,43,48,10,17,41,53,34,43,0,10,84,51,29,30,3,9,35,33
1500000US271230374022,Block Group 2; Census Tract 374.02; Ramsey County; Minnesota,381,89,0,10,9,15,0,10,0,10,8,15,0,10,0,10,0,10,0,10,57,48,79,60,31,27,47,38,44,36,20,24,86,47
1500000US271230374023,Block Group 3; Census Tract 374.02; Ramsey County; Minnesota,1009,198,16,26,0,10,0,10,75,65,15,22,131,115,47,46,27,34,62,78,147,81,169,118,159,89,131,85,16,24,14,21,0,10
1500000US271230374031,Block Group 1; Census Tract 374.03; Ramsey County; Minnesota,250,83,0,10,0,10,0,10,0,10,0,10,0,10,0,10,0,10,0,10,35,43,35,44,47,42,57,48,24,41,5,9,47,57
1500000US271230374032,Block Group 2; Census Tract 374.03; Ramsey County; Minnesota,327,142,0,10,0,10,0,10,0,10,0,10,0,10,0,10,0,10,52,82,28,38,0,10,48,64,105,104,54,60,18,34,22,35
1500000US271230374033,Block Group 3; Census Tract 374.03; Ramsey County; Minnesota,693,277,107,155,0,10,40,67,138,128,0,10,0,10,133,133,0,10,60,73,136,182,0,10,0,10,0,10,0,10,79,51,0,10
1500000US271230374034,Block Group 4; Census Tract 374.03; Ramsey County; Minnesota,430,118,0,10,0,10,0,10,0,10,0,10,0,10,0,10,0,10,66,85,0,10,42,48,31,33,36,45,0,10,127,93,128,90
1500000US271230374035,Block Group 5; Census Tract 374.03; Ramsey County; Minnesota,783,207,0,10,0,10,0,10,0,10,37,43,0,10,19,31,56,93,0,10,67,59,57,57,287,212,222,173,0,10,26,30,12,23
1500000US271230375001,Block Group 1; Census Tract 375; Ramsey County; Minnesota,327,115,0,10,13,20,0,10,12,20,0,10,0,10,0,10,73,89,0,10,0,10,14,23,21,31,63,71,0,10,58,37,73,66
1500000US271230375002,Block Group 2; Census Tract 375; Ramsey County; Minnesota,585,180,0,10,0,10,0,10,0,10,0,10,0,10,74,79,45,75,14,23,14,25,38,54,43,37,16,25,56,67,100,128,185,86
1500000US271230375003,Block Group 3; Census Tract 375; Ramsey County; Minnesota,311,86,0,10,0,10,0,10,0,10,0,10,19,29,0,10,0,10,0,10,0,10,22,35,16,27,48,47,35,39,55,56,116,70
1500000US271230375004,Block Group 4; Census Tract 375; Ramsey County; Minnesota,270,101,22,36,0,10,36,41,0,10,0,10,0,10,0,10,27,47,0,10,46,40,0,10,10,18,19,29,15,24,29,35,66,61
1500000US271230375005,Block Group 5; Census Tract 375; Ramsey County; Minnesota,370,95,14,23,19,30,20,33,0,10,0,10,48,59,25,43,0,10,0,10,0,10,14,23,44,49,40,44,39,38,0,10,107,53
1500000US271230375006,Block Group 6; Census Tract 375; Ramsey County; Minnesota,237,89,0,10,0,10,0,10,0,10,0,10,0,10,0,10,9,16,36,55,12,20,0,10,27,33,24,29,47,57,53,47,29,40
1500000US271230376011,Block Group 1; Census Tract 376.01; Ramsey County; Minnesota,370,122,0,10,0,10,0,10,0,10,39,61,36,43,23,37,14,23,13,20,13,23,17,29,18,30,28,37,47,47,105,75,17,29
1500000US271230376012,Block Group 2; Census Tract 376.01; Ramsey County; Minnesota,314,98,0,10,0,10,0,10,0,10,0,10,0,10,0,10,15,24,0,10,0,10,0,10,85,67,21,33,63,58,76,58,54,52
1500000US271230376013,Block Group 3; Census Tract 376.01; Ramsey County; Minnesota,680,149,35,42,48,45,40,66,36,38,19,32,0,10,20,31,62,46,17,27,69,58,92,59,61,61,21,26,18,28,35,30,107,86
1500000US271230376014,Block Group 4; Census Tract 376.01; Ramsey County; Minnesota,403,133,20,31,24,42,0,10,0,10,44,53,0,10,17,26,0,10,17,30,38,53,8,15,31,37,102,100,21,33,16,26,65,56
1500000US271230376015,Block Group 5; Census Tract 376.01; Ramsey County; Minnesota,296,113,17,28,0,10,0,10,0,10,18,28,0,10,0,10,19,32,0,10,30,49,0,10,123,89,18,28,42,47,0,10,29,33
1500000US271230376031,Block Group 1; Census Tract 376.03; Ramsey County; Minnesota,626,140,23,29,57,56,73,67,0,10,53,43,15,25,36,42,0,10,0,10,24,29,68,82,118,76,39,35,9,16,39,51,72,56
1500000US271230376032,Block Group 2; Census Tract 376.03; Ramsey County; Minnesota,897,159,48,56,101,96,0,10,4,9,72,75,73,59,14,24,10,15,77,74,111,96,288,179,73,78,0,10,0,10,0,10,26,35
1500000US271230376041,Block Group 1; Census Tract 376.04; Ramsey County; Minnesota,511,143,60,49,18,20,0,10,0,10,47,53,11,17,0,10,50,50,0,10,43,49,140,94,47,67,51,45,8,15,26,27,10,19
1500000US271230376042,Block Group 2; Census Tract 376.04; Ramsey County; Minnesota,911,129,18,22,67,52,8,13,16,26,43,56,37,60,0,10,108,84,45,67,84,77,60,47,125,92,245,129,21,34,13,21,21,25
1500000US271230401011,Block Group 1; Census Tract 401.01; Ramsey County; Minnesota,351,64,12,20,0,10,0,10,0,10,0,10,21,22,6,12,0,10,0,10,11,17,0,10,48,42,64,34,32,34,87,44,70,65
1500000US271230401012,Block Group 2; Census Tract 401.01; Ramsey County; Minnesota,585,82,6,10,0,10,0,10,0,10,2,4,17,19,6,10,54,40,7,12,0,10,45,45,121,53,52,38,98,61,95,55,82,51
1500000US271230401021,Block Group 1; Census Tract 401.02; Ramsey County; Minnesota,782,164,34,40,9,14,0,10,0,10,0,10,17,21,0,10,0,10,16,23,15,16,61,47,32,25,45,38,78,53,147,68,328,153
1500000US271230401022,Block Group 2; Census Tract 401.02; Ramsey County; Minnesota,346,122,0,10,0,10,6,9,0,10,0,10,11,18,0,10,0,10,0,10,19,27,24,28,22,22,38,44,7,11,89,103,130,62
1500000US271230401023,Block Group 3; Census Tract 401.02; Ramsey County; Minnesota,452,120,0,10,0,10,16,20,4,7,5,8,13,20,0,10,0,10,0,10,9,14,18,22,118,71,84,49,15,18,84,64,86,57
1500000US271230402001,Block Group 1; Census Tract 402; Ramsey County; Minnesota,445,79,0,10,27,33,17,26,18,16,20,20,0,10,53,61,27,23,29,34,40,31,5,7,0,10,48,32,19,17,66,31,76,37
1500000US271230402002,Block Group 2; Census Tract 402; Ramsey County; Minnesota,610,120,12,13,41,26,37,41,14,15,21,17,0,10,14,15,66,55,14,13,40,24,60,45,39,22,28,17,44,32,104,72,76,37
1500000US271230403011,Block Group 1; Census Tract 403.01; Ramsey County; Minnesota,375,54,37,32,0,10,0,10,0,10,6,9,0,10,3,7,6,9,7,11,7,11,39,27,33,22,47,22,53,37,61,25,76,33
1500000US271230403012,Block Group 2; Census Tract 403.01; Ramsey County; Minnesota,296,63,0,10,0,10,6,15,11,13,6,9,0,10,0,10,3,6,0,10,30,21,51,47,36,22,63,38,49,31,31,23,10,11
1500000US271230403021,Block Group 1; Census Tract 403.02; Ramsey County; Minnesota,516,183,18,27,0,10,0,10,0,10,64,104,0,10,39,53,0,10,0,10,29,31,47,43,88,63,23,28,104,108,104,82,0,10
1500000US271230403022,Block Group 2; Census Tract 403.02; Ramsey County; Minnesota,493,139,13,21,0,10,8,17,16,26,16,27,0,10,0,10,0,10,63,63,33,38,39,40,98,56,40,40,65,67,57,69,45,54
1500000US271230403023,Block Group 3; Census Tract 403.02; Ramsey County; Minnesota,696,188,0,10,15,24,0,10,47,67,0,10,14,22,19,32,0,10,0,10,5,17,278,190,16,25,40,49,35,34,111,72,116,86
1500000US271230403024,Block Group 4; Census Tract 403.02; Ramsey County; Minnesota,308,95,14,24,0,10,0,10,0,10,0,10,0,10,0,10,9,20,0,10,77,63,73,60,49,55,36,41,24,36,4,6,22,25
1500000US271230404011,Block Group 1; Census Tract 404.01; Ramsey County; Minnesota,368,97,0,10,6,11,11,18,13,20,9,14,0,10,12,18,15,23,0,10,0,10,7,12,44,54,104,54,25,23,77,53,45,34
1500000US271230404012,Block Group 2; Census Tract 404.01; Ramsey County; Minnesota,312,66,0,10,0,10,8,12,0,10,0,10,0,10,14,17,0,10,12,20,20,23,19,22,85,53,31,29,46,30,22,25,55,51
1500000US271230404013,Block Group 3; Census Tract 404.01; Ramsey County; Minnesota,945,139,9,15,33,29,15,18,30,34,0,10,44,46,84,58,108,84,28,25,64,51,73,50,129,61,132,69,32,27,87,68,77,49
1500000US271230404021,Block Group 1; Census Tract 404.02; Ramsey County; Minnesota,316,152,0,10,0,10,0,10,0,10,0,10,16,25,0,10,0,10,0,10,25,31,0,10,44,39,0,10,33,40,76,64,122,140
1500000US271230404022,Block Group 2; Census Tract 404.02; Ramsey County; Minnesota,378,125,0,10,0,10,0,10,0,10,0,10,0,10,110,106,0,10,0,10,64,72,18,29,23,38,35,39,82,54,13,22,33,38
1500000US271230404023,Block Group 3; Census Tract 404.02; Ramsey County; Minnesota,318,110,0,10,0,10,0,10,0,10,17,27,0,10,0,10,16,26,0,10,30,35,16,26,102,85,27,31,110,85,0,10,0,10
1500000US271230404024,Block Group 4; Census Tract 404.02; Ramsey County; Minnesota,764,167,40,47,0,10,0,10,0,10,20,33,18,29,24,38,0,10,0,10,91,112,47,40,177,103,52,46,147,108,100,84,48,58
1500000US271230404025,Block Group 5; Census Tract 404.02; Ramsey County; Minnesota,437,127,17,28,27,32,16,26,0,10,15,24,0,10,22,38,0,10,15,25,18,28,40,39,44,42,139,127,37,54,17,28,30,41
1500000US271230405021,Block Group 1; Census Tract 405.02; Ramsey County; Minnesota,345,90,15,16,7,13,23,24,17,17,73,73,0,10,13,16,14,23,16,25,49,44,15,20,38,31,0,10,19,21,46,32,0,10
1500000US271230405022,Block Group 2; Census Tract 405.02; Ramsey County; Minnesota,365,95,6,9,0,10,9,13,0,10,16,26,16,27,7,12,16,20,0,10,68,53,31,33,37,45,83,73,51,58,25,27,0,10
1500000US271230405023,Block Group 3; Census Tract 405.02; Ramsey County; Minnesota,446,139,22,21,15,16,7,11,43,60,65,98,0,10,23,27,0,10,0,10,37,49,0,10,47,34,73,46,0,10,48,37,66,65
1500000US271230405031,Block Group 1; Census Tract 405.03; Ramsey County; Minnesota,594,143,2,4,2,4,55,75,7,6,39,62,0,10,22,25,22,15,16,19,10,12,46,32,52,31,53,31,29,20,65,49,174,155
1500000US271230405032,Block Group 2; Census Tract 405.03; Ramsey County; Minnesota,387,88,13,19,8,12,0,10,13,20,12,19,20,22,15,23,43,32,0,10,50,37,100,69,58,41,34,29,21,23,0,10,0,10
1500000US271230405033,Block Group 3; Census Tract 405.03; Ramsey County; Minnesota,568,130,0,10,6,9,0,10,9,15,0,10,0,10,0,10,0,10,22,24,44,34,28,28,86,67,162,92,70,34,44,27,97,43
1500000US271230405041,Block Group 1; Census Tract 405.04; Ramsey County; Minnesota,584,224,0,10,0,10,8,12,0,10,19,23,19,21,37,45,0,10,0,10,55,47,154,139,206,171,44,39,0,10,19,21,23,26
1500000US271230405042,Block Group 2; Census Tract 405.04; Ramsey County; Minnesota,364,116,0,10,0,10,0,10,0,10,0,10,0,10,0,10,53,86,27,32,22,29,62,69,34,29,22,23,34,29,49,37,61,36
1500000US271230405043,Block Group 3; Census Tract 405.04; Ramsey County; Minnesota,527,92,0,10,53,63,0,10,7,12,13,21,4,6,12,19,0,10,14,16,29,25,83,58,104,57,54,29,19,23,102,62,33,24
1500000US271230405044,Block Group 4; Census Tract 405.04; Ramsey County; Minnesota,470,130,84,100,49,61,0,10,13,21,0,10,20,22,8,13,15,17,0,10,15,16,16,18,53,40,18,20,35,28,114,59,30,25
1500000US271230406011,Block Group 1; Census Tract 406.01; Ramsey County; Minnesota,369,103,0,10,0,10,0,10,0,10,0,10,0,10,0,10,0,10,0,10,43,44,27,33,15,23,43,42,43,36,0,10,198,77
1500000US271230406012,Block Group 2; Census Tract 406.01; Ramsey County; Minnesota,478,140,28,33,0,10,0,10,0,10,21,33,0,10,56,66,0,10,13,21,0,10,0,10,12,20,37,40,24,25,46,42,241,136
1500000US271230406013,Block Group 3; Census Tract 406.01; Ramsey County; Minnesota,264,92,0,10,0,10,0,10,12,18,0,10,0,10,0,10,0,10,0,10,8,14,0,10,20,26,0,10,21,31,21,32,182,81
1500000US271230406014,Block Group 4; Census Tract 406.01; Ramsey County; Minnesota,458,138,47,56,0,10,0,10,0,10,37,43,0,10,0,10,0,10,13,20,0,10,32,41,31,39,26,35,29,34,36,37,207,87
1500000US271230406015,Block Group 5; Census Tract 406.01; Ramsey County; Minnesota,381,117,33,39,0,10,0,10,0,10,0,10,0,10,0,10,0,10,0,10,0,10,34,39,0,10,19,29,10,19,48,47,237,108
1500000US271230406031,Block Group 1; Census Tract 406.03; Ramsey County; Minnesota,595,113,0,10,0,10,0,10,0,10,0,10,0,10,0,10,0,10,0,10,34,37,18,31,98,60,65,55,68,52,81,53,231,103
1500000US271230406032,Block Group 2; Census Tract 406.03; Ramsey County; Minnesota,979,169,19,31,0,10,53,84,16,24,0,10,0,10,0,10,30,34,19,30,62,52,120,80,166,73,103,66,141,87,75,68,175,99
1500000US271230406033,Block Group 3; Census Tract 406.03; Ramsey County; Minnesota,723,158,0,10,0,10,18,31,18,31,31,37,16,27,16,26,81,69,0,10,46,44,48,46,15,22,117,68,32,36,91,60,194,135
1500000US271230406051,Block Group 1; Census Tract 406.05; Ramsey County; Minnesota,693,147,19,22,0,10,19,21,8,13,0,10,22,29,10,15,36,51,9,15,22,23,52,51,86,108,80,70,115,76,87,44,128,64
1500000US271230406052,Block Group 2; Census Tract 406.05; Ramsey County; Minnesota,902,234,12,14,0,10,0,10,19,30,45,58,9,14,90,137,0,10,29,32,0,10,56,36,201,139,80,63,41,34,64,51,256,130
1500000US271230406061,Block Group 1; Census Tract 406.06; Ramsey County; Minnesota,342,115,12,22,8,19,15,24,0,10,0,10,9,16,12,22,29,35,50,53,38,37,10,16,146,115,0,10,0,10,13,20,0,10
1500000US271230406062,Block Group 2; Census Tract 406.06; Ramsey County; Minnesota,589,117,29,37,28,31,0,10,0,10,0,10,52,55,40,51,27,30,19,21,9,16,54,41,103,71,47,40,52,39,59,59,70,63
1500000US271230406063,Block Group 3; Census Tract 406.06; Ramsey County; Minnesota,787,154,20,32,0,10,37,52,15,25,44,59,54,49,10,16,68,53,75,75,48,37,107,109,81,67,71,54,137,98,20,20,0,10
1500000US271230407041,Block Group 1; Census Tract 407.04; Ramsey County; Minnesota,357,124,72,90,0,10,0,10,0,10,0,10,0,10,0,10,51,74,0,10,45,53,22,27,29,25,11,18,27,33,58,58,42,37
1500000US271230407042,Block Group 2; Census Tract 407.04; Ramsey County; Minnesota,499,144,0,10,0,10,14,22,0,10,15,26,13,22,20,32,0,10,17,26,58,48,78,75,64,46,33,39,16,27,108,97,63,49
1500000US271230407043,Block Group 3; Census Tract 407.04; Ramsey County; Minnesota,335,112,0,10,0,10,0,10,0,10,0,10,0,10,0,10,22,33,0,10,74,84,48,59,34,40,37,32,70,59,17,26,33,40
1500000US271230407044,Block Group 4; Census Tract 407.04; Ramsey County; Minnesota,672,168,11,19,0,10,14,23,39,63,0,10,13,21,34,38,41,65,72,83,57,50,33,39,124,81,97,123,36,37,16,26,85,70
1500000US271230407045,Block Group 5; Census Tract 407.04; Ramsey County; Minnesota,588,154,76,84,0,10,23,37,0,10,14,24,66,78,0,10,19,29,15,24,48,41,28,33,168,93,55,55,15,25,0,10,61,57
1500000US271230407051,Block Group 1; Census Tract 407.05; Ramsey County; Minnesota,724,105,6,11,0,10,0,10,0,10,14,25,9,15,33,26,0,10,0,10,72,42,37,31,172,94,78,44,109,54,67,43,127,56
1500000US271230407052,Block Group 2; Census Tract 407.05; Ramsey County; Minnesota,543,122,16,19,0,10,0,10,0,10,34,57,10,17,0,10,88,62,9,14,32,27,35,40,131,73,64,50,0,10,84,64,40,43
1500000US271230407053,Block Group 3; Census Tract 407.05; Ramsey County; Minnesota,505,108,0,10,9,15,0,10,0,10,0,10,10,15,19,21,0,10,0,10,15,24,73,41,85,50,58,50,27,26,103,59,106,42
1500000US271230407061,Block Group 1; Census Tract 407.06; Ramsey County; Minnesota,331,82,0,10,0,10,0,10,11,16,0,10,0,10,23,36,0,10,0,10,6,10,42,37,0,10,16,19,16,19,75,45,142,46
1500000US271230407062,Block Group 2; Census Tract 407.06; Ramsey County; Minnesota,569,107,0,10,7,11,11,18,9,14,0,10,46,42,0,10,11,16,8,13,10,16,25,22,43,33,40,32,40,29,112,56,207,81
1500000US271230407063,Block Group 3; Census Tract 407.06; Ramsey County; Minnesota,532,101,17,26,0,10,0,10,5,9,0,10,0,10,0,10,0,10,0,10,0,10,28,34,0,10,38,32,82,48,121,72,241,70
1500000US271230407064,Block Group 4; Census Tract 407.06; Ramsey County; Minnesota,565,190,0,10,0,10,0,10,0,10,0,10,0,10,0,10,7,13,0,10,52,34,29,33,82,44,82,53,81,40,72,45,160,184
1500000US271230407071,Block Group 1; Census Tract 407.07; Ramsey County; Minnesota,856,143,8,13,38,49,10,15,0,10,22,20,0,10,9,14,14,15,37,33,25,24,35,25,101,48,195,86,36,29,146,60,180,63
1500000US271230407072,Block Group 2; Census Tract 407.07; Ramsey County; Minnesota,699,165,0,10,8,12,35,45,12,14,21,32,7,11,0,10,120,160,15,16,22,20,59,49,58,45,52,27,12,18,54,33,224,63
1500000US271230407073,Block Group 3; Census Tract 407.07; Ramsey County; Minnesota,298,56,9,14,0,10,0,10,0,10,22,23,8,12,18,19,31,25,8,12,70,39,23,17,34,32,19,20,19,20,30,28,7,12
1500000US271230407081,Block Group 1; Census Tract 407.08; Ramsey County; Minnesota,797,161,15,25,21,27,0,10,30,49,30,36,50,50,25,28,0,10,43,52,8,13,57,29,87,73,83,55,227,121,39,33,82,50
1500000US271230407082,Block Group 2; Census Tract 407.08; Ramsey County; Minnesota,973,273,8,12,0,10,0,10,6,9,78,54,22,24,14,23,18,23,0,10,24,29,40,37,112,54,263,253,71,46,167,104,150,64
1500000US271230407091,Block Group 1; Census Tract 407.09; Ramsey County; Minnesota,463,101,10,16,0,10,0,10,20,24,28,22,15,22,0,10,0,10,14,23,56,61,60,46,71,44,65,48,28,33,38,41,58,46
1500000US271230407092,Block Group 2; Census Tract 407.09; Ramsey County; Minnesota,438,100,0,10,8,13,0,10,8,12,10,17,16,19,0,10,0,10,16,26,27,27,11,19,40,33,46,41,46,42,68,50,142,66
1500000US271230407093,Block Group 3; Census Tract 407.09; Ramsey County; Minnesota,596,108,16,18,9,16,0,10,0,10,9,13,0,10,0,10,0,10,30,41,9,17,58,54,36,35,155,83,57,41,106,55,111,56
1500000US271230408011,Block Group 1; Census Tract 408.01; Ramsey County; Minnesota,274,122,90,110,12,16,9,15,0,10,0,10,0,10,0,10,0,10,54,38,40,31,9,15,15,24,0,10,5,9,40,39,0,10
1500000US271230408012,Block Group 2; Census Tract 408.01; Ramsey County; Minnesota,259,68,0,10,0,10,10,16,0,10,0,10,0,10,11,17,0,10,0,10,0,10,27,23,10,16,11,15,0,10,119,65,71,41
1500000US271230408013,Block Group 3; Census Tract 408.01; Ramsey County; Minnesota,678,105,0,10,0,10,30,44,0,10,18,21,0,10,33,39,21,21,57,80,23,25,32,28,100,60,93,50,58,39,89,44,124,47
1500000US271230408041,Block Group 1; Census Tract 408.04; Ramsey County; Minnesota,438,75,0,10,0,10,6,9,0,10,12,10,7,10,22,22,0,10,0,10,5,8,24,24,55,31,39,31,33,27,61,37,174,55
1500000US271230408042,Block Group 2; Census Tract 408.04; Ramsey County; Minnesota,274,62,0,10,0,10,0,10,13,22,0,10,0,10,0,10,7,11,13,15,0,10,29,19,42,28,0,10,50,34,55,30,65,32
1500000US271230408051,Block Group 1; Census Tract 408.05; Ramsey County; Minnesota,0,10,0,10,0,10,0,10,0,10,0,10,0,10,0,10,0,10,0,10,0,10,0,10,0,10,0,10,0,10,0,10,0,10
1500000US271230408052,Block Group 2; Census Tract 408.05; Ramsey County; Minnesota,324,92,0,10,0,10,0,10,0,10,8,9,9,11,6,9,9,10,14,14,2,4,67,40,4,7,0,10,15,18,82,73,108,39
1500000US271230408053,Block Group 3; Census Tract 408.05; Ramsey County; Minnesota,325,65,11,12,9,14,0,10,0,10,0,10,0,10,5,9,11,14,4,6,0,10,4,7,43,27,34,28,50,38,66,28,88,39
1500000US271230408054,Block Group 4; Census Tract 408.05; Ramsey County; Minnesota,284,61,0,10,0,10,0,10,0,10,7,11,0,10,4,7,0,10,0,10,0,10,20,17,10,11,35,29,30,24,76,37,102,48
1500000US271230409011,Block Group 1; Census Tract 409.01; Ramsey County; Minnesota,466,88,6,10,7,11,0,10,0,10,0,10,30,35,9,14,7,11,0,10,51,27,44,29,73,32,47,38,82,49,74,65,36,22
1500000US271230409012,Block Group 2; Census Tract 409.01; Ramsey County; Minnesota,0,10,0,10,0,10,0,10,0,10,0,10,0,10,0,10,0,10,0,10,0,10,0,10,0,10,0,10,0,10,0,10,0,10
1500000US271230409013,Block Group 3; Census Tract 409.01; Ramsey County; Minnesota,388,81,0,10,0,10,16,15,0,10,34,36,0,10,0,10,46,65,14,14,32,20,56,37,72,31,24,20,34,20,44,25,16,15
1500000US271230409021,Block Group 1; Census Tract 409.02; Ramsey County; Minnesota,640,136,45,38,9,16,0,10,9,14,0,10,19,21,44,75,107,96,16,18,29,27,87,73,42,48,46,48,0,10,83,49,104,87
1500000US271230409022,Block Group 2; Census Tract 409.02; Ramsey County; Minnesota,738,163,27,29,2,4,0,10,0,10,51,67,11,18,74,61,43,35,0,10,23,28,125,96,137,88,128,77,67,76,41,39,9,15
1500000US271230409023,Block Group 3; Census Tract 409.02; Ramsey County; Minnesota,350,87,47,51,0,10,11,17,0,10,0,10,0,10,9,13,38,42,15,25,11,16,21,32,87,41,16,20,11,18,41,37,43,31
1500000US271230410011,Block Group 1; Census Tract 410.01; Ramsey County; Minnesota,720,141,0,10,0,10,0,10,36,31,23,24,37,44,86,62,11,17,40,41,58,54,107,80,135,133,19,22,65,42,33,30,70,49
1500000US271230410012,Block Group 2; Census Tract 410.01; Ramsey County; Minnesota,774,111,41,38,9,15,0,10,27,22,0,10,23,28,16,24,49,36,24,39,82,55,50,39,63,45,60,43,119,70,136,72,75,47
1500000US271230410021,Block Group 1; Census Tract 410.02; Ramsey County; Minnesota,484,111,37,60,0,10,0,10,0,10,9,15,0,10,24,36,29,39,0,10,0,10,38,25,19,23,78,67,47,44,46,37,157,81
1500000US271230410022,Block Group 2; Census Tract 410.02; Ramsey County; Minnesota,382,112,8,12,2,6,0,10,0,10,0,10,0,10,0,10,0,10,0,10,27,22,15,18,36,26,42,34,68,70,76,55,108,79
1500000US271230410023,Block Group 3; Census Tract 410.02; Ramsey County; Minnesota,492,126,32,40,17,26,31,47,67,57,19,22,20,25,0,10,51,70,20,24,29,46,0,10,42,41,48,56,14,16,23,26,79,81
1500000US271230411031,Block Group 1; Census Tract 411.03; Ramsey County; Minnesota,1005,182,23,30,49,43,39,33,37,52,45,44,123,101,84,98,20,22,10,16,72,69,65,40,111,55,242,103,10,14,45,36,30,30
1500000US271230411032,Block Group 2; Census Tract 411.03; Ramsey County; Minnesota,862,220,47,42,0,10,52,50,16,19,85,82,42,61,41,33,33,29,67,48,55,39,36,35,100,88,59,38,63,56,96,67,70,44
1500000US271230411041,Block Group 1; Census Tract 411.04; Ramsey County; Minnesota,496,115,10,15,28,36,0,10,0,10,7,12,0,10,0,10,18,19,0,10,7,12,36,23,17,19,102,53,43,56,104,59,124,83
1500000US271230411042,Block Group 2; Census Tract 411.04; Ramsey County; Minnesota,456,120,0,10,0,10,0,10,20,22,0,10,8,11,0,10,0,10,0,10,7,10,67,86,64,40,46,31,52,59,104,57,88,63
1500000US271230411043,Block Group 3; Census Tract 411.04; Ramsey County; Minnesota,387,129,23,21,0,10,13,17,4,9,45,39,18,27,8,12,7,11,7,12,17,17,24,25,125,113,18,21,0,10,43,29,35,31
1500000US271230411051,Block Group 1; Census Tract 411.05; Ramsey County; Minnesota,217,82,0,10,0,10,0,10,0,10,0,10,0,10,0,10,12,20,0,10,0,10,0,10,106,78,12,19,14,22,48,41,25,19
1500000US271230411052,Block Group 2; Census Tract 411.05; Ramsey County; Minnesota,631,179,9,16,0,10,0,10,0,10,35,58,12,19,15,23,26,33,49,76,23,27,50,61,25,30,52,42,165,149,49,61,121,96
1500000US271230411053,Block Group 3; Census Tract 411.05; Ramsey County; Minnesota,340,116,0,10,0,10,82,66,0,10,24,26,0,10,0,10,0,10,0,10,28,34,0,10,14,23,68,60,71,44,36,33,17,28
1500000US271230411054,Block Group 4; Census Tract 411.05; Ramsey County; Minnesota,665,166,16,28,0,10,70,80,0,10,15,28,15,25,27,24,0,10,54,67,16,25,43,37,0,10,87,94,57,76,135,130,130,51
1500000US271230411055,Block Group 5; Census Tract 411.05; Ramsey County; Minnesota,231,64,0,10,0,10,15,22,0,10,0,10,26,29,0,10,0,10,0,10,12,20,0,10,10,16,65,49,44,40,31,30,28,31
1500000US271230411061,Block Group 1; Census Tract 411.06; Ramsey County; Minnesota,281,85,0,10,0,10,0,10,0,10,0,10,0,10,30,35,7,11,7,12,90,60,29,31,19,23,32,32,8,14,18,21,41,29
1500000US271230411062,Block Group 2; Census Tract 411.06; Ramsey County; Minnesota,605,99,10,16,13,21,24,28,40,56,15,17,19,28,16,24,0,10,13,21,36,44,39,34,61,40,82,54,21,22,68,39,148,58
1500000US271230411063,Block Group 3; Census Tract 411.06; Ramsey County; Minnesota,380,71,0,10,0,10,0,10,0,10,0,10,0,10,6,10,0,10,7,12,11,17,15,18,72,39,23,20,0,10,60,40,186,58
1500000US271230411071,Block Group 1; Census Tract 411.07; Ramsey County; Minnesota,434,143,22,36,0,10,0,10,0,10,0,10,0,10,0,10,10,17,4,6,0,10,75,33,66,83,122,128,53,86,16,25,66,48
1500000US271230411072,Block Group 2; Census Tract 411.07; Ramsey County; Minnesota,474,274,17,29,0,10,0,10,13,21,0,10,0,10,0,10,38,43,236,258,34,55,27,41,18,28,16,26,17,27,28,33,30,26
1500000US271230411073,Block Group 3; Census Tract 411.07; Ramsey County; Minnesota,750,206,0,10,23,36,0,10,0,10,39,75,93,145,0,10,63,61,0,10,206,219,94,70,127,72,0,10,60,49,23,26,22,26
1500000US271230411074,Block Group 4; Census Tract 411.07; Ramsey County; Minnesota,604,133,0,10,0,10,0,10,52,58,23,38,47,56,0,10,42,39,47,51,72,53,75,56,70,56,54,57,34,41,48,43,40,41
1500000US271230411075,Block Group 5; Census Tract 411.07; Ramsey County; Minnesota,300,99,0,10,0,10,24,28,0,10,44,40,13,21,24,28,0,10,0,10,28,33,39,44,47,46,37,36,0,10,44,69,0,10
1500000US271230412001,Block Group 1; Census Tract 412; Ramsey County; Minnesota,802,173,47,67,15,26,10,16,68,84,23,26,34,41,0,10,144,97,31,37,52,38,106,72,94,64,17,27,45,45,63,57,53,47
1500000US271230412002,Block Group 2; Census Tract 412; Ramsey County; Minnesota,647,140,0,10,0,10,10,16,16,24,0,10,11,18,38,45,15,25,17,27,134,114,32,28,115,103,53,46,52,43,55,50,99,83
1500000US271230412003,Block Group 3; Census Tract 412; Ramsey County; Minnesota,469,183,0,10,16,26,79,105,0,10,0,10,66,79,0,10,0,10,0,10,65,73,24,32,90,77,81,106,0,10,48,44,0,10
1500000US271230413011,Block Group 1; Census Tract 413.01; Ramsey County; Minnesota,793,128,54,51,13,19,105,118,0,10,13,21,53,55,20,30,50,41,0,10,25,39,118,85,98,50,35,34,74,57,36,28,99,41
1500000US271230413012,Block Group 2; Census Tract 413.01; Ramsey County; Minnesota,490,122,15,17,0,10,20,20,0,10,0,10,7,12,13,15,0,10,6,9,0,10,32,24,73,53,65,81,35,30,70,44,154,74
1500000US271230413013,Block Group 3; Census Tract 413.01; Ramsey County; Minnesota,416,89,10,16,10,15,0,10,0,10,0,10,0,10,0,10,0,10,58,59,39,52,35,31,68,40,35,33,44,39,38,33,79,48
1500000US271230413021,Block Group 1; Census Tract 413.02; Ramsey County; Minnesota,689,116,19,22,22,24,0,10,12,17,71,42,0,10,11,17,35,32,37,33,42,32,76,61,62,47,57,35,48,41,42,34,155,54
1500000US271230413022,Block Group 2; Census Tract 413.02; Ramsey County; Minnesota,0,10,0,10,0,10,0,10,0,10,0,10,0,10,0,10,0,10,0,10,0,10,0,10,0,10,0,10,0,10,0,10,0,10
1500000US271230413023,Block Group 3; Census Tract 413.02; Ramsey County; Minnesota,0,10,0,10,0,10,0,10,0,10,0,10,0,10,0,10,0,10,0,10,0,10,0,10,0,10,0,10,0,10,0,10,0,10
1500000US271230413024,Block Group 4; Census Tract 413.02; Ramsey County; Minnesota,1104,220,81,60,21,23,11,17,6,9,38,31,39,33,74,87,43,35,34,31,24,33,232,155,156,68,33,35,98,59,100,91,114,89
1500000US271230414001,Block Group 1; Census Tract 414; Ramsey County; Minnesota,689,154,21,26,0,10,0,10,15,23,17,27,22,34,0,10,14,21,0,10,38,45,69,52,152,114,37,41,60,51,65,64,179,101
1500000US271230414002,Block Group 2; Census Tract 414; Ramsey County; Minnesota,293,102,38,46,8,16,10,19,0,10,0,10,0,10,0,10,0,10,74,66,60,75,0,10,0,10,48,58,39,44,16,25,0,10
1500000US271230414003,Block Group 3; Census Tract 414; Ramsey County; Minnesota,377,156,31,34,0,10,16,26,0,10,0,10,0,10,0,10,0,10,0,10,0,10,105,146,54,55,0,10,29,38,89,55,53,47
1500000US271230414004,Block Group 4; Census Tract 414; Ramsey County; Minnesota,724,166,1,3,77,81,32,40,0,10,62,74,15,25,15,24,134,120,0,10,15,26,38,43,92,86,30,36,124,77,32,36,57,56
1500000US271230414005,Block Group 5; Census Tract 414; Ramsey County; Minnesota,338,77,0,10,19,32,31,36,18,29,0,10,16,27,14,25,0,10,32,36,15,28,35,39,19,32,55,50,40,42,11,19,33,38
1500000US271230415001,Block Group 1; Census Tract 415; Ramsey County; Minnesota,404,96,17,27,0,10,0,10,14,23,13,22,0,10,13,21,0,10,0,10,27,44,92,57,58,70,43,50,0,10,107,79,20,25
1500000US271230415002,Block Group 2; Census Tract 415; Ramsey County; Minnesota,938,188,0,10,20,31,15,24,0,10,43,55,36,40,33,36,0,10,13,20,56,53,163,114,146,98,40,41,63,54,109,78,201,107
1500000US271230415003,Block Group 3; Census Tract 415; Ramsey County; Minnesota,526,156,0,10,0,10,0,10,43,39,0,10,16,25,14,23,61,73,0,10,0,10,12,22,63,49,106,88,28,44,92,66,91,104
1500000US271230415004,Block Group 4; Census Tract 415; Ramsey County; Minnesota,564,171,29,32,0,10,0,10,0,10,0,10,12,19,14,23,0,10,0,10,82,87,0,10,53,62,98,78,12,20,67,57,197,112
1500000US271230416011,Block Group 1; Census Tract 416.01; Ramsey County; Minnesota,746,171,12,21,33,54,0,10,0,10,0,10,88,87,42,47,15,23,30,48,0,10,40,46,170,100,86,67,11,18,56,48,163,77
1500000US271230416012,Block Group 2; Census Tract 416.01; Ramsey County; Minnesota,793,187,0,10,67,81,0,10,0,10,0,10,34,54,32,51,0,10,17,28,117,101,87,94,113,96,117,69,86,61,94,50,29,32
1500000US271230416013,Block Group 3; Census Tract 416.01; Ramsey County; Minnesota,490,192,30,51,0,10,0,10,0,10,0,10,0,10,0,10,0,10,0,10,27,28,0,10,163,170,16,26,116,76,18,29,120,60
1500000US271230416014,Block Group 4; Census Tract 416.01; Ramsey County; Minnesota,632,308,0,10,0,10,0,10,0,10,170,222,0,10,0,10,6,10,35,41,0,10,72,63,81,65,63,56,29,36,49,46,127,176
1500000US271230416021,Block Group 1; Census Tract 416.02; Ramsey County; Minnesota,565,129,36,32,0,10,0,10,0,10,13,20,47,44,8,13,8,12,107,77,132,98,70,46,79,69,9,14,0,10,50,47,6,9
1500000US271230416022,Block Group 2; Census Tract 416.02; Ramsey County; Minnesota,687,153,30,29,23,27,23,26,22,24,7,13,0,10,32,29,6,9,36,30,27,21,21,24,92,60,54,40,55,53,153,126,106,51
1500000US271230416023,Block Group 3; Census Tract 416.02; Ramsey County; Minnesota,299,98,38,38,27,30,14,21,7,11,0,10,71,83,0,10,0,10,0,10,14,23,15,16,5,10,57,41,0,10,28,29,23,18
1500000US271230417001,Block Group 1; Census Tract 417; Ramsey County; Minnesota,228,64,0,10,0,10,0,10,19,23,0,10,10,16,13,20,0,10,0,10,20,23,18,20,0,10,26,34,19,21,41,31,62,44
1500000US271230417002,Block Group 2; Census Tract 417; Ramsey County; Minnesota,598,209,79,61,35,29,0,10,35,55,0,10,23,23,0,10,124,185,9,15,0,10,57,51,26,23,47,45,55,41,64,74,44,33
1500000US271230417003,Block Group 3; Census Tract 417; Ramsey County; Minnesota,254,82,0,10,0,10,0,10,0,10,14,22,0,10,0,10,0,10,0,10,9,14,28,41,33,27,81,66,32,28,19,22,38,33
1500000US271230417004,Block Group 4; Census Tract 417; Ramsey County; Minnesota,399,134,0,10,0,10,0,10,18,20,0,10,7,11,43,65,13,19,0,10,24,31,33,42,60,36,60,56,20,21,66,56,55,28
1500000US271230418001,Block Group 1; Census Tract 418; Ramsey County; Minnesota,558,159,0,10,0,10,0,10,102,94,0,10,29,46,0,10,0,10,20,31,64,46,114,106,65,40,31,28,16,21,41,35,76,41
1500000US271230418002,Block Group 2; Census Tract 418; Ramsey County; Minnesota,497,115,10,15,0,10,0,10,0,10,12,20,10,16,0,10,29,31,0,10,59,39,111,97,87,79,36,26,31,23,68,44,44,34
1500000US271230418003,Block Group 3; Census Tract 418; Ramsey County; Minnesota,479,97,16,19,0,10,0,10,9,15,0,10,25,28,13,21,28,26,16,19,0,10,35,34,65,39,42,33,37,28,112,71,81,46
1500000US271230419001,Block Group 1; Census Tract 419; Ramsey County; Minnesota,344,85,9,16,0,10,0,10,0,10,0,10,17,19,7,12,0,10,0,10,9,14,38,29,13,21,48,46,55,37,29,28,119,72
1500000US271230419002,Block Group 2; Census Tract 419; Ramsey County; Minnesota,380,103,0,10,9,14,31,42,11,19,20,24,24,23,7,12,33,50,9,16,0,10,19,22,16,19,0,10,19,22,120,66,62,39
1500000US271230419003,Block Group 3; Census Tract 419; Ramsey County; Minnesota,555,116,0,10,0,10,0,10,0,10,19,22,0,10,0,10,47,49,21,22,9,14,45,44,69,41,73,46,86,69,72,36,114,61
1500000US271230420011,Block Group 1; Census Tract 420.01; Ramsey County; Minnesota,415,69,36,39,0,10,9,9,10,11,12,14,0,10,16,25,5,7,13,19,49,26,37,21,65,34,21,14,37,27,33,25,72,29
1500000US271230420012,Block Group 2; Census Tract 420.01; Ramsey County; Minnesota,345,64,7,12,0,10,26,22,36,30,15,13,20,22,0,10,48,33,31,31,31,24,66,33,23,20,16,15,13,13,13,14,0,10
1500000US271230420021,Block Group 1; Census Tract 420.02; Ramsey County; Minnesota,498,87,9,15,0,10,31,33,13,16,24,28,24,23,9,11,31,36,9,12,69,35,52,31,96,35,82,38,12,14,11,12,26,22
1500000US271230420022,Block Group 2; Census Tract 420.02; Ramsey County; Minnesota,724,95,16,21,4,7,25,30,10,17,22,17,16,18,5,8,0,10,59,37,57,29,75,42,113,86,45,25,147,92,80,38,50,30
1500000US271230421011,Block Group 1; Census Tract 421.01; Ramsey County; Minnesota,415,124,18,23,0,10,0,10,17,27,13,22,43,46,0,10,33,39,20,32,0,10,64,95,102,62,0,10,0,10,32,36,73,58
1500000US271230421012,Block Group 2; Census Tract 421.01; Ramsey County; Minnesota,827,196,0,10,49,55,18,28,78,99,16,26,58,53,71,62,91,69,53,50,62,61,36,43,185,154,56,56,25,40,29,36,0,10
1500000US271230421013,Block Group 3; Census Tract 421.01; Ramsey County; Minnesota,465,153,34,37,32,48,0,10,56,68,0,10,21,34,0,10,0,10,0,10,0,10,79,68,128,95,15,23,17,27,55,48,28,34
1500000US271230421014,Block Group 4; Census Tract 421.01; Ramsey County; Minnesota,430,142,10,15,40,63,15,26,0,10,15,24,62,77,17,27,25,39,39,44,20,33,77,57,51,52,19,31,0,10,40,47,0,10
1500000US271230421015,Block Group 5; Census Tract 421.01; Ramsey County; Minnesota,385,158,16,27,0,10,16,28,23,36,0,10,46,56,16,26,0,10,22,33,119,112,0,10,67,58,0,10,0,10,46,74,14,23
1500000US271230421021,Block Group 1; Census Tract 421.02; Ramsey County; Minnesota,924,166,55,59,48,41,21,24,10,16,14,21,0,10,14,22,53,44,13,21,37,46,147,73,162,128,126,91,76,53,84,50,64,46
1500000US271230421022,Block Group 2; Census Tract 421.02; Ramsey County; Minnesota,965,174,24,26,0,10,0,10,0,10,11,18,29,34,11,17,0,10,0,10,13,21,93,49,80,53,82,55,134,85,208,89,280,167
1500000US271230422011,Block Group 1; Census Tract 422.01; Ramsey County; Minnesota,290,127,5,7,0,10,0,10,6,9,5,7,0,10,8,11,4,6,16,19,5,8,79,54,109,106,15,16,10,15,28,21,0,10
1500000US271230422012,Block Group 2; Census Tract 422.01; Ramsey County; Minnesota,289,75,0,10,16,18,0,10,6,12,0,10,10,8,5,8,8,15,6,9,25,21,55,51,21,18,77,53,27,23,23,19,10,12
1500000US271230422021,Block Group 1; Census Tract 422.02; Ramsey County; Minnesota,426,79,0,10,0,10,0,10,0,10,0,10,8,12,9,13,0,10,0,10,8,13,9,13,63,40,9,15,152,71,89,57,79,42
1500000US271230422022,Block Group 2; Census Tract 422.02; Ramsey County; Minnesota,321,85,45,40,0,10,8,14,34,44,24,24,48,74,18,21,22,25,19,20,49,30,10,16,8,13,10,16,13,21,0,10,13,21
1500000US271230422023,Block Group 3; Census Tract 422.02; Ramsey County; Minnesota,329,83,9,13,0,10,9,17,4,8,15,24,18,19,0,10,24,27,9,14,29,29,23,21,38,34,0,10,18,20,53,40,80,59
1500000US271230422024,Block Group 4; Census Tract 422.02; Ramsey County; Minnesota,332,119,0,10,0,10,0,10,26,39,8,12,56,87,9,14,0,10,0,10,70,64,9,13,8,12,108,79,15,25,23,28,0,10
1500000US271230422025,Block Group 5; Census Tract 422.02; Ramsey County; Minnesota,670,239,0,10,43,43,0,10,96,114,0,10,0,10,53,57,6,10,32,33,23,24,70,65,61,41,65,76,182,201,10,16,29,32
1500000US271230423011,Block Group 1; Census Tract 423.01; Ramsey County; Minnesota,441,93,14,25,0,10,8,12,0,10,16,28,11,19,46,36,0,10,0,10,57,36,77,50,43,41,48,34,45,45,58,55,18,27
1500000US271230423012,Block Group 2; Census Tract 423.01; Ramsey County; Minnesota,229,69,0,10,0,10,0,10,45,48,8,12,0,10,5,10,0,10,0,10,10,16,0,10,25,25,10,15,24,22,5,9,97,46
1500000US271230423013,Block Group 3; Census Tract 423.01; Ramsey County; Minnesota,449,85,12,19,0,10,0,10,0,10,0,10,9,14,33,51,0,10,0,10,14,17,31,25,58,48,52,39,32,28,40,33,168,70
1500000US271230423021,Block Group 1; Census Tract 423.02; Ramsey County; Minnesota,393,136,0,10,0,10,19,26,0,10,0,10,24,38,44,49,0,10,12,20,35,34,38,49,45,39,41,64,54,53,14,28,67,73
1500000US271230423022,Block Group 2; Census Tract 423.02; Ramsey County; Minnesota,278,113,0,10,0,10,0,10,7,11,34,39,14,22,0,10,0,10,13,21,28,34,22,25,7,12,43,47,8,15,79,81,23,37
1500000US271230423023,Block Group 3; Census Tract 423.02; Ramsey County; Minnesota,379,120,14,22,0,10,13,21,0,10,0,10,9,16,38,55,7,11,0,10,37,55,6,18,39,52,40,37,57,74,62,65,57,77
1500000US271230423024,Block Group 4; Census Tract 423.02; Ramsey County; Minnesota,484,142,45,43,0,10,0,10,0,10,0,10,0,10,18,23,0,10,0,10,0,10,68,58,39,36,98,78,51,60,63,46,102,113
1500000US271230423025,Block Group 5; Census Tract 423.02; Ramsey County; Minnesota,302,101,44,34,37,37,0,10,13,21,22,35,13,15,52,56,0,10,0,10,0,10,0,10,24,35,20,31,65,60,12,20,0,10
1500000US271230424011,Block Group 1; Census Tract 424.01; Ramsey County; Minnesota,509,114,53,50,23,37,0,10,55,50,16,26,38,33,0,10,6,10,0,10,30,33,35,40,33,37,43,51,51,50,108,67,18,31
1500000US271230424012,Block Group 2; Census Tract 424.01; Ramsey County; Minnesota,337,149,0,10,0,10,0,10,0,10,0,10,0,10,0,10,0,10,0,10,36,41,17,28,37,44,35,33,149,133,43,35,20,32
1500000US271230424013,Block Group 3; Census Tract 424.01; Ramsey County; Minnesota,688,164,23,33,26,43,85,82,61,51,0,10,0,10,115,128,19,31,22,35,36,55,20,30,36,43,102,71,46,42,23,37,74,54
1500000US271230424014,Block Group 4; Census Tract 424.01; Ramsey County; Minnesota,223,133,0,10,0,10,0,10,0,10,0,10,0,10,0,10,71,113,0,10,0,10,0,10,18,28,64,77,11,17,13,21,46,35
1500000US271230424015,Block Group 5; Census Tract 424.01; Ramsey County; Minnesota,533,131,72,81,0,10,17,29,0,10,0,10,21,32,0,10,20,31,40,62,35,39,59,53,111,78,64,52,40,43,7,12,47,57
1500000US271230424021,Block Group 1; Census Tract 424.02; Ramsey County; Minnesota,315,121,0,10,0,10,0,10,13,21,0,10,0,10,61,99,30,44,0,10,7,12,0,10,49,36,30,36,41,43,49,70,35,35
1500000US271230424022,Block Group 2; Census Tract 424.02; Ramsey County; Minnesota,237,103,8,14,17,21,0,10,0,10,13,25,0,10,110,83,14,21,0,10,0,10,0,10,18,30,38,45,0,10,12,22,7,13
1500000US271230424023,Block Group 3; Census Tract 424.02; Ramsey County; Minnesota,687,312,7,13,67,75,0,10,46,61,0,10,26,62,0,10,0,10,0,10,0,10,195,151,90,73,51,66,127,198,26,42,52,70
1500000US271230424024,Block Group 4; Census Tract 424.02; Ramsey County; Minnesota,438,203,29,48,0,10,44,55,0,10,0,10,30,53,0,10,35,60,0,10,22,29,29,51,91,135,19,30,20,29,85,88,34,35
1500000US271230424025,Block Group 5; Census Tract 424.02; Ramsey County; Minnesota,431,163,0,10,0,10,7,14,0,10,0,10,0,10,0,10,16,27,0,10,58,77,37,59,62,82,58,60,20,34,105,80,68,52
1500000US271230425011,Block Group 1; Census Tract 425.01; Ramsey County; Minnesota,401,98,0,10,18,30,0,10,0,10,0,10,0,10,16,26,0,10,18,28,19,30,8,15,126,89,99,82,0,10,21,34,76,60
1500000US271230425012,Block Group 2; Census Tract 425.01; Ramsey County; Minnesota,546,131,80,119,0,10,15,26,0,10,1,3,9,22,87,81,35,35,15,24,31,45,89,78,51,57,113,39,0,10,20,32,0,10
1500000US271230425013,Block Group 3; Census Tract 425.01; Ramsey County; Minnesota,738,224,26,42,23,36,19,33,22,36,0,10,18,27,0,10,0,10,0,10,77,61,130,120,48,55,0,10,62,57,155,131,158,123
1500000US271230425014,Block Group 4; Census Tract 425.01; Ramsey County; Minnesota,576,217,19,30,0,10,0,10,26,35,0,10,23,27,19,31,51,75,21,35,77,88,38,39,21,36,92,78,78,67,111,163,0,10
1500000US271230425031,Block Group 1; Census Tract 425.03; Ramsey County; Minnesota,514,78,31,32,18,27,0,10,0,10,0,10,12,18,0,10,0,10,0,10,34,28,20,20,71,61,75,43,41,38,52,36,160,64
1500000US271230425032,Block Group 2; Census Tract 425.03; Ramsey County; Minnesota,537,151,6,10,0,10,0,10,11,18,0,10,0,10,0,10,61,99,32,46,10,12,28,25,42,27,42,29,19,23,157,73,129,51
1500000US271230425041,Block Group 1; Census Tract 425.04; Ramsey County; Minnesota,588,167,59,57,0,10,19,21,0,10,0,10,0,10,16,26,56,51,7,12,12,22,27,34,134,73,82,60,36,26,100,81,40,32
1500000US271230425042,Block Group 2; Census Tract 425.04; Ramsey County; Minnesota,597,146,15,25,0,10,0,10,0,10,7,10,15,23,0,10,26,25,23,27,7,12,22,21,71,41,68,36,65,55,105,79,173,115
1500000US271230425043,Block Group 3; Census Tract 425.04; Ramsey County; Minnesota,613,171,20,22,12,23,13,19,0,10,0,10,14,27,54,44,29,27,17,20,11,20,44,55,81,44,146,120,46,36,79,58,47,46
1500000US271230426011,Block Group 1; Census Tract 426.01; Ramsey County; Minnesota,471,96,0,10,0,10,0,10,0,10,26,20,5,9,26,30,22,26,6,10,12,15,22,21,109,72,54,41,21,25,158,67,10,16
1500000US271230426012,Block Group 2; Census Tract 426.01; Ramsey County; Minnesota,426,126,0,10,0,10,0,10,7,12,0,10,43,42,14,22,16,28,10,14,37,47,16,18,55,74,88,74,0,10,82,59,58,46
1500000US271230426013,Block Group 3; Census Tract 426.01; Ramsey County; Minnesota,237,71,14,24,0,10,7,12,0,10,0,10,8,13,0,10,0,10,0,10,28,33,17,20,46,34,76,49,4,10,10,16,27,25
1500000US271230426014,Block Group 4; Census Tract 426.01; Ramsey County; Minnesota,536,124,44,42,0,10,0,10,65,68,76,72,41,46,41,39,68,76,0,10,30,26,31,33,32,29,25,29,18,23,24,26,41,41
1500000US271230426021,Block Group 1; Census Tract 426.02; Ramsey County; Minnesota,493,107,0,10,0,10,0,10,0,10,0,10,19,29,0,10,0,10,7,11,17,22,56,49,111,67,32,33,100,57,71,41,80,68
1500000US271230426022,Block Group 2; Census Tract 426.02; Ramsey County; Minnesota,440,109,51,42,17,19,64,46,5,9,33,31,0,10,12,18,42,37,0,10,46,46,13,12,75,57,19,27,17,19,46,39,0,10
1500000US271230427001,Block Group 1; Census Tract 427; Ramsey County; Minnesota,268,186,0,10,0,10,0,10,10,20,0,10,0,10,0,10,0,10,0,10,43,56,0,10,168,184,33,39,0,10,14,21,0,10
1500000US271230427002,Block Group 2; Census Tract 427; Ramsey County; Minnesota,554,167,13,20,81,124,0,10,56,68,0,10,0,10,18,30,0,10,10,17,22,29,0,10,106,92,165,118,43,71,4,7,36,38
1500000US271230427003,Block Group 3; Census Tract 427; Ramsey County; Minnesota,327,114,0,10,0,10,0,10,27,43,21,36,0,10,13,21,13,22,0,10,43,37,18,33,81,91,23,31,55,56,0,10,33,41
1500000US271230427004,Block Group 4; Census Tract 427; Ramsey County; Minnesota,650,227,30,50,14,23,0,10,20,33,0,10,33,48,0,10,150,180,0,10,25,29,141,179,50,51,18,33,55,65,30,38,84,68
1500000US271230427005,Block Group 5; Census Tract 427; Ramsey County; Minnesota,345,142,15,25,0,10,11,17,11,19,0,10,0,10,0,10,0,10,23,29,0,10,47,45,39,37,109,103,80,84,0,10,10,16
1500000US271230428001,Block Group 1; Census Tract 428; Ramsey County; Minnesota,355,92,6,12,20,28,7,12,3,6,0,10,16,21,16,25,41,37,2,4,82,65,45,43,59,50,8,24,36,52,6,13,8,18
1500000US271230428002,Block Group 2; Census Tract 428; Ramsey County; Minnesota,0,10,0,10,0,10,0,10,0,10,0,10,0,10,0,10,0,10,0,10,0,10,0,10,0,10,0,10,0,10,0,10,0,10
1500000US271230428003,Block Group 3; Census Tract 428; Ramsey County; Minnesota,612,157,78,61,90,77,8,16,22,29,31,38,0,10,27,33,43,45,73,68,133,114,21,32,72,64,14,22,0,10,0,10,0,10
1500000US271230429001,Block Group 1; Census Tract 429; Ramsey County; Minnesota,616,113,70,83,0,10,35,33,0,10,0,10,33,46,10,16,7,12,49,84,10,15,47,33,89,47,13,20,53,41,67,44,133,57
1500000US271230429002,Block Group 2; Census Tract 429; Ramsey County; Minnesota,470,99,0,10,11,16,10,16,10,14,10,15,12,19,46,41,24,26,32,29,11,17,28,26,41,29,54,36,0,10,67,45,114,69
1500000US271230429003,Block Group 3; Census Tract 429; Ramsey County; Minnesota,847,198,0,10,0,10,30,29,28,31,26,40,22,24,35,52,0,10,0,10,51,65,115,79,79,71,89,46,61,61,111,67,200,128
1500000US271230430011,Block Group 1; Census Tract 430.01; Ramsey County; Minnesota,377,92,33,36,0,10,0,10,0,10,0,10,0,10,15,24,0,10,0,10,0,10,0,10,19,36,12,19,67,61,13,21,218,96
1500000US271230430012,Block Group 2; Census Tract 430.01; Ramsey County; Minnesota,612,158,33,37,19,30,0,10,58,58,12,19,48,57,0,10,0,10,17,27,0,10,20,32,62,84,81,84,13,21,57,54,192,100
1500000US271230430013,Block Group 3; Census Tract 430.01; Ramsey County; Minnesota,681,295,18,25,0,10,245,275,19,30,0,10,0,10,15,24,28,33,0,10,59,54,58,53,15,24,111,71,14,23,54,54,45,38
1500000US271230430014,Block Group 4; Census Tract 430.01; Ramsey County; Minnesota,384,125,0,10,0,10,0,10,0,10,0,10,0,10,14,24,37,44,20,33,0,10,70,72,38,45,21,35,0,10,39,45,145,86
1500000US271230430015,Block Group 5; Census Tract 430.01; Ramsey County; Minnesota,259,96,24,38,0,10,18,30,0,10,0,10,0,10,0,10,0,10,0,10,0,10,0,10,13,21,26,44,0,10,17,28,161,83
1500000US271230430021,Block Group 1; Census Tract 430.02; Ramsey County; Minnesota,951,260,15,18,0,10,0,10,24,34,9,12,8,12,0,10,17,17,0,10,259,245,37,34,70,34,87,37,112,64,129,53,184,64
1500000US271239800001,Block Group 1; Census Tract 9800; Ramsey County; Minnesota,0,10,0,10,0,10,0,10,0,10,0,10,0,10,0,10,0,10,0,10,0,10,0,10,0,10,0,10,0,10,0,10,0,10
1500000US271250101001,Block Group 1; Census Tract 101; Red Lake County; Minnesota,383,44,2,3,9,6,15,9,7,5,5,6,8,7,16,10,12,6,5,5,24,9,35,17,71,20,44,19,62,36,42,13,26,11
1500000US271250101002,Block Group 2; Census Tract 101; Red Lake County; Minnesota,378,49,23,13,45,23,13,7,12,7,6,5,16,14,9,6,5,4,12,12,34,15,31,16,46,14,40,13,60,30,16,8,10,6
1500000US271250102001,Block Group 1; Census Tract 102; Red Lake County; Minnesota,327,51,3,5,1,2,8,7,12,9,26,20,3,4,21,16,12,8,2,4,26,16,73,36,48,23,35,18,16,9,31,16,10,7
1500000US271250102002,Block Group 2; Census Tract 102; Red Lake County; Minnesota,314,52,8,8,5,5,26,16,9,7,11,10,16,16,3,4,7,7,4,4,14,8,32,15,37,16,28,17,41,28,36,20,37,17
1500000US271250102003,Block Group 3; Census Tract 102; Red Lake County; Minnesota,269,45,13,10,9,9,11,8,13,9,6,8,11,10,9,8,19,13,5,7,19,10,37,21,34,15,36,17,13,13,33,20,1,2
1500000US271277501001,Block Group 1; Census Tract 7501; Redwood County; Minnesota,285,32,11,10,7,5,6,5,9,7,10,6,5,4,6,6,3,3,10,7,20,9,26,15,43,16,51,18,22,12,44,17,12,7
1500000US271277501002,Block Group 2; Census Tract 7501; Redwood County; Minnesota,353,40,24,11,7,9,19,13,16,9,21,12,11,7,13,8,15,7,10,8,26,11,31,15,64,23,26,13,8,6,30,11,32,13
1500000US271277501003,Block Group 3; Census Tract 7501; Redwood County; Minnesota,392,53,35,36,8,6,27,24,10,7,24,11,15,9,6,7,15,8,24,11,32,13,25,10,57,17,38,15,27,14,44,27,5,5
1500000US271277502001,Block Group 1; Census Tract 7502; Redwood County; Minnesota,443,81,0,10,6,8,4,6,14,20,52,33,12,18,0,10,9,10,36,29,6,11,15,17,52,30,99,40,80,57,37,20,21,18
1500000US271277502002,Block Group 2; Census Tract 7502; Redwood County; Minnesota,435,111,12,19,22,22,83,78,12,19,26,36,0,10,0,10,10,16,24,27,7,12,77,55,29,33,57,40,46,40,6,10,24,26
1500000US271277502003,Block Group 3; Census Tract 7502; Redwood County; Minnesota,483,108,55,43,37,32,19,21,13,17,104,73,1,2,29,37,0,10,18,22,4,9,52,38,56,45,15,17,60,62,20,29,0,10
1500000US271277503001,Block Group 1; Census Tract 7503; Redwood County; Minnesota,511,78,15,17,45,40,18,19,0,10,37,31,21,19,5,7,35,27,9,12,21,15,72,37,54,26,54,39,37,25,35,32,53,36
1500000US271277503002,Block Group 2; Census Tract 7503; Redwood County; Minnesota,444,84,16,17,31,34,28,25,50,34,11,18,18,18,10,11,45,36,43,40,35,35,43,23,38,22,26,21,21,23,26,29,3,6
1500000US271277504001,Block Group 1; Census Tract 7504; Redwood County; Minnesota,531,54,30,13,2,4,8,6,10,8,26,17,36,30,25,9,14,6,17,9,27,16,56,21,69,26,83,24,36,14,49,21,43,16
1500000US271277504002,Block Group 2; Census Tract 7504; Redwood County; Minnesota,280,37,11,8,10,7,1,2,4,4,6,4,3,3,22,23,4,3,7,8,24,11,26,11,52,24,22,8,41,13,21,7,26,11
1500000US271277504003,Block Group 3; Census Tract 7504; Redwood County; Minnesota,308,55,21,11,6,5,12,6,10,6,22,17,9,5,10,8,22,15,1,3,24,15,54,32,34,12,22,14,23,9,22,12,16,8
1500000US271277505001,Block Group 1; Census Tract 7505; Redwood County; Minnesota,543,58,34,18,36,17,21,9,22,10,21,14,24,14,34,17,24,15,17,12,25,14,106,40,67,15,51,15,16,8,18,7,27,12
1500000US271277505002,Block Group 2; Census Tract 7505; Redwood County; Minnesota,332,48,34,23,4,6,12,9,7,5,8,7,6,4,4,4,8,9,14,11,51,17,47,18,42,21,32,13,24,8,26,8,13,5
1500000US271277505003,Block Group 3; Census Tract 7505; Redwood County; Minnesota,248,30,8,5,7,5,8,9,3,3,3,4,10,6,3,3,9,9,10,7,26,11,41,18,37,15,22,9,31,20,20,9,10,8
1500000US271277506001,Block Group 1; Census Tract 7506; Redwood County; Minnesota,489,51,15,8,30,29,21,9,7,5,17,9,14,9,35,15,22,13,29,16,39,22,35,12,84,36,51,16,43,19,38,14,9,5
1500000US271277506002,Block Group 2; Census Tract 7506; Redwood County; Minnesota,216,34,1,2,10,8,16,10,15,15,12,7,10,7,14,10,3,5,6,4,10,7,21,9,32,16,24,13,19,8,17,8,6,5
1500000US271297901001,Block Group 1; Census Tract 7901; Renville County; Minnesota,324,39,4,6,7,7,7,5,5,5,7,6,7,7,11,10,2,3,11,7,22,12,38,13,69,18,48,26,21,11,21,14,44,16
1500000US271297901002,Block Group 2; Census Tract 7901; Renville County; Minnesota,264,45,12,7,8,7,3,4,12,10,25,17,6,5,12,13,8,6,3,4,19,9,43,22,25,9,52,26,5,5,27,19,4,5
1500000US271297901003,Block Group 3; Census Tract 7901; Renville County; Minnesota,524,68,17,12,31,20,28,27,12,9,16,16,39,31,8,9,36,24,21,19,17,16,86,45,82,28,26,17,41,28,42,17,22,18
1500000US271297902001,Block Group 1; Census Tract 7902; Renville County; Minnesota,292,43,7,9,6,7,2,3,6,6,11,6,19,13,15,12,15,15,2,3,15,7,15,12,50,18,25,10,43,16,34,13,27,9
1500000US271297902002,Block Group 2; Census Tract 7902; Renville County; Minnesota,467,63,0,10,19,16,5,6,23,17,24,15,15,8,6,10,20,22,5,6,58,31,56,33,65,23,29,12,46,18,62,27,34,21
1500000US271297903001,Block Group 1; Census Tract 7903; Renville County; Minnesota,509,57,3,3,6,10,10,9,8,5,49,29,9,6,27,29,18,11,13,10,44,21,42,18,80,27,101,32,50,18,31,14,18,8
1500000US271297903002,Block Group 2; Census Tract 7903; Renville County; Minnesota,225,43,10,6,3,4,4,4,0,10,9,8,13,8,3,3,5,7,17,7,15,6,39,18,28,11,23,7,16,7,31,15,9,5
1500000US271297904001,Block Group 1; Census Tract 7904; Renville County; Minnesota,300,38,11,8,13,9,10,12,8,9,7,7,12,8,8,7,29,16,11,7,18,10,25,12,56,27,34,14,14,8,33,14,11,6
1500000US271297904002,Block Group 2; Census Tract 7904; Renville County; Minnesota,184,28,1,2,3,3,2,3,1,2,5,4,7,6,6,7,8,8,11,11,16,8,16,9,30,13,19,8,14,6,31,14,14,7
1500000US271297904003,Block Group 3; Census Tract 7904; Renville County; Minnesota,535,60,23,21,20,23,7,7,17,14,35,17,45,27,4,4,16,12,20,17,48,29,49,25,75,21,45,29,89,32,13,8,29,23
1500000US271297905001,Block Group 1; Census Tract 7905; Renville County; Minnesota,309,49,1,4,12,16,13,17,13,12,4,4,6,5,17,10,9,10,20,14,32,19,32,23,47,24,34,17,22,13,20,11,27,14
1500000US271297905002,Block Group 2; Census Tract 7905; Renville County; Minnesota,676,67,59,23,35,34,34,35,23,18,9,9,4,6,22,15,30,18,42,28,51,27,82,30,64,27,76,27,23,15,87,35,35,23
1500000US271297905003,Block Group 3; Census Tract 7905; Renville County; Minnesota,326,58,44,39,22,16,0,10,16,16,11,10,6,8,5,6,34,26,12,18,28,20,36,28,43,21,37,31,4,7,12,14,16,22
1500000US271297906001,Block Group 1; Census Tract 7906; Renville County; Minnesota,293,38,8,5,1,2,11,13,6,5,14,7,11,7,9,6,27,14,11,8,14,7,24,11,25,11,30,11,45,20,30,11,27,11
1500000US271297906002,Block Group 2; Census Tract 7906; Renville County; Minnesota,306,52,5,5,10,7,21,11,5,6,16,11,8,7,6,5,31,25,18,14,39,17,30,15,41,30,21,10,18,10,19,10,18,9
1500000US271297906003,Block Group 3; Census Tract 7906; Renville County; Minnesota,266,42,15,13,15,15,9,11,31,22,12,10,17,15,16,12,2,6,3,3,8,6,40,29,30,14,32,15,4,4,13,7,19,19
1500000US271297906004,Block Group 4; Census Tract 7906; Renville County; Minnesota,256,47,13,14,22,16,13,12,12,11,30,21,7,9,0,10,13,16,5,4,25,16,32,21,24,23,19,14,16,10,25,21,0,10
1500000US271310701011,Block Group 1; Census Tract 701.01; Rice County; Minnesota,483,66,16,14,9,11,21,13,0,10,3,6,26,21,5,6,16,15,0,10,25,13,57,35,31,12,46,25,77,51,62,26,89,32
1500000US271310701012,Block Group 2; Census Tract 701.01; Rice County; Minnesota,700,69,28,16,0,10,7,7,6,7,2,4,10,7,6,6,15,12,4,5,61,43,30,17,96,30,68,27,86,33,164,37,117,33
1500000US271310701021,Block Group 1; Census Tract 701.02; Rice County; Minnesota,525,122,0,10,0,10,0,10,64,93,10,17,0,10,0,10,16,25,25,28,52,37,91,72,133,63,28,33,29,31,35,32,42,36
1500000US271310701022,Block Group 2; Census Tract 701.02; Rice County; Minnesota,991,136,12,18,0,10,11,16,0,10,29,33,48,57,0,10,12,19,12,20,82,71,84,75,192,82,134,69,143,84,156,80,76,49
1500000US271310702001,Block Group 1; Census Tract 702; Rice County; Minnesota,388,60,10,8,10,12,4,5,0,10,3,5,12,16,0,10,4,5,12,15,16,15,30,15,40,24,56,20,33,16,57,23,101,30
1500000US271310702002,Block Group 2; Census Tract 702; Rice County; Minnesota,299,48,3,4,7,5,1,2,2,3,16,14,2,3,0,10,2,3,2,5,20,17,24,15,76,26,34,15,29,17,50,27,31,13
1500000US271310702003,Block Group 3; Census Tract 702; Rice County; Minnesota,617,121,2,3,6,7,5,5,2,3,3,5,6,5,2,3,22,17,5,5,13,9,43,30,64,30,68,28,70,36,142,113,164,52
1500000US271310702004,Block Group 4; Census Tract 702; Rice County; Minnesota,683,80,0,10,4,4,12,9,0,10,9,11,15,13,19,15,18,12,14,10,36,29,48,26,72,20,108,36,56,22,133,56,139,36
1500000US271310703001,Block Group 1; Census Tract 703; Rice County; Minnesota,398,89,38,49,4,6,0,10,10,12,7,6,17,17,9,10,20,22,11,13,25,21,21,11,66,23,81,68,25,17,37,20,27,13
1500000US271310703002,Block Group 2; Census Tract 703; Rice County; Minnesota,371,68,14,11,2,3,0,10,4,4,17,14,5,6,3,4,28,40,0,10,18,10,32,21,74,30,22,14,32,19,72,33,48,25
1500000US271310703003,Block Group 3; Census Tract 703; Rice County; Minnesota,385,45,9,7,11,10,0,10,0,10,19,16,8,13,2,3,0,10,8,7,44,23,24,10,56,20,79,24,42,14,39,17,44,14
1500000US271310703004,Block Group 4; Census Tract 703; Rice County; Minnesota,296,75,18,15,0,10,0,10,18,15,6,6,3,6,25,29,12,9,7,10,19,12,25,19,35,20,26,14,22,14,52,57,28,12
1500000US271310703005,Block Group 5; Census Tract 703; Rice County; Minnesota,482,76,16,11,4,4,21,19,4,4,12,12,22,15,14,11,29,22,19,17,15,15,29,16,153,67,41,15,29,12,43,22,31,23
1500000US271310704001,Block Group 1; Census Tract 704; Rice County; Minnesota,445,50,18,11,3,4,8,8,6,6,7,7,0,10,24,16,2,4,13,17,33,18,42,16,77,26,46,19,60,31,38,16,68,24
1500000US271310704002,Block Group 2; Census Tract 704; Rice County; Minnesota,406,51,3,4,17,18,2,5,8,6,9,11,5,5,3,8,6,6,18,11,32,17,52,20,61,16,56,23,37,16,57,21,40,12
1500000US271310704003,Block Group 3; Census Tract 704; Rice County; Minnesota,336,50,3,4,0,10,0,10,8,6,15,18,2,4,0,10,8,7,7,7,8,8,31,16,49,20,47,19,34,13,45,19,79,26
1500000US271310704004,Block Group 4; Census Tract 704; Rice County; Minnesota,378,57,2,5,6,5,7,10,5,5,4,4,2,3,9,9,23,14,8,6,21,11,40,17,69,38,25,12,48,24,70,23,39,15
1500000US271310705011,Block Group 1; Census Tract 705.01; Rice County; Minnesota,283,99,57,71,0,10,0,10,7,10,0,10,0,10,5,10,0,10,0,10,18,18,7,11,20,18,60,45,24,20,4,7,81,49
1500000US271310705012,Block Group 2; Census Tract 705.01; Rice County; Minnesota,597,112,13,22,0,10,21,20,10,16,22,20,49,67,10,13,13,16,38,22,80,55,78,52,65,37,56,32,41,23,47,43,54,35
1500000US271310705031,Block Group 1; Census Tract 705.03; Rice County; Minnesota,767,113,0,10,0,10,0,10,3,6,0,10,6,11,0,10,13,20,13,19,6,10,90,65,151,66,66,45,116,69,129,72,174,80
1500000US271310705032,Block Group 2; Census Tract 705.03; Rice County; Minnesota,459,107,8,12,0,10,0,10,16,20,0,10,15,18,15,19,60,71,8,13,56,35,23,24,54,43,42,34,57,37,39,25,66,37
1500000US271310705041,Block Group 1; Census Tract 705.04; Rice County; Minnesota,531,130,52,39,27,25,9,14,36,41,7,13,9,16,40,39,10,17,2,5,22,21,89,101,85,67,53,35,24,27,58,38,8,12
1500000US271310705042,Block Group 2; Census Tract 705.04; Rice County; Minnesota,504,118,12,18,11,17,20,29,17,26,14,17,11,16,42,49,15,20,37,33,77,49,29,28,40,38,72,49,17,23,90,66,0,10
1500000US271310705043,Block Group 3; Census Tract 705.04; Rice County; Minnesota,465,89,0,10,0,10,0,10,18,22,28,25,19,22,48,43,11,18,0,10,67,47,28,28,13,14,64,38,18,18,84,44,67,31
1500000US271310706011,Block Group 1; Census Tract 706.01; Rice County; Minnesota,585,202,93,141,0,10,12,18,0,10,81,114,0,10,9,15,32,52,47,66,9,15,52,49,8,13,114,71,101,105,27,41,0,10
1500000US271310706012,Block Group 2; Census Tract 706.01; Rice County; Minnesota,372,96,26,20,0,10,29,31,49,39,0,10,18,28,0,10,0,10,0,10,5,9,15,19,35,27,23,22,62,76,89,53,21,25
1500000US271310706013,Block Group 3; Census Tract 706.01; Rice County; Minnesota,406,94,26,25,0,10,12,18,9,13,21,23,10,17,42,53,0,10,16,18,29,26,23,36,56,40,53,38,61,38,26,29,22,26
1500000US271310706014,Block Group 4; Census Tract 706.01; Rice County; Minnesota,478,154,37,46,20,15,32,34,0,10,0,10,9,15,0,10,23,33,9,15,0,10,185,132,47,37,27,26,13,24,61,60,15,19
1500000US271310706021,Block Group 1; Census Tract 706.02; Rice County; Minnesota,494,81,14,20,3,4,0,10,16,10,0,10,4,6,3,4,6,6,10,9,18,13,88,47,52,26,60,31,62,28,99,50,59,23
1500000US271310706022,Block Group 2; Census Tract 706.02; Rice County; Minnesota,373,60,0,10,0,10,8,11,31,23,14,16,45,50,13,15,19,21,0,10,33,21,83,37,59,44,18,13,16,10,30,20,4,6
1500000US271310706023,Block Group 3; Census Tract 706.02; Rice County; Minnesota,29,12,0,10,4,7,0,10,0,10,0,10,3,5,0,10,0,10,0,10,0,10,0,10,6,9,0,10,0,10,9,12,7,11
1500000US271310707011,Block Group 1; Census Tract 707.01; Rice County; Minnesota,404,48,35,44,6,12,63,46,4,7,73,69,5,12,9,10,0,10,4,7,18,25,15,18,48,42,11,17,44,33,18,26,51,28
1500000US271310707021,Block Group 1; Census Tract 707.02; Rice County; Minnesota,599,216,55,86,0,10,27,45,109,107,37,37,20,30,22,36,0,10,19,29,95,74,6,12,61,70,89,70,18,33,38,41,3,6
1500000US271310707022,Block Group 2; Census Tract 707.02; Rice County; Minnesota,306,124,0,10,0,10,12,18,27,32,0,10,20,22,10,17,9,14,33,39,79,106,29,42,80,63,7,12,0,10,0,10,0,10
1500000US271310707023,Block Group 3; Census Tract 707.02; Rice County; Minnesota,275,108,0,10,0,10,12,19,9,14,114,93,0,10,0,10,26,24,0,10,0,10,77,46,29,27,8,13,0,10,0,10,0,10
1500000US271310707024,Block Group 4; Census Tract 707.02; Rice County; Minnesota,487,115,34,36,0,10,20,23,30,26,11,13,0,10,16,17,0,10,0,10,34,43,73,54,43,46,75,59,10,18,95,65,46,40
1500000US271310708011,Block Group 1; Census Tract 708.01; Rice County; Minnesota,650,177,39,49,0,10,0,10,0,10,7,11,0,10,107,110,0,10,0,10,16,26,92,84,100,77,38,47,0,10,154,83,97,62
1500000US271310708012,Block Group 2; Census Tract 708.01; Rice County; Minnesota,576,117,33,32,62,76,71,77,59,62,19,23,24,32,45,77,35,39,23,24,21,25,60,57,48,31,10,17,9,14,57,44,0,10
1500000US271310708013,Block Group 3; Census Tract 708.01; Rice County; Minnesota,443,203,0,10,9,15,8,12,0,10,0,10,8,12,0,10,11,17,8,14,54,74,0,10,87,106,12,19,79,103,144,142,23,38
1500000US271310708021,Block Group 1; Census Tract 708.02; Rice County; Minnesota,494,115,23,36,0,10,10,17,33,48,8,14,14,24,39,45,58,57,57,84,31,39,20,24,28,31,83,55,41,40,19,28,30,28
1500000US271310708022,Block Group 2; Census Tract 708.02; Rice County; Minnesota,251,108,59,82,0,10,0,10,37,38,0,10,50,51,0,10,15,25,0,10,21,24,10,16,7,13,26,29,0,10,11,18,15,17
1500000US271310708023,Block Group 3; Census Tract 708.02; Rice County; Minnesota,332,106,0,10,25,35,0,10,0,10,0,10,31,35,0,10,0,10,25,29,5,8,17,25,14,23,32,43,8,16,154,102,21,25
1500000US271310708024,Block Group 4; Census Tract 708.02; Rice County; Minnesota,300,100,30,37,0,10,57,53,0,10,13,22,0,10,10,17,0,10,8,11,15,16,26,25,46,35,0,10,37,36,49,47,9,16
1500000US271310709011,Block Group 1; Census Tract 709.01; Rice County; Minnesota,604,197,0,10,56,69,0,10,33,40,23,55,9,17,81,109,0,10,57,66,49,56,100,94,110,71,20,33,29,37,28,43,9,15
1500000US271310709012,Block Group 2; Census Tract 709.01; Rice County; Minnesota,366,155,8,14,0,10,0,10,11,15,18,39,30,47,27,57,17,27,60,85,42,60,32,28,56,64,27,45,38,59,0,10,0,10
1500000US271310709013,Block Group 3; Census Tract 709.01; Rice County; Minnesota,738,176,109,94,21,30,24,31,0,10,0,10,31,27,0,10,80,71,31,36,14,25,11,16,171,114,100,80,8,15,82,69,56,68
1500000US271310709014,Block Group 4; Census Tract 709.01; Rice County; Minnesota,563,264,82,172,16,27,11,19,122,126,39,52,17,28,0,10,81,98,0,10,0,10,28,51,8,16,0,10,95,106,64,67,0,10
1500000US271310709021,Block Group 1; Census Tract 709.02; Rice County; Minnesota,1015,226,23,30,62,68,26,35,0,10,113,78,113,128,20,27,37,36,0,10,68,58,195,141,69,43,53,45,52,69,184,114,0,10
1500000US271310709022,Block Group 2; Census Tract 709.02; Rice County; Minnesota,564,133,16,25,2,9,6,12,19,31,0,10,0,10,106,111,50,46,23,28,14,17,49,43,154,66,73,83,19,24,22,31,11,20
1500000US271335701001,Block Group 1; Census Tract 5701; Rock County; Minnesota,257,43,17,17,16,12,8,9,13,8,4,4,0,10,7,7,9,9,1,2,11,9,17,13,45,14,15,11,30,11,51,22,13,6
1500000US271335701002,Block Group 2; Census Tract 5701; Rock County; Minnesota,261,31,9,6,12,7,9,6,7,8,22,9,9,7,23,13,8,6,3,3,20,8,26,11,36,14,27,10,14,7,27,9,9,10
1500000US271335701003,Block Group 3; Census Tract 5701; Rock County; Minnesota,360,44,5,4,5,4,5,4,10,8,10,6,8,5,8,6,4,4,6,4,39,17,38,16,50,17,52,12,36,21,16,7,68,29
1500000US271335702001,Block Group 1; Census Tract 5702; Rock County; Minnesota,649,123,0,10,0,10,0,10,52,54,26,30,46,35,8,13,41,39,15,16,10,15,61,42,98,50,130,80,27,26,82,48,53,41
1500000US271335702002,Block Group 2; Census Tract 5702; Rock County; Minnesota,617,96,12,21,11,15,0,10,18,20,0,10,47,37,15,24,0,10,10,17,73,46,97,61,73,43,57,41,39,29,115,61,50,43
1500000US271335702003,Block Group 3; Census Tract 5702; Rock County; Minnesota,473,90,100,50,23,28,0,10,22,34,0,10,12,19,42,32,0,10,13,20,45,39,45,38,27,26,72,46,39,46,10,9,23,31
1500000US271335703001,Block Group 1; Census Tract 5703; Rock County; Minnesota,420,58,7,10,9,8,4,6,3,5,14,11,26,17,17,16,14,13,22,16,62,25,35,29,34,15,43,18,35,15,59,20,36,17
1500000US271335703002,Block Group 2; Census Tract 5703; Rock County; Minnesota,480,60,17,14,11,7,10,7,8,6,6,5,22,12,16,10,11,9,13,11,57,30,57,25,55,23,54,21,32,14,76,33,35,31
1500000US271335703003,Block Group 3; Census Tract 5703; Rock County; Minnesota,518,70,161,73,0,10,42,30,18,17,78,62,0,10,26,24,0,10,16,17,40,33,30,21,49,31,9,10,34,25,12,12,3,4
1500000US271359701001,Block Group 1; Census Tract 9701; Roseau County; Minnesota,608,98,82,69,16,14,0,10,29,39,25,23,11,12,5,7,21,25,0,10,34,25,38,24,127,73,95,39,59,32,46,35,20,16
1500000US271359701002,Block Group 2; Census Tract 9701; Roseau County; Minnesota,418,78,28,22,21,21,13,11,0,10,16,17,19,18,8,9,2,3,58,42,45,31,44,41,45,28,26,22,31,23,25,17,37,23
1500000US271359701003,Block Group 3; Census Tract 9701; Roseau County; Minnesota,633,108,18,19,105,64,20,16,16,12,53,33,50,35,6,8,13,12,5,7,56,35,76,51,25,26,62,38,51,27,43,27,34,23
1500000US271359702001,Block Group 1; Census Tract 9702; Roseau County; Minnesota,386,36,16,11,10,7,14,8,7,7,7,6,19,9,10,8,3,4,8,5,36,18,26,9,59,16,58,20,46,16,27,11,40,13
1500000US271359702002,Block Group 2; Census Tract 9702; Roseau County; Minnesota,458,54,16,7,33,22,15,11,18,7,8,5,17,6,31,26,16,8,17,7,11,7,49,19,94,26,62,24,15,9,30,13,26,11
1500000US271359703001,Block Group 1; Census Tract 9703; Roseau County; Minnesota,710,97,62,58,61,47,61,44,53,38,0,10,14,15,33,29,89,59,53,43,7,11,62,36,56,38,70,40,40,27,2,4,47,42
1500000US271359703002,Block Group 2; Census Tract 9703; Roseau County; Minnesota,285,78,0,10,8,12,0,10,0,10,0,10,0,10,12,15,18,17,26,26,15,16,19,25,109,65,27,28,20,21,29,26,2,4
1500000US271359703003,Block Group 3; Census Tract 9703; Roseau County; Minnesota,228,70,9,13,0,10,0,10,0,10,0,10,0,10,6,11,17,17,6,11,42,37,46,35,8,12,40,34,37,38,7,11,10,14
1500000US271359703004,Block Group 4; Census Tract 9703; Roseau County; Minnesota,479,76,9,10,2,3,33,45,14,13,9,10,5,5,29,21,9,10,13,11,32,28,21,24,82,40,61,25,34,20,73,27,53,32
1500000US271359704001,Block Group 1; Census Tract 9704; Roseau County; Minnesota,529,65,3,3,4,7,3,3,51,50,4,4,23,12,2,4,9,7,11,6,17,11,69,28,101,30,124,35,31,10,41,14,36,14
1500000US271359704002,Block Group 2; Census Tract 9704; Roseau County; Minnesota,507,54,13,8,11,12,12,7,27,17,39,16,15,8,9,8,20,10,25,17,32,16,42,18,83,22,93,30,28,12,46,15,12,7
1500000US271359704003,Block Group 3; Census Tract 9704; Roseau County; Minnesota,344,58,5,4,3,3,6,7,8,6,16,11,13,14,12,11,18,16,16,14,19,13,43,20,56,19,30,13,21,10,22,13,56,38
1500000US271359705001,Block Group 1; Census Tract 9705; Roseau County; Minnesota,487,53,15,9,22,17,8,8,11,8,14,10,20,9,18,11,20,11,22,19,66,34,49,21,63,22,51,16,50,18,41,18,17,8
1500000US271359705002,Block Group 2; Census Tract 9705; Roseau County; Minnesota,224,46,0,10,8,5,0,10,10,10,5,4,5,4,10,8,9,9,5,4,9,6,15,12,51,23,26,12,14,8,31,20,26,16
1500000US271370001001,Block Group 1; Census Tract 1; St. Louis County; Minnesota,547,129,11,18,0,10,12,21,0,10,22,23,0,10,0,10,22,24,17,20,24,25,0,10,111,71,48,38,90,47,67,48,123,96
1500000US271370001002,Block Group 2; Census Tract 1; St. Louis County; Minnesota,434,69,0,10,0,10,10,18,25,29,11,17,20,31,12,19,0,10,0,10,31,24,36,24,66,36,53,36,62,40,46,32,62,34
1500000US271370001003,Block Group 3; Census Tract 1; St. Louis County; Minnesota,773,164,6,9,0,10,11,15,4,7,27,29,77,92,8,14,0,10,0,10,46,41,63,60,90,45,57,38,77,57,238,141,69,46
1500000US271370002001,Block Group 1; Census Tract 2; St. Louis County; Minnesota,335,97,21,32,0,10,0,10,0,10,0,10,4,11,9,15,10,17,16,18,21,30,25,22,24,21,33,36,22,24,76,58,74,59
1500000US271370002002,Block Group 2; Census Tract 2; St. Louis County; Minnesota,290,86,8,12,0,10,16,18,0,10,0,10,8,12,0,10,8,12,22,24,30,24,71,63,44,35,26,27,22,24,12,18,23,25
1500000US271370002003,Block Group 3; Census Tract 2; St. Louis County; Minnesota,819,147,0,10,32,38,20,23,8,13,13,20,12,18,18,20,0,10,25,23,58,48,60,52,107,48,125,70,108,105,113,45,120,49
1500000US271370002004,Block Group 4; Census Tract 2; St. Louis County; Minnesota,468,92,7,13,9,8,13,21,15,18,6,9,0,10,7,11,10,11,4,7,55,41,37,31,44,27,50,33,74,56,84,54,53,35
1500000US271370003011,Block Group 1; Census Tract 3.01; St. Louis County; Minnesota,989,226,116,104,138,188,35,40,36,30,11,17,0,10,56,51,77,53,75,98,29,34,36,42,165,99,55,42,101,84,39,46,20,31
1500000US271370003012,Block Group 2; Census Tract 3.01; St. Louis County; Minnesota,1165,262,186,220,28,37,30,46,59,58,51,57,38,44,116,120,42,50,57,67,62,62,114,94,141,141,103,75,34,39,91,72,13,21
1500000US271370003013,Block Group 3; Census Tract 3.01; St. Louis County; Minnesota,443,218,0,10,0,10,19,31,0,10,0,10,10,15,58,92,0,10,64,77,0,10,17,29,0,10,105,113,52,39,36,32,82,127
1500000US271370003021,Block Group 1; Census Tract 3.02; St. Louis County; Minnesota,486,110,9,14,29,47,16,25,0,10,18,27,18,20,21,25,0,10,16,25,24,26,61,37,42,34,116,61,9,14,67,49,40,46
1500000US271370003022,Block Group 2; Census Tract 3.02; St. Louis County; Minnesota,415,93,12,20,10,17,57,60,17,26,9,15,9,14,10,16,9,16,7,11,22,18,19,22,51,35,20,22,115,79,30,44,18,20
1500000US271370004001,Block Group 1; Census Tract 4; St. Louis County; Minnesota,287,76,8,13,0,10,0,10,0,10,29,43,0,10,8,13,16,25,29,31,24,21,0,10,79,72,72,49,11,17,0,10,11,17
1500000US271370004002,Block Group 2; Census Tract 4; St. Louis County; Minnesota,545,130,14,16,11,18,0,10,17,19,0,10,0,10,11,17,6,9,6,11,51,41,48,38,121,89,16,20,26,30,104,55,114,63
1500000US271370004003,Block Group 3; Census Tract 4; St. Louis County; Minnesota,725,162,0,10,0,10,7,11,28,43,32,48,40,63,15,17,8,13,21,25,74,49,107,109,91,51,101,61,39,33,57,50,105,58
1500000US271370004004,Block Group 4; Census Tract 4; St. Louis County; Minnesota,418,112,42,52,8,12,20,28,7,11,8,12,0,10,72,74,7,11,20,23,43,40,80,84,13,21,24,28,0,10,9,14,65,46
1500000US271370005001,Block Group 1; Census Tract 5; St. Louis County; Minnesota,533,125,10,17,0,10,0,10,10,16,0,10,0,10,10,16,12,18,22,24,0,10,12,19,0,10,130,89,72,48,54,39,201,109
1500000US271370005002,Block Group 2; Census Tract 5; St. Louis County; Minnesota,386,106,0,10,0,10,0,10,0,10,0,10,18,21,9,13,9,14,0,10,9,13,31,27,29,29,134,91,54,49,72,43,21,29
1500000US271370005003,Block Group 3; Census Tract 5; St. Louis County; Minnesota,384,102,12,18,11,18,0,10,0,10,0,10,28,43,0,10,13,22,0,10,0,10,74,40,57,40,33,27,20,21,84,61,52,35
1500000US271370006001,Block Group 1; Census Tract 6; St. Louis County; Minnesota,365,109,0,10,11,17,0,10,0,10,0,10,0,10,55,51,16,25,0,10,0,10,0,10,48,64,32,51,63,63,45,45,95,63
1500000US271370006002,Block Group 2; Census Tract 6; St. Louis County; Minnesota,371,119,20,24,0,10,0,10,0,10,49,68,0,10,0,10,0,10,0,10,0,10,26,31,41,46,15,23,44,40,71,68,105,110
1500000US271370006003,Block Group 3; Census Tract 6; St. Louis County; Minnesota,409,115,0,10,20,31,5,17,13,22,0,10,0,10,0,10,0,10,9,14,8,13,0,10,159,107,42,44,14,25,55,46,84,62
1500000US271370006004,Block Group 4; Census Tract 6; St. Louis County; Minnesota,606,158,11,18,0,10,0,10,0,10,0,10,10,15,7,11,17,28,0,10,9,16,87,62,107,97,158,111,48,57,109,78,43,50
1500000US271370006005,Block Group 5; Census Tract 6; St. Louis County; Minnesota,399,107,0,10,10,16,0,10,0,10,16,28,0,10,0,10,0,10,65,86,0,10,6,9,64,48,174,85,42,46,10,16,12,20
1500000US271370007001,Block Group 1; Census Tract 7; St. Louis County; Minnesota,463,82,13,20,10,15,0,10,0,10,36,42,9,14,0,10,0,10,0,10,52,35,52,41,72,51,42,30,48,30,62,50,67,39
1500000US271370007002,Block Group 2; Census Tract 7; St. Louis County; Minnesota,282,70,0,10,0,10,0,10,0,10,0,10,0,10,10,14,0,10,0,10,0,10,0,10,0,10,38,27,32,38,37,25,165,48
1500000US271370007003,Block Group 3; Census Tract 7; St. Louis County; Minnesota,408,78,0,10,0,10,0,10,0,10,54,50,0,10,0,10,15,24,12,20,9,14,23,25,85,64,37,36,28,26,81,56,64,41
1500000US271370009001,Block Group 1; Census Tract 9; St. Louis County; Minnesota,408,98,20,36,9,16,0,10,8,13,31,51,0,10,29,32,0,10,6,10,30,30,39,32,76,49,9,16,16,21,40,35,95,65
1500000US271370009002,Block Group 2; Census Tract 9; St. Louis County; Minnesota,444,81,21,31,0,10,7,12,0,10,47,35,36,49,18,20,25,23,12,13,13,18,50,34,56,37,71,46,45,37,0,10,43,38
1500000US271370009003,Block Group 3; Census Tract 9; St. Louis County; Minnesota,581,119,0,10,87,100,0,10,24,36,12,18,36,43,28,26,8,13,43,32,40,33,34,25,88,54,61,78,60,47,21,33,39,36
1500000US271370009004,Block Group 4; Census Tract 9; St. Louis County; Minnesota,244,98,0,10,21,25,0,10,51,59,7,11,33,33,0,10,0,10,0,10,20,21,0,10,44,55,23,26,0,10,27,30,18,28
1500000US271370010001,Block Group 1; Census Tract 10; St. Louis County; Minnesota,843,115,26,20,12,13,5,8,91,81,0,10,14,16,14,15,5,9,7,11,64,43,133,62,115,55,68,38,99,64,87,33,103,38
1500000US271370011001,Block Group 1; Census Tract 11; St. Louis County; Minnesota,845,194,157,170,6,9,29,35,20,17,22,20,0,10,19,17,41,43,25,22,31,21,100,62,85,38,52,36,50,39,91,46,117,39
1500000US271370012001,Block Group 1; Census Tract 12; St. Louis County; Minnesota,259,57,7,11,11,16,0,10,8,13,8,14,0,10,38,27,7,12,8,13,0,10,23,20,50,25,40,32,14,16,31,29,14,15
1500000US271370012002,Block Group 2; Census Tract 12; St. Louis County; Minnesota,556,136,9,14,18,29,58,47,23,25,96,63,56,47,31,23,23,25,5,8,18,15,25,22,39,28,34,38,80,97,18,19,23,22
1500000US271370013001,Block Group 1; Census Tract 13; St. Louis County; Minnesota,464,78,6,8,49,39,0,10,16,20,0,10,13,18,20,18,24,23,3,6,64,61,98,52,72,41,45,28,29,20,12,14,13,19
1500000US271370013002,Block Group 2; Census Tract 13; St. Louis County; Minnesota,424,104,44,34,11,18,34,29,23,32,49,37,23,20,26,22,41,33,13,14,28,31,61,38,26,32,0,10,45,45,0,10,0,10
1500000US271370014001,Block Group 1; Census Tract 14; St. Louis County; Minnesota,468,81,54,60,9,16,33,49,10,16,0,10,60,45,47,41,34,34,12,23,114,49,19,26,0,10,25,28,0,10,42,41,9,15
1500000US271370014002,Block Group 2; Census Tract 14; St. Louis County; Minnesota,360,98,84,84,10,14,20,25,43,37,8,14,51,42,25,32,0,10,24,28,0,10,21,33,0,10,0,10,0,10,40,42,34,39
1500000US271370014003,Block Group 3; Census Tract 14; St. Louis County; Minnesota,395,122,10,16,0,10,21,27,33,26,30,28,115,106,30,36,5,7,36,35,43,56,0,10,47,35,25,29,0,10,0,10,0,10
1500000US271370016001,Block Group 1; Census Tract 16; St. Louis County; Minnesota,373,81,0,10,16,19,29,32,30,32,8,10,74,46,43,33,45,40,30,27,19,22,17,16,46,35,0,10,10,9,0,10,6,11
1500000US271370016002,Block Group 2; Census Tract 16; St. Louis County; Minnesota,341,80,37,32,28,32,65,50,29,21,29,40,32,37,26,20,22,29,0,10,20,22,21,19,15,19,0,10,9,10,4,7,4,8
1500000US271370017001,Block Group 1; Census Tract 17; St. Louis County; Minnesota,306,66,62,55,23,37,47,49,5,10,0,10,14,15,0,10,11,13,11,12,14,15,13,14,46,44,5,8,7,11,48,4,0,10
1500000US271370017002,Block Group 2; Census Tract 17; St. Louis County; Minnesota,487,145,16,15,114,122,29,25,59,41,49,45,33,31,24,19,25,20,24,16,34,25,20,15,39,38,14,17,7,10,0,10,0,10
1500000US271370018001,Block Group 1; Census Tract 18; St. Louis County; Minnesota,127,68,8,12,6,11,4,7,0,10,0,10,0,10,10,14,35,48,0,10,0,10,5,8,7,13,35,37,17,26,0,10,0,10
1500000US271370018002,Block Group 2; Census Tract 18; St. Louis County; Minnesota,305,98,16,22,31,49,37,33,48,52,7,9,0,10,59,57,7,11,0,10,14,14,17,21,32,28,10,18,7,11,3,4,17,29
1500000US271370018003,Block Group 3; Census Tract 18; St. Louis County; Minnesota,398,103,55,52,35,40,0,10,53,49,16,19,65,52,8,13,43,46,0,10,32,31,53,55,38,39,0,10,0,10,0,10,0,10
1500000US271370019001,Block Group 1; Census Tract 19; St. Louis County; Minnesota,379,109,87,74,55,38,25,23,25,26,0,10,37,39,17,27,0,10,1,3,46,37,7,10,32,36,25,32,0,10,13,20,9,14
1500000US271370019002,Block Group 2; Census Tract 19; St. Louis County; Minnesota,284,97,142,84,65,44,12,19,0,10,10,16,28,32,11,17,0,10,0,10,0,10,16,23,0,10,0,10,0,10,0,10,0,10
1500000US271370019003,Block Group 3; Census Tract 19; St. Louis County; Minnesota,530,140,124,64,98,67,14,19,0,10,11,18,54,61,0,10,51,74,14,22,0,10,77,59,15,31,0,10,0,10,23,36,49,56
1500000US271370020001,Block Group 1; Census Tract 20; St. Louis County; Minnesota,325,68,0,10,19,21,34,38,0,10,9,13,18,20,28,23,22,31,23,23,41,35,15,17,18,17,18,18,41,31,16,16,23,20
1500000US271370020002,Block Group 2; Census Tract 20; St. Louis County; Minnesota,379,67,8,10,47,46,5,9,15,16,12,13,56,42,58,46,17,22,17,16,44,28,18,17,36,21,35,31,6,9,0,10,5,8
1500000US271370022001,Block Group 1; Census Tract 22; St. Louis County; Minnesota,511,70,29,25,6,9,17,15,1,4,21,17,18,31,13,12,21,18,11,11,56,49,32,19,52,27,56,23,69,32,40,24,69,33
1500000US271370023001,Block Group 1; Census Tract 23; St. Louis County; Minnesota,456,96,0,10,7,10,0,10,13,20,12,18,9,14,0,10,9,14,6,9,42,31,21,23,81,58,74,52,51,41,64,55,67,58
1500000US271370023002,Block Group 2; Census Tract 23; St. Louis County; Minnesota,495,79,0,10,0,10,0,10,17,27,11,18,0,10,0,10,25,32,12,18,0,10,59,48,82,44,96,61,0,10,77,36,116,44
1500000US271370023003,Block Group 3; Census Tract 23; St. Louis County; Minnesota,222,60,0,10,1,6,0,10,0,10,6,9,11,18,32,33,0,10,16,24,9,16,54,41,13,20,21,25,23,26,10,17,26,26
1500000US271370023004,Block Group 4; Census Tract 23; St. Louis County; Minnesota,400,111,0,10,0,10,21,19,23,26,0,10,21,23,54,79,8,12,9,16,22,25,61,41,71,39,27,32,13,22,31,29,39,32
1500000US271370024001,Block Group 1; Census Tract 24; St. Louis County; Minnesota,472,100,44,34,12,13,3,5,4,6,54,53,12,12,19,16,22,18,14,12,128,95,29,19,48,26,35,22,13,13,19,16,16,15
1500000US271370026001,Block Group 1; Census Tract 26; St. Louis County; Minnesota,506,100,28,30,12,12,0,10,64,57,0,10,33,45,10,12,14,15,4,7,73,38,55,53,106,64,68,37,19,22,12,16,8,12
1500000US271370026002,Block Group 2; Census Tract 26; St. Louis County; Minnesota,412,89,7,11,7,11,12,17,0,10,0,10,38,37,3,5,48,64,20,16,41,34,25,22,58,32,79,43,11,12,57,46,6,9
1500000US271370029001,Block Group 1; Census Tract 29; St. Louis County; Minnesota,233,50,0,10,0,10,6,9,7,10,0,10,7,10,7,9,8,9,20,24,5,8,28,18,68,29,22,17,33,22,22,30,0,10
1500000US271370029002,Block Group 2; Census Tract 29; St. Louis County; Minnesota,555,84,24,16,8,11,14,15,7,10,20,17,48,38,64,59,49,34,28,20,41,25,79,74,81,44,60,37,20,15,5,9,7,10
1500000US271370030001,Block Group 1; Census Tract 30; St. Louis County; Minnesota,278,51,40,37,0,10,0,10,6,9,0,10,6,9,19,29,8,11,18,16,29,26,27,21,63,32,17,16,30,27,4,7,11,12
1500000US271370030002,Block Group 2; Census Tract 30; St. Louis County; Minnesota,325,76,16,15,0,10,9,10,39,32,0,10,0,10,16,25,22,26,20,15,4,7,76,60,24,20,24,16,31,26,32,20,12,12
1500000US271370033001,Block Group 1; Census Tract 33; St. Louis County; Minnesota,335,133,43,40,32,39,23,28,6,10,21,25,7,11,5,12,0,10,13,20,28,42,72,92,69,73,16,24,0,10,0,10,0,10
1500000US271370033002,Block Group 2; Census Tract 33; St. Louis County; Minnesota,233,67,47,44,0,10,0,10,2,4,0,10,20,24,4,6,36,33,0,10,6,10,63,60,28,23,11,17,16,20,0,10,0,10
1500000US271370033003,Block Group 3; Census Tract 33; St. Louis County; Minnesota,409,107,35,50,50,58,0,10,0,10,44,32,55,57,5,8,0,10,0,10,56,50,5,8,61,42,71,50,0,10,0,10,27,43
1500000US271370034001,Block Group 1; Census Tract 34; St. Louis County; Minnesota,205,74,50,44,6,8,8,13,25,30,0,10,7,10,11,12,5,9,0,10,10,11,36,37,5,8,25,23,17,18,0,10,0,10
1500000US271370034002,Block Group 2; Census Tract 34; St. Louis County; Minnesota,441,75,18,16,11,12,25,31,13,22,67,55,34,29,10,11,13,14,8,11,15,17,41,34,63,30,58,43,31,25,23,25,11,15
1500000US271370036001,Block Group 1; Census Tract 36; St. Louis County; Minnesota,443,67,23,19,0,10,28,22,6,10,40,35,16,16,20,18,49,55,0,10,29,24,59,36,63,29,38,21,16,16,50,32,6,9
1500000US271370036002,Block Group 2; Census Tract 36; St. Louis County; Minnesota,292,73,32,41,0,10,11,15,0,10,8,13,0,10,7,10,0,10,36,34,65,51,8,11,33,23,30,20,56,33,6,10,0,10
1500000US271370037001,Block Group 1; Census Tract 37; St. Louis County; Minnesota,522,137,29,30,6,9,16,16,4,8,6,10,16,18,42,57,26,29,103,128,28,21,87,40,51,33,39,26,39,45,30,27,0,10
1500000US271370037002,Block Group 2; Census Tract 37; St. Louis County; Minnesota,442,76,15,19,25,19,27,27,30,21,11,14,37,28,10,13,17,13,45,45,39,32,53,37,82,48,16,15,13,15,17,27,5,8
1500000US271370038001,Block Group 1; Census Tract 38; St. Louis County; Minnesota,343,124,15,24,0,10,0,10,7,13,13,14,0,10,19,23,0,10,31,35,73,57,50,54,34,31,32,38,69,101,0,10,0,10
1500000US271370038002,Block Group 2; Census Tract 38; St. Louis County; Minnesota,329,88,10,16,0,10,0,10,15,18,0,10,0,10,15,23,22,25,24,22,25,27,16,19,98,81,62,47,20,23,22,25,0,10
1500000US271370038003,Block Group 3; Census Tract 38; St. Louis County; Minnesota,428,92,17,24,8,11,16,13,7,11,38,34,21,20,13,20,18,19,48,34,11,13,37,32,39,38,116,86,0,10,20,19,19,22
1500000US271370101001,Block Group 1; Census Tract 101; St. Louis County; Minnesota,446,111,8,12,59,45,10,15,6,9,30,35,18,21,18,20,0,10,0,10,9,13,51,45,33,29,63,48,64,52,68,63,9,14
1500000US271370101002,Block Group 2; Census Tract 101; St. Louis County; Minnesota,285,102,10,14,0,10,26,32,34,53,16,20,11,17,0,10,10,17,0,10,22,23,27,22,7,10,26,27,54,84,31,47,11,18
1500000US271370101003,Block Group 3; Census Tract 101; St. Louis County; Minnesota,454,104,0,10,0,10,9,14,39,65,12,15,5,10,19,21,52,47,17,19,45,40,108,67,57,56,21,24,29,27,32,31,9,14
1500000US271370102001,Block Group 1; Census Tract 102; St. Louis County; Minnesota,646,65,3,4,7,8,0,10,14,13,14,12,12,13,2,3,7,8,32,17,44,29,60,26,125,53,107,36,93,29,85,29,41,19
1500000US271370103011,Block Group 1; Census Tract 103.01; St. Louis County; Minnesota,490,99,36,37,6,10,51,81,10,17,4,6,6,10,17,27,6,10,0,10,27,32,55,60,99,63,90,58,28,29,32,28,23,22
1500000US271370103012,Block Group 2; Census Tract 103.01; St. Louis County; Minnesota,752,175,10,17,19,22,0,10,0,10,23,27,0,10,0,10,7,11,23,26,25,30,66,50,187,134,102,87,38,46,71,79,181,129
1500000US271370103013,Block Group 3; Census Tract 103.01; St. Louis County; Minnesota,894,270,24,25,0,10,0,10,36,39,0,10,189,236,38,36,32,36,0,10,101,80,100,53,104,85,105,85,12,19,122,68,31,31
1500000US271370103021,Block Group 1; Census Tract 103.02; St. Louis County; Minnesota,325,75,0,10,0,10,0,10,0,10,0,10,0,10,0,10,0,10,8,14,16,25,68,41,48,42,17,18,27,29,68,42,73,56
1500000US271370103022,Block Group 2; Census Tract 103.02; St. Louis County; Minnesota,419,115,0,10,0,10,0,10,9,14,0,10,0,10,8,14,18,27,0,10,0,10,11,18,47,46,45,33,35,28,104,62,142,85
1500000US271370103023,Block Group 3; Census Tract 103.02; St. Louis County; Minnesota,873,129,21,23,0,10,0,10,16,19,0,10,40,56,65,43,0,10,22,33,40,35,124,85,200,84,99,61,66,57,97,55,83,54
1500000US271370104001,Block Group 1; Census Tract 104; St. Louis County; Minnesota,930,152,35,34,116,146,12,17,18,21,47,41,0,10,23,25,10,16,9,16,61,50,93,59,143,79,98,45,90,75,126,64,49,51
1500000US271370104002,Block Group 2; Census Tract 104; St. Louis County; Minnesota,538,120,0,10,0,10,0,10,0,10,17,19,39,27,0,10,55,56,0,10,0,10,62,36,101,54,55,42,26,30,114,63,69,47
1500000US271370105001,Block Group 1; Census Tract 105; St. Louis County; Minnesota,538,79,9,10,8,11,0,10,25,35,12,14,0,10,14,14,15,14,16,18,45,24,21,17,84,32,42,28,74,42,118,43,55,27
1500000US271370105002,Block Group 2; Census Tract 105; St. Louis County; Minnesota,944,150,10,11,19,16,5,9,6,9,25,24,16,14,20,20,18,16,63,43,62,29,74,31,100,40,118,89,100,40,98,32,210,96
1500000US271370106011,Block Group 1; Census Tract 106.01; St. Louis County; Minnesota,606,70,43,24,2,3,9,6,6,7,12,9,10,9,17,12,11,8,18,13,41,22,63,24,98,37,64,27,54,15,67,21,91,41
1500000US271370106012,Block Group 2; Census Tract 106.01; St. Louis County; Minnesota,767,139,79,45,0,10,13,10,8,8,27,30,12,19,25,22,23,23,17,16,35,29,34,25,56,22,66,42,73,29,162,97,137,75
1500000US271370106021,Block Group 1; Census Tract 106.02; St. Louis County; Minnesota,402,58,4,4,0,10,16,14,0,10,16,15,6,8,12,12,2,5,18,17,25,24,25,15,57,29,47,33,31,17,60,23,83,29
1500000US271370106022,Block Group 2; Census Tract 106.02; St. Louis County; Minnesota,456,79,4,5,0,10,5,6,14,12,0,10,23,18,7,8,6,7,35,25,13,11,29,15,60,27,44,19,28,17,119,55,69,31
1500000US271370106023,Block Group 3; Census Tract 106.02; St. Louis County; Minnesota,579,123,12,13,0,10,8,10,10,10,2,4,6,8,16,11,19,19,5,7,9,10,193,105,60,27,89,45,42,24,60,33,48,22
1500000US271370111011,Block Group 1; Census Tract 111.01; St. Louis County; Minnesota,572,75,37,35,33,44,11,8,10,9,8,8,4,4,20,13,12,8,5,5,38,14,44,18,103,29,59,24,69,22,87,29,32,10
1500000US271370111021,Block Group 1; Census Tract 111.02; St. Louis County; Minnesota,398,76,6,9,3,5,11,11,0,10,0,10,0,10,3,6,24,20,24,26,19,13,45,27,87,38,37,21,63,39,68,38,8,8
1500000US271370111022,Block Group 2; Census Tract 111.02; St. Louis County; Minnesota,444,98,6,8,3,4,6,8,18,14,12,10,6,6,8,8,0,10,14,11,14,12,40,22,59,25,74,62,18,10,59,22,107,89
1500000US271370111023,Block Group 3; Census Tract 111.02; St. Louis County; Minnesota,454,92,16,11,4,6,8,13,2,4,7,7,17,19,15,16,11,10,15,12,22,11,41,19,67,31,57,28,80,62,62,30,30,20
1500000US271370111024,Block Group 4; Census Tract 111.02; St. Louis County; Minnesota,704,80,12,11,15,15,10,9,0,10,40,32,44,49,9,10,39,20,8,8,40,16,75,26,70,30,101,40,48,24,142,60,51,28
1500000US271370112001,Block Group 1; Census Tract 112; St. Louis County; Minnesota,319,36,22,11,6,4,13,10,5,6,13,8,3,3,14,7,13,8,10,7,21,9,37,19,60,14,26,14,33,13,30,11,13,8
1500000US271370112002,Block Group 2; Census Tract 112; St. Louis County; Minnesota,343,37,5,4,29,16,24,12,15,10,19,12,20,10,28,15,13,9,15,6,16,11,45,17,33,12,18,8,14,9,42,17,7,5
1500000US271370112003,Block Group 3; Census Tract 112; St. Louis County; Minnesota,303,38,26,16,18,14,5,6,12,9,13,8,24,19,10,6,11,7,8,5,23,11,25,10,40,10,34,12,15,13,16,8,23,11
1500000US271370112004,Block Group 4; Census Tract 112; St. Louis County; Minnesota,184,44,5,4,5,4,0,10,5,4,4,6,0,10,3,3,6,5,2,4,36,19,19,11,50,27,9,6,22,19,18,9,0,10
1500000US271370113001,Block Group 1; Census Tract 113; St. Louis County; Minnesota,233,47,10,5,3,3,9,8,3,4,5,4,27,28,5,6,10,8,5,5,26,14,22,9,49,29,17,10,6,4,17,9,19,19
1500000US271370113002,Block Group 2; Census Tract 113; St. Louis County; Minnesota,336,50,10,7,7,5,5,4,8,6,8,4,16,14,13,7,18,11,19,10,37,27,21,8,52,19,40,13,22,11,34,15,26,15
1500000US271370113003,Block Group 3; Census Tract 113; St. Louis County; Minnesota,309,41,7,8,15,10,22,16,9,10,6,4,11,9,4,4,18,10,6,7,18,8,41,16,45,18,33,12,40,25,26,12,8,5
1500000US271370114011,Block Group 1; Census Tract 114.01; St. Louis County; Minnesota,293,56,26,18,0,10,17,24,0,10,4,6,0,10,34,33,0,10,0,10,41,24,39,29,51,26,23,18,15,13,32,25,11,10
1500000US271370114012,Block Group 2; Census Tract 114.01; St. Louis County; Minnesota,359,59,8,8,11,13,6,6,11,9,9,8,7,7,8,8,34,26,9,9,8,10,53,25,57,23,35,17,21,10,71,27,11,11
1500000US271370114021,Block Group 1; Census Tract 114.02; St. Louis County; Minnesota,447,75,9,6,1,2,5,5,6,6,13,9,14,11,10,9,16,11,15,12,34,19,28,14,34,14,102,46,34,14,93,54,33,14
1500000US271370114022,Block Group 2; Census Tract 114.02; St. Louis County; Minnesota,409,77,17,14,8,8,10,6,5,7,19,15,15,12,3,4,6,7,22,16,54,26,24,18,70,29,19,11,34,29,94,59,9,7
1500000US271370121001,Block Group 1; Census Tract 121; St. Louis County; Minnesota,252,108,39,35,0,10,0,10,0,10,0,10,70,60,20,32,36,41,0,10,74,94,0,10,0,10,0,10,0,10,13,21,0,10
1500000US271370121002,Block Group 2; Census Tract 121; St. Louis County; Minnesota,499,185,12,18,19,29,39,62,38,45,18,30,0,10,27,31,92,127,37,30,51,83,0,10,35,38,11,18,31,37,89,98,0,10
1500000US271370121003,Block Group 3; Census Tract 121; St. Louis County; Minnesota,405,174,0,10,0,10,12,19,0,10,0,10,7,12,0,10,22,35,0,10,178,170,0,10,81,90,42,50,18,31,31,37,14,23
1500000US271370121004,Block Group 4; Census Tract 121; St. Louis County; Minnesota,535,181,17,27,0,10,56,91,0,10,21,34,46,46,0,10,0,10,35,41,62,52,30,34,103,95,23,38,108,126,22,20,12,19
1500000US271370121005,Block Group 5; Census Tract 121; St. Louis County; Minnesota,558,221,35,29,0,10,19,29,0,10,0,10,2,5,36,41,2,4,0,10,54,59,97,70,81,123,58,45,22,26,131,166,21,26
1500000US271370122001,Block Group 1; Census Tract 122; St. Louis County; Minnesota,252,74,34,23,7,10,32,22,0,10,5,7,0,10,20,23,7,10,25,35,11,13,30,31,6,10,29,28,22,35,7,12,17,23
1500000US271370122002,Block Group 2; Census Tract 122; St. Louis County; Minnesota,343,90,32,24,21,24,14,16,7,10,0,10,44,34,41,34,0,10,57,48,38,33,29,28,17,18,0,10,39,53,4,7,0,10
1500000US271370122003,Block Group 3; Census Tract 122; St. Louis County; Minnesota,169,44,28,24,9,13,4,6,0,10,0,10,8,12,0,10,31,31,22,28,13,13,6,10,19,19,13,12,10,16,6,11,0,10
1500000US271370123001,Block Group 1; Census Tract 123; St. Louis County; Minnesota,295,89,35,39,0,10,0,10,9,14,24,31,0,10,0,10,0,10,0,10,9,14,25,26,130,74,8,13,4,7,32,40,19,24
1500000US271370123002,Block Group 2; Census Tract 123; St. Louis County; Minnesota,288,93,15,12,23,37,31,40,0,10,0,10,43,49,0,10,0,10,0,10,42,54,38,36,24,27,14,17,6,13,24,21,28,43
1500000US271370123003,Block Group 3; Census Tract 123; St. Louis County; Minnesota,311,93,56,40,71,44,15,24,10,17,0,10,8,13,0,10,0,10,17,19,0,10,70,49,10,16,49,59,0,10,5,15,0,10
1500000US271370123004,Block Group 4; Census Tract 123; St. Louis County; Minnesota,326,107,0,10,15,20,27,25,15,22,18,29,0,10,16,21,0,10,0,10,38,30,22,28,24,27,50,34,34,37,58,77,9,17
1500000US271370124001,Block Group 1; Census Tract 124; St. Louis County; Minnesota,773,275,51,36,25,31,79,80,46,42,0,10,144,173,0,10,29,36,10,17,0,10,30,35,191,169,24,30,23,30,96,89,25,39
1500000US271370124002,Block Group 2; Census Tract 124; St. Louis County; Minnesota,242,84,22,37,0,10,0,10,0,10,42,47,6,11,0,10,0,10,9,15,17,26,71,55,25,38,11,18,0,10,17,28,22,29
1500000US271370124003,Block Group 3; Census Tract 124; St. Louis County; Minnesota,364,117,50,65,0,10,48,53,19,30,0,10,0,10,50,58,0,10,49,56,52,60,0,10,54,42,42,42,0,10,0,10,0,10
1500000US271370124004,Block Group 4; Census Tract 124; St. Louis County; Minnesota,334,106,101,57,0,10,0,10,16,25,20,33,23,35,11,20,0,10,0,10,31,33,0,10,39,46,53,60,22,35,18,28,0,10
1500000US271370124005,Block Group 5; Census Tract 124; St. Louis County; Minnesota,424,146,0,10,38,37,0,10,0,10,50,78,11,17,32,37,9,14,0,10,23,38,104,131,13,24,58,59,31,34,55,50,0,10
1500000US271370125001,Block Group 1; Census Tract 125; St. Louis County; Minnesota,541,184,35,34,45,37,0,10,28,22,45,53,49,48,11,18,0,10,17,28,104,133,48,37,92,56,44,34,9,13,0,10,14,22
1500000US271370125002,Block Group 2; Census Tract 125; St. Louis County; Minnesota,479,117,55,53,28,43,45,53,0,10,0,10,53,53,10,15,31,37,10,16,42,50,6,10,63,39,16,18,106,97,0,10,14,21
1500000US271370125003,Block Group 3; Census Tract 125; St. Louis County; Minnesota,381,182,21,25,47,66,20,21,31,51,0,10,10,16,100,156,0,10,0,10,47,39,11,17,26,22,35,33,0,10,21,26,12,18
1500000US271370126001,Block Group 1; Census Tract 126; St. Louis County; Minnesota,434,165,27,33,0,10,25,43,0,10,0,10,29,30,33,52,0,10,39,34,94,102,30,37,29,36,0,10,82,92,46,46,0,10
1500000US271370126002,Block Group 2; Census Tract 126; St. Louis County; Minnesota,296,123,57,91,18,29,15,25,16,24,20,32,11,18,13,21,13,21,23,25,36,43,13,21,27,35,0,10,11,20,23,33,0,10
1500000US271370126003,Block Group 3; Census Tract 126; St. Louis County; Minnesota,394,131,42,49,0,10,14,23,12,20,0,10,42,66,31,38,0,10,0,10,43,74,37,25,0,10,60,87,12,18,60,61,41,55
1500000US271370126004,Block Group 4; Census Tract 126; St. Louis County; Minnesota,115,69,0,10,17,29,0,10,9,16,5,10,0,10,20,33,0,10,0,10,0,10,24,39,40,44,0,10,0,10,0,10,0,10
1500000US271370126005,Block Group 5; Census Tract 126; St. Louis County; Minnesota,282,88,26,42,38,38,0,10,58,51,15,27,12,19,16,27,16,27,0,10,9,17,0,10,19,21,35,48,0,10,0,10,38,56
1500000US271370126006,Block Group 6; Census Tract 126; St. Louis County; Minnesota,340,125,0,10,0,10,13,22,0,10,65,66,68,89,30,43,0,10,9,15,15,25,0,10,13,20,0,10,50,63,33,36,44,60
1500000US271370127001,Block Group 1; Census Tract 127; St. Louis County; Minnesota,559,42,18,12,11,8,5,8,25,17,13,9,23,16,18,10,19,8,16,9,38,16,74,27,84,19,60,17,61,17,41,14,53,20
1500000US271370127002,Block Group 2; Census Tract 127; St. Louis County; Minnesota,444,87,14,10,4,5,32,32,22,19,20,18,44,29,15,14,29,18,8,6,53,53,26,16,27,24,39,23,22,15,89,58,0,10
1500000US271370128001,Block Group 1; Census Tract 128; St. Louis County; Minnesota,319,126,53,51,10,15,11,16,0,10,8,13,0,10,0,10,0,10,49,62,0,10,19,22,80,80,66,59,0,10,9,14,14,23
1500000US271370128002,Block Group 2; Census Tract 128; St. Louis County; Minnesota,283,81,6,11,8,13,10,17,18,20,0,10,38,44,8,12,9,14,18,19,30,25,11,16,80,62,15,16,24,27,0,10,8,13
1500000US271370128003,Block Group 3; Census Tract 128; St. Louis County; Minnesota,556,112,4,6,4,6,1,2,29,21,1,2,26,27,16,22,30,29,12,16,19,20,16,18,141,85,76,69,54,63,108,86,19,24
1500000US271370128004,Block Group 4; Census Tract 128; St. Louis County; Minnesota,212,64,0,10,0,10,0,10,0,10,55,40,0,10,23,25,0,10,13,19,18,20,18,15,44,36,0,10,0,10,27,25,14,21
1500000US271370130001,Block Group 1; Census Tract 130; St. Louis County; Minnesota,240,83,0,10,0,10,0,10,8,13,0,10,8,12,0,10,0,10,0,10,53,51,39,51,69,51,26,29,8,12,21,30,8,12
1500000US271370130002,Block Group 2; Census Tract 130; St. Louis County; Minnesota,361,108,38,60,8,14,0,10,0,10,8,13,31,40,21,25,7,13,21,35,0,10,51,34,94,63,0,10,14,23,68,72,0,10
1500000US271370130003,Block Group 3; Census Tract 130; St. Louis County; Minnesota,378,122,94,77,93,66,12,14,0,10,15,16,67,69,18,21,12,19,8,13,44,55,15,26,0,10,0,10,0,10,0,10,0,10
1500000US271370131001,Block Group 1; Census Tract 131; St. Louis County; Minnesota,387,146,146,113,27,24,9,14,9,14,0,10,0,10,27,42,13,21,0,10,131,101,16,20,0,10,9,13,0,10,0,10,0,10
1500000US271370131002,Block Group 2; Census Tract 131; St. Louis County; Minnesota,401,135,57,54,89,78,69,87,48,63,0,10,12,20,31,28,22,26,8,15,22,29,0,10,12,18,31,37,0,10,0,10,0,10
1500000US271370131003,Block Group 3; Census Tract 131; St. Louis County; Minnesota,156,76,11,17,0,10,0,10,27,41,0,10,0,10,19,21,0,10,0,10,20,32,40,49,14,16,9,13,13,15,0,10,3,5
1500000US271370131004,Block Group 4; Census Tract 131; St. Louis County; Minnesota,212,89,0,10,23,20,0,10,0,10,8,13,10,15,7,11,8,13,11,16,46,68,22,24,16,18,29,42,32,44,0,10,0,10
1500000US271370132001,Block Group 1; Census Tract 132; St. Louis County; Minnesota,586,169,131,146,20,25,0,10,14,24,38,36,28,23,33,34,30,27,47,45,0,10,46,32,40,38,16,17,47,46,60,48,36,34
1500000US271370132002,Block Group 2; Census Tract 132; St. Louis County; Minnesota,443,117,7,11,20,25,50,51,0,10,10,15,0,10,5,8,26,21,10,16,42,35,22,23,124,73,31,31,67,59,9,15,20,27
1500000US271370132003,Block Group 3; Census Tract 132; St. Louis County; Minnesota,564,142,50,44,0,10,0,10,8,13,9,15,17,20,36,46,10,15,0,10,53,53,101,68,114,77,41,34,73,62,17,19,35,34
1500000US271370132004,Block Group 4; Census Tract 132; St. Louis County; Minnesota,360,89,10,16,0,10,0,10,12,21,8,14,38,39,32,36,20,24,35,34,0,10,80,60,91,81,19,27,0,10,15,25,0,10
1500000US271370133001,Block Group 1; Census Tract 133; St. Louis County; Minnesota,109,48,10,15,9,14,0,10,9,15,0,10,13,20,0,10,11,19,9,13,8,12,0,10,11,18,14,22,5,9,10,16,0,10
1500000US271370133002,Block Group 2; Census Tract 133; St. Louis County; Minnesota,419,111,10,16,11,16,0,10,8,12,49,36,8,13,93,86,12,20,0,10,49,60,42,31,28,32,55,44,44,37,10,17,0,10
1500000US271370133003,Block Group 3; Census Tract 133; St. Louis County; Minnesota,309,81,49,45,8,12,0,10,0,10,19,24,0,10,1,3,54,51,0,10,10,15,41,31,46,41,43,35,19,31,19,21,0,10
1500000US271370133004,Block Group 4; Census Tract 133; St. Louis County; Minnesota,513,133,18,22,126,118,0,10,35,36,18,20,46,50,24,28,14,20,30,33,39,48,36,34,41,34,11,18,33,31,42,40,0,10
1500000US271370133005,Block Group 5; Census Tract 133; St. Louis County; Minnesota,311,97,7,12,0,10,0,10,10,15,24,37,66,86,8,13,7,12,0,10,38,41,16,19,44,29,31,37,0,10,60,49,0,10
1500000US271370134001,Block Group 1; Census Tract 134; St. Louis County; Minnesota,298,55,18,15,1,4,4,6,11,9,5,5,11,9,13,14,7,7,13,10,17,22,46,24,47,20,44,26,5,7,41,28,15,12
1500000US271370134002,Block Group 2; Census Tract 134; St. Louis County; Minnesota,416,62,12,12,10,8,17,18,2,3,14,9,8,12,0,10,0,10,18,14,30,15,34,17,100,57,58,29,34,25,51,31,28,20
1500000US271370134003,Block Group 3; Census Tract 134; St. Louis County; Minnesota,227,53,4,6,0,10,0,10,7,7,0,10,5,7,11,9,0,10,9,9,5,9,28,24,46,26,30,17,0,10,21,16,61,44
1500000US271370134004,Block Group 4; Census Tract 134; St. Louis County; Minnesota,316,81,12,17,0,10,0,10,4,5,0,10,0,10,0,10,34,29,17,11,13,15,78,66,43,32,41,21,32,28,26,20,16,12
1500000US271370135001,Block Group 1; Census Tract 135; St. Louis County; Minnesota,198,34,0,10,11,13,6,6,12,8,8,13,7,6,2,3,22,16,17,16,13,9,15,10,2,3,15,11,15,12,30,18,23,17
1500000US271370135002,Block Group 2; Census Tract 135; St. Louis County; Minnesota,547,90,22,12,5,7,42,38,15,15,24,14,11,11,26,19,15,11,27,14,56,24,60,43,89,47,44,19,34,17,55,27,22,15
1500000US271370136001,Block Group 1; Census Tract 136; St. Louis County; Minnesota,443,72,22,19,6,5,9,8,17,12,35,25,5,8,13,10,11,9,11,8,48,23,70,31,68,31,41,33,39,26,28,23,20,18
1500000US271370136002,Block Group 2; Census Tract 136; St. Louis County; Minnesota,365,48,7,5,19,14,6,5,19,13,7,6,15,15,0,10,18,12,14,10,39,29,51,21,57,23,35,16,36,24,29,16,13,8
1500000US271370138001,Block Group 1; Census Tract 138; St. Louis County; Minnesota,321,107,22,18,4,6,12,10,0,10,89,101,5,7,0,10,15,13,7,9,28,16,21,15,17,13,40,25,29,16,21,18,11,11
1500000US271370138002,Block Group 2; Census Tract 138; St. Louis County; Minnesota,623,126,21,16,157,118,19,11,25,16,21,14,32,30,40,25,34,34,28,20,37,23,64,29,60,26,53,26,7,7,25,15,0,10
1500000US271370139001,Block Group 1; Census Tract 139; St. Louis County; Minnesota,319,62,31,22,7,6,1,4,31,28,22,15,22,13,12,8,4,5,7,7,15,9,33,19,37,23,15,11,25,17,43,31,14,13
1500000US271370139002,Block Group 2; Census Tract 139; St. Louis County; Minnesota,326,67,10,10,15,19,14,15,31,25,29,24,15,21,6,8,1,4,1,3,27,18,28,22,39,22,45,24,28,27,37,22,0,10
1500000US271370139003,Block Group 3; Census Tract 139; St. Louis County; Minnesota,463,116,0,10,0,10,7,12,0,10,0,10,24,19,11,15,78,57,7,9,44,68,39,35,100,82,16,22,54,47,63,38,20,20
1500000US271370140001,Block Group 1; Census Tract 140; St. Louis County; Minnesota,381,69,5,8,6,9,23,25,15,15,4,7,10,11,4,6,36,31,4,8,65,43,49,23,44,25,35,21,26,20,20,19,35,22
1500000US271370140002,Block Group 2; Census Tract 140; St. Louis County; Minnesota,458,101,48,41,0,10,8,11,25,20,13,12,24,29,16,14,21,21,0,10,53,36,27,18,74,70,112,45,15,23,10,11,12,13
1500000US271370141001,Block Group 1; Census Tract 141; St. Louis County; Minnesota,651,70,38,19,27,15,9,7,49,23,14,10,58,48,47,21,17,13,28,21,54,24,96,34,37,18,83,30,43,17,33,21,18,14
1500000US271370151001,Block Group 1; Census Tract 151; St. Louis County; Minnesota,260,40,14,10,7,7,4,5,11,9,9,7,9,8,6,4,10,8,4,3,19,11,40,15,29,11,42,18,19,10,24,15,13,8
1500000US271370151002,Block Group 2; Census Tract 151; St. Louis County; Minnesota,341,67,27,17,0,10,0,10,15,11,4,4,5,7,34,30,6,5,17,11,26,14,73,58,40,13,11,10,36,23,19,12,28,13
1500000US271370151003,Block Group 3; Census Tract 151; St. Louis County; Minnesota,282,52,10,6,1,2,7,6,24,17,2,3,3,3,6,5,11,8,6,5,28,21,39,22,38,14,20,12,26,17,40,17,21,15
1500000US271370151004,Block Group 4; Census Tract 151; St. Louis County; Minnesota,387,69,8,8,2,3,1,2,6,8,18,14,3,6,12,12,50,36,5,7,22,12,24,11,68,27,58,55,15,11,57,35,38,15
1500000US271370152001,Block Group 1; Census Tract 152; St. Louis County; Minnesota,367,65,21,17,19,16,0,10,0,10,8,11,2,2,2,3,0,10,9,11,28,18,55,25,48,33,64,40,9,10,47,40,55,23
1500000US271370152002,Block Group 2; Census Tract 152; St. Louis County; Minnesota,329,58,12,11,7,9,3,4,10,9,2,3,19,13,32,41,19,9,6,7,20,16,12,7,43,17,45,18,45,17,31,14,23,16
1500000US271370152003,Block Group 3; Census Tract 152; St. Louis County; Minnesota,284,39,13,7,6,6,0,10,8,6,16,10,7,6,11,8,14,10,21,10,39,22,27,11,44,16,34,15,15,10,20,8,9,8
1500000US271370152004,Block Group 4; Census Tract 152; St. Louis County; Minnesota,569,76,28,16,18,11,43,29,38,23,23,11,5,5,54,45,14,10,25,10,30,13,42,13,97,38,52,22,47,22,40,15,13,10
1500000US271370153001,Block Group 1; Census Tract 153; St. Louis County; Minnesota,353,63,31,30,12,19,9,14,23,26,10,15,45,47,18,19,17,19,14,18,7,12,25,26,45,32,79,37,9,14,9,13,0,10
1500000US271370153002,Block Group 2; Census Tract 153; St. Louis County; Minnesota,293,109,26,31,0,10,33,37,12,19,11,17,23,29,12,19,53,83,0,10,0,10,30,27,44,28,29,22,0,10,20,24,0,10
1500000US271370153003,Block Group 3; Census Tract 153; St. Louis County; Minnesota,505,111,29,48,43,58,42,50,0,10,77,71,18,22,0,10,56,50,13,20,15,19,73,60,39,45,66,35,24,21,10,16,0,10
1500000US271370153004,Block Group 4; Census Tract 153; St. Louis County; Minnesota,432,160,140,149,31,44,10,16,35,33,43,56,22,26,0,10,0,10,7,12,5,9,26,24,47,35,11,16,0,10,55,55,0,10
1500000US271370153005,Block Group 5; Census Tract 153; St. Louis County; Minnesota,191,68,0,10,0,10,12,19,0,10,0,10,21,17,0,10,10,15,11,17,11,16,9,14,62,65,16,19,0,10,34,42,5,8
1500000US271370154011,Block Group 1; Census Tract 154.01; St. Louis County; Minnesota,468,62,8,8,14,14,27,20,19,11,16,10,9,7,15,14,8,10,13,10,54,35,48,21,64,28,51,17,32,18,42,30,48,33
1500000US271370154012,Block Group 2; Census Tract 154.01; St. Louis County; Minnesota,472,97,22,15,8,6,46,53,1,3,33,51,17,11,10,9,15,10,7,6,24,21,27,14,56,21,71,35,31,22,43,19,61,29
1500000US271370154021,Block Group 1; Census Tract 154.02; St. Louis County; Minnesota,314,62,14,7,8,7,6,5,30,33,4,3,9,5,5,4,18,14,27,27,38,18,26,14,39,14,35,16,15,10,30,11,10,7
1500000US271370154022,Block Group 2; Census Tract 154.02; St. Louis County; Minnesota,328,53,16,17,3,3,12,9,16,14,17,12,13,12,11,8,15,10,4,4,12,8,43,26,54,22,76,51,10,12,7,5,19,10
1500000US271370155011,Block Group 1; Census Tract 155.01; St. Louis County; Minnesota,333,61,29,12,11,8,11,8,7,5,12,8,14,9,7,5,14,10,20,12,28,11,39,18,64,44,22,13,28,17,9,6,18,13
1500000US271370155012,Block Group 2; Census Tract 155.01; St. Louis County; Minnesota,320,44,21,19,4,4,8,6,8,5,6,4,12,9,6,5,7,6,12,8,21,9,31,10,47,27,57,19,11,8,37,20,32,13
1500000US271370155021,Block Group 1; Census Tract 155.02; St. Louis County; Minnesota,509,64,24,9,7,7,17,10,16,9,30,15,5,4,15,8,19,11,21,11,27,14,75,38,62,21,40,14,54,19,47,21,50,16
1500000US271370155031,Block Group 1; Census Tract 155.03; St. Louis County; Minnesota,326,54,13,7,35,28,7,6,15,9,11,11,9,7,18,11,3,3,11,11,14,8,19,10,42,13,51,15,22,15,31,22,25,14
1500000US271370156001,Block Group 1; Census Tract 156; St. Louis County; Minnesota,488,162,5,10,43,32,39,45,17,20,146,121,37,47,41,36,0,10,0,10,74,78,0,10,83,77,3,7,0,10,0,10,0,10
1500000US271370156002,Block Group 2; Census Tract 156; St. Louis County; Minnesota,339,100,0,10,64,66,14,22,54,41,13,21,24,26,15,20,19,22,20,24,18,19,15,27,70,61,0,10,12,19,1,3,0,10
1500000US271370156003,Block Group 3; Census Tract 156; St. Louis County; Minnesota,631,164,46,49,32,38,41,45,79,84,86,63,50,58,63,57,29,45,23,26,0,10,85,62,73,54,0,10,24,33,0,10,0,10
1500000US271370157001,Block Group 1; Census Tract 157; St. Louis County; Minnesota,448,107,59,53,10,12,5,9,57,43,24,20,18,16,6,10,31,30,15,16,63,51,12,14,59,34,70,81,5,7,8,12,6,9
1500000US271370157002,Block Group 2; Census Tract 157; St. Louis County; Minnesota,494,70,0,10,38,52,0,10,0,10,0,10,7,10,21,18,13,17,29,21,101,61,67,39,60,29,30,20,43,27,52,28,33,21
1500000US271370157003,Block Group 3; Census Tract 157; St. Louis County; Minnesota,66,33,6,8,0,10,19,26,0,10,9,10,0,10,0,10,0,10,0,10,0,10,10,15,18,14,4,8,0,10,0,10,0,10
1500000US271370158001,Block Group 1; Census Tract 158; St. Louis County; Minnesota,156,63,12,20,19,28,9,15,0,10,11,20,0,10,5,7,0,10,0,10,9,15,13,20,42,44,26,33,6,9,0,10,4,12
1500000US271370158002,Block Group 2; Census Tract 158; St. Louis County; Minnesota,490,158,29,31,42,35,25,28,34,36,64,49,0,10,22,25,0,10,70,71,31,40,31,31,12,19,47,42,0,10,26,38,57,91
1500000US271370158003,Block Group 3; Census Tract 158; St. Louis County; Minnesota,446,115,25,36,56,65,20,24,28,35,0,10,19,25,0,10,20,33,10,16,0,10,22,24,120,81,65,36,50,58,11,17,0,10
1500000US271370158004,Block Group 4; Census Tract 158; St. Louis County; Minnesota,339,79,0,10,10,16,11,17,8,13,0,10,0,10,0,10,11,18,20,24,12,20,37,35,54,51,85,57,28,28,45,39,18,20
1500000US271370158005,Block Group 5; Census Tract 158; St. Louis County; Minnesota,441,144,24,27,9,13,0,10,14,23,9,12,0,10,0,10,15,25,47,72,72,83,23,25,72,56,55,75,78,68,8,13,15,21
1500000US271379901000,Block Group 0; Census Tract 9901; St. Louis County; Minnesota,0,10,0,10,0,10,0,10,0,10,0,10,0,10,0,10,0,10,0,10,0,10,0,10,0,10,0,10,0,10,0,10,0,10
1500000US271390801001,Block Group 1; Census Tract 801; Scott County; Minnesota,483,90,14,15,7,11,0,10,0,10,13,14,16,14,21,17,6,9,0,10,26,20,74,45,118,63,32,30,67,46,10,14,79,45
1500000US271390801002,Block Group 2; Census Tract 801; Scott County; Minnesota,570,83,18,20,13,15,0,10,19,22,36,33,32,33,73,52,50,51,4,7,31,27,13,15,20,27,25,27,50,35,70,43,116,45
1500000US271390802011,Block Group 1; Census Tract 802.01; Scott County; Minnesota,441,117,0,10,0,10,0,10,9,14,0,10,5,9,8,12,0,10,0,10,13,21,25,24,17,20,104,113,140,88,48,35,72,47
1500000US271390802012,Block Group 2; Census Tract 802.01; Scott County; Minnesota,731,100,48,40,0,10,9,14,7,10,6,9,0,10,0,10,11,18,30,27,51,34,65,49,86,43,93,52,26,30,145,70,154,52
1500000US271390802021,Block Group 1; Census Tract 802.02; Scott County; Minnesota,1121,154,23,37,0,10,34,32,0,10,20,32,0,10,92,116,38,37,21,25,85,64,158,99,181,93,98,50,66,73,101,64,204,97
1500000US271390802022,Block Group 2; Census Tract 802.02; Scott County; Minnesota,680,213,17,28,0,10,0,10,17,26,0,10,0,10,0,10,0,10,0,10,0,10,9,15,93,116,17,21,69,56,70,54,388,167
1500000US271390802023,Block Group 3; Census Tract 802.02; Scott County; Minnesota,412,109,0,10,0,10,0,10,0,10,0,10,0,10,8,12,0,10,0,10,0,10,0,10,26,31,0,10,18,21,170,90,190,76
1500000US271390802041,Block Group 1; Census Tract 802.04; Scott County; Minnesota,1055,173,0,10,0,10,11,18,0,10,52,36,0,10,12,20,29,28,11,19,27,26,119,55,211,96,199,130,96,68,64,57,224,73
1500000US271390802042,Block Group 2; Census Tract 802.04; Scott County; Minnesota,490,121,0,10,0,10,0,10,0,10,0,10,0,10,10,15,14,21,0,10,0,10,20,22,77,51,76,71,0,10,57,50,236,91
1500000US271390802061,Block Group 1; Census Tract 802.06; Scott County; Minnesota,498,111,0,10,0,10,0,10,73,69,0,10,0,10,0,10,9,15,0,10,0,10,42,39,62,58,26,28,51,38,71,47,164,61
1500000US271390802062,Block Group 2; Census Tract 802.06; Scott County; Minnesota,571,158,0,10,0,10,0,10,0,10,0,10,0,10,0,10,0,10,0,10,20,31,0,10,30,41,122,135,32,32,163,112,204,74
1500000US271390802063,Block Group 3; Census Tract 802.06; Scott County; Minnesota,652,156,25,28,0,10,8,13,0,10,15,24,12,19,0,10,26,27,20,30,35,30,49,42,107,99,98,48,108,99,110,70,39,21
1500000US271390802071,Block Group 1; Census Tract 802.07; Scott County; Minnesota,1193,155,7,11,14,26,11,18,28,29,0,10,12,19,0,10,0,10,0,10,0,10,49,37,159,105,60,44,51,39,153,64,649,128
1500000US271390802072,Block Group 2; Census Tract 802.07; Scott County; Minnesota,464,155,0,10,0,10,0,10,0,10,0,10,84,122,0,10,8,14,0,10,18,20,32,37,9,14,73,63,70,57,110,69,60,44
1500000US271390802081,Block Group 1; Census Tract 802.08; Scott County; Minnesota,513,153,0,10,0,10,0,10,0,10,0,10,0,10,10,16,12,18,0,10,25,30,42,52,81,71,84,64,78,58,116,112,65,53
1500000US271390802082,Block Group 2; Census Tract 802.08; Scott County; Minnesota,503,120,70,85,0,10,0,10,10,18,0,10,69,80,6,13,12,21,10,16,5,11,60,51,43,37,93,51,12,20,52,42,61,58
1500000US271390802091,Block Group 1; Census Tract 802.09; Scott County; Minnesota,425,206,0,10,0,10,0,10,0,10,0,10,0,10,0,10,0,10,0,10,24,31,219,185,2,6,58,57,63,60,19,21,40,37
1500000US271390802092,Block Group 2; Census Tract 802.09; Scott County; Minnesota,292,98,0,10,0,10,0,10,0,10,8,13,9,15,7,11,0,10,0,10,8,14,28,31,74,67,9,18,17,28,31,30,101,80
1500000US271390802093,Block Group 3; Census Tract 802.09; Scott County; Minnesota,480,126,15,25,5,10,0,10,0,10,8,13,84,93,0,10,0,10,0,10,35,38,5,11,91,50,28,41,84,70,48,48,77,52
1500000US271390802094,Block Group 4; Census Tract 802.09; Scott County; Minnesota,447,102,10,15,30,43,0,10,5,10,0,10,0,10,0,10,8,13,26,30,0,10,30,34,9,17,98,71,119,110,73,49,39,39
1500000US271390803031,Block Group 1; Census Tract 803.03; Scott County; Minnesota,632,190,22,35,33,55,91,110,0,10,0,10,67,95,0,10,0,10,0,10,74,75,71,85,58,64,29,52,91,108,52,56,44,48
1500000US271390803032,Block Group 2; Census Tract 803.03; Scott County; Minnesota,1211,219,30,45,0,10,89,109,53,81,24,39,0,10,44,55,20,31,0,10,226,150,198,95,164,114,30,38,83,67,62,72,188,152
1500000US271390803033,Block Group 3; Census Tract 803.03; Scott County; Minnesota,630,231,0,10,24,37,0,10,22,35,87,126,0,10,20,34,0,10,0,10,0,10,40,68,201,116,11,21,149,124,53,60,23,33
1500000US271390803041,Block Group 1; Census Tract 803.04; Scott County; Minnesota,301,119,0,10,0,10,0,10,0,10,0,10,0,10,0,10,0,10,0,10,15,24,0,10,74,80,0,10,18,30,47,54,147,76
1500000US271390803042,Block Group 2; Census Tract 803.04; Scott County; Minnesota,344,123,0,10,0,10,0,10,0,10,0,10,29,54,14,22,15,26,0,10,39,58,0,10,72,64,53,52,35,51,63,75,24,39
1500000US271390803043,Block Group 3; Census Tract 803.04; Scott County; Minnesota,342,152,0,10,0,10,0,10,0,10,0,10,0,10,0,10,43,68,0,10,0,10,0,10,9,18,125,103,27,51,30,51,108,72
1500000US271390803044,Block Group 4; Census Tract 803.04; Scott County; Minnesota,654,179,0,10,0,10,0,10,0,10,21,33,0,10,0,10,0,10,0,10,0,10,0,10,35,57,12,19,91,86,227,151,268,122
1500000US271390803045,Block Group 5; Census Tract 803.04; Scott County; Minnesota,0,10,0,10,0,10,0,10,0,10,0,10,0,10,0,10,0,10,0,10,0,10,0,10,0,10,0,10,0,10,0,10,0,10
1500000US271390803046,Block Group 6; Census Tract 803.04; Scott County; Minnesota,824,243,0,10,0,10,16,26,0,10,0,10,0,10,0,10,0,10,134,144,0,10,87,82,101,79,111,75,14,26,72,74,289,200
1500000US271390803051,Block Group 1; Census Tract 803.05; Scott County; Minnesota,677,166,16,27,0,10,0,10,0,10,0,10,35,54,0,10,21,32,16,24,34,45,1,3,42,72,111,116,27,42,171,143,203,154
1500000US271390803052,Block Group 2; Census Tract 803.05; Scott County; Minnesota,360,149,0,10,0,10,36,53,0,10,45,61,0,10,16,27,0,10,0,10,0,10,24,40,38,44,22,37,84,95,74,78,21,35
1500000US271390803053,Block Group 3; Census Tract 803.05; Scott County; Minnesota,354,138,11,20,0,10,0,10,0,10,0,10,0,10,0,10,0,10,0,10,92,79,16,28,22,36,79,83,116,110,18,29,0,10
1500000US271390803054,Block Group 4; Census Tract 803.05; Scott County; Minnesota,641,165,0,10,0,10,0,10,24,44,0,10,0,10,0,10,0,10,0,10,0,10,60,93,57,55,28,46,40,64,128,97,304,162
1500000US271390803055,Block Group 5; Census Tract 803.05; Scott County; Minnesota,249,122,0,10,0,10,0,10,0,10,0,10,0,10,0,10,0,10,0,10,0,10,33,52,23,42,49,62,24,33,63,69,57,46
1500000US271390803061,Block Group 1; Census Tract 803.06; Scott County; Minnesota,459,71,11,16,0,10,0,10,0,10,0,10,0,10,0,10,0,10,18,20,7,12,17,19,54,38,53,36,25,25,107,44,167,59
1500000US271390803062,Block Group 2; Census Tract 803.06; Scott County; Minnesota,338,114,0,10,33,54,7,12,0,10,0,10,0,10,7,12,7,11,0,10,41,41,0,10,27,26,22,18,19,29,69,43,106,87
1500000US271390803071,Block Group 1; Census Tract 803.07; Scott County; Minnesota,475,326,0,10,0,10,0,10,0,10,0,10,0,10,0,10,0,10,0,10,0,10,85,85,0,10,13,22,0,10,53,47,324,323
1500000US271390803072,Block Group 2; Census Tract 803.07; Scott County; Minnesota,332,142,67,98,0,10,0,10,0,10,0,10,0,10,0,10,0,10,18,30,0,10,13,22,21,33,19,31,9,18,0,10,185,104
1500000US271390803073,Block Group 3; Census Tract 803.07; Scott County; Minnesota,971,212,10,20,0,10,34,39,15,25,0,10,27,29,17,28,107,71,92,101,91,82,52,64,74,56,218,138,145,98,71,75,18,29
1500000US271390803074,Block Group 4; Census Tract 803.07; Scott County; Minnesota,893,326,5,12,0,10,0,10,0,10,0,10,11,22,33,40,31,57,0,10,41,52,45,53,80,78,290,293,0,10,173,133,184,127
1500000US271390804001,Block Group 1; Census Tract 804; Scott County; Minnesota,257,96,6,17,21,24,0,10,0,10,9,14,16,18,0,10,57,52,0,10,16,19,17,19,88,77,9,15,0,10,5,11,13,24
1500000US271390804002,Block Group 2; Census Tract 804; Scott County; Minnesota,822,178,119,94,55,64,21,26,15,23,12,19,43,48,17,21,0,10,34,56,144,118,53,48,171,89,123,98,0,10,0,10,15,24
1500000US271390804003,Block Group 3; Census Tract 804; Scott County; Minnesota,925,146,70,53,0,10,0,10,78,51,82,70,26,30,24,25,57,36,0,10,90,108,108,82,63,51,79,51,39,35,167,148,42,36
1500000US271390805001,Block Group 1; Census Tract 805; Scott County; Minnesota,565,118,14,18,81,52,11,12,54,56,0,10,14,16,67,72,12,19,0,10,47,32,73,54,48,32,64,55,12,19,36,25,32,28
1500000US271390805002,Block Group 2; Census Tract 805; Scott County; Minnesota,433,106,14,14,0,10,0,10,11,16,12,18,0,10,19,23,4,7,63,48,7,10,64,66,45,37,50,34,19,20,55,30,70,42
1500000US271390806001,Block Group 1; Census Tract 806; Scott County; Minnesota,317,177,0,10,0,10,0,10,0,10,0,10,7,11,0,10,0,10,0,10,0,10,14,16,75,52,41,35,12,19,129,154,39,48
1500000US271390806002,Block Group 2; Census Tract 806; Scott County; Minnesota,377,94,40,55,0,10,0,10,0,10,0,10,0,10,19,21,39,42,14,21,9,14,0,10,26,28,101,47,26,25,58,57,45,44
1500000US271390806003,Block Group 3; Census Tract 806; Scott County; Minnesota,641,163,25,34,11,17,8,14,9,13,11,20,32,45,0,10,5,8,0,10,28,29,136,110,80,56,21,26,31,34,94,63,150,109
1500000US271390806004,Block Group 4; Census Tract 806; Scott County; Minnesota,779,217,0,10,0,10,0,10,0,10,8,14,7,12,62,91,9,14,48,54,99,78,23,22,103,57,251,182,21,21,64,56,84,95
1500000US271390807001,Block Group 1; Census Tract 807; Scott County; Minnesota,309,94,17,18,0,10,3,4,0,10,95,76,0,10,21,29,18,27,7,9,28,30,38,44,4,5,45,40,12,11,14,13,7,12
1500000US271390807002,Block Group 2; Census Tract 807; Scott County; Minnesota,499,98,43,66,1,2,0,10,0,10,2,3,4,5,4,6,0,10,0,10,7,8,4,6,116,83,44,31,29,17,104,58,141,49
1500000US271390807003,Block Group 3; Census Tract 807; Scott County; Minnesota,630,96,9,15,0,10,26,31,5,6,10,15,2,3,3,5,8,14,2,4,10,9,3,6,56,37,88,42,72,47,186,74,150,47
1500000US271390808011,Block Group 1; Census Tract 808.01; Scott County; Minnesota,461,152,0,10,0,10,12,21,12,19,0,10,0,10,0,10,20,34,0,10,26,42,51,60,79,55,133,128,82,65,22,33,24,24
1500000US271390808012,Block Group 2; Census Tract 808.01; Scott County; Minnesota,533,148,35,39,0,10,34,41,30,33,25,40,14,23,0,10,0,10,0,10,26,31,55,55,85,73,81,50,69,71,57,42,22,27
1500000US271390808013,Block Group 3; Census Tract 808.01; Scott County; Minnesota,618,157,27,31,52,66,0,10,34,54,0,10,0,10,0,10,64,82,72,114,0,10,13,21,102,48,92,75,45,46,102,79,15,19
1500000US271390808014,Block Group 4; Census Tract 808.01; Scott County; Minnesota,514,137,12,18,0,10,0,10,0,10,0,10,0,10,0,10,14,25,12,20,0,10,0,10,37,44,55,49,37,40,129,73,218,131
1500000US271390808021,Block Group 1; Census Tract 808.02; Scott County; Minnesota,223,31,2,3,0,10,3,5,0,10,3,4,0,10,0,10,5,5,0,10,0,10,18,11,28,12,17,14,19,10,21,13,107,34
1500000US271390808022,Block Group 2; Census Tract 808.02; Scott County; Minnesota,497,70,2,4,12,11,8,7,26,26,13,12,16,20,6,6,6,6,30,35,29,15,25,13,66,34,71,26,39,17,65,20,83,25
1500000US271390809031,Block Group 1; Census Tract 809.03; Scott County; Minnesota,586,140,18,28,0,10,15,24,0,10,0,10,0,10,0,10,0,10,0,10,34,39,49,43,110,104,38,42,99,61,66,51,157,77
1500000US271390809032,Block Group 2; Census Tract 809.03; Scott County; Minnesota,589,140,81,81,0,10,0,10,0,10,0,10,15,22,0,10,16,25,0,10,0,10,55,65,81,78,15,23,31,37,66,61,229,111
1500000US271390809033,Block Group 3; Census Tract 809.03; Scott County; Minnesota,783,131,48,43,0,10,0,10,0,10,17,28,0,10,0,10,0,10,0,10,15,25,18,26,83,55,95,65,118,76,59,47,330,119
1500000US271390809034,Block Group 4; Census Tract 809.03; Scott County; Minnesota,232,115,3,7,2,3,0,10,2,3,0,10,4,6,0,10,1,2,0,10,2,3,1,2,28,36,24,29,32,36,41,32,92,90
1500000US271390809035,Block Group 5; Census Tract 809.03; Scott County; Minnesota,1024,205,9,8,87,119,0,10,0,10,16,24,0,10,43,41,25,28,100,93,45,38,50,56,44,38,93,51,58,49,78,55,376,136
1500000US271390809051,Block Group 1; Census Tract 809.05; Scott County; Minnesota,275,88,18,28,26,42,0,10,0,10,0,10,0,10,0,10,0,10,0,10,61,57,0,10,34,36,26,29,12,18,55,54,43,40
1500000US271390809052,Block Group 2; Census Tract 809.05; Scott County; Minnesota,986,142,0,10,21,32,0,10,18,27,0,10,22,34,36,40,16,26,42,45,17,25,48,39,45,44,134,72,97,59,146,85,344,101
1500000US271390809053,Block Group 3; Census Tract 809.05; Scott County; Minnesota,172,77,0,10,21,32,0,10,0,10,0,10,0,10,0,10,0,10,0,10,0,10,0,10,16,27,16,27,39,45,25,28,55,52
1500000US271390809054,Block Group 4; Census Tract 809.05; Scott County; Minnesota,755,143,0,10,0,10,0,10,0,10,8,13,0,10,0,10,5,12,35,54,15,25,63,44,70,62,103,81,25,29,90,63,341,133
1500000US271390809061,Block Group 1; Census Tract 809.06; Scott County; Minnesota,785,119,70,76,0,10,0,10,7,13,10,17,0,10,11,14,0,10,0,10,13,20,65,51,117,76,54,43,89,66,90,57,259,97
1500000US271390809062,Block Group 2; Census Tract 809.06; Scott County; Minnesota,394,94,26,29,25,28,0,10,0,10,0,10,8,13,59,50,0,10,7,13,50,48,20,24,21,20,0,10,41,39,81,56,56,40
1500000US271390809063,Block Group 3; Census Tract 809.06; Scott County; Minnesota,462,92,0,10,45,59,0,10,0,10,0,10,6,10,0,10,0,10,0,10,19,23,8,12,44,38,44,40,28,32,96,74,172,90
1500000US271390809064,Block Group 4; Census Tract 809.06; Scott County; Minnesota,251,98,0,10,0,10,0,10,0,10,53,61,0,10,0,10,53,76,0,10,0,10,15,25,64,41,44,37,13,23,0,10,9,17
1500000US271390809071,Block Group 1; Census Tract 809.07; Scott County; Minnesota,723,176,14,16,0,10,30,37,5,7,9,14,9,17,14,15,32,33,13,19,58,42,120,104,72,76,72,52,58,66,77,51,140,86
1500000US271390809072,Block Group 2; Census Tract 809.07; Scott County; Minnesota,592,140,0,10,0,10,0,10,8,13,9,15,31,40,15,23,8,13,0,10,6,12,62,42,85,51,23,27,33,33,241,135,71,40
1500000US271390809081,Block Group 1; Census Tract 809.08; Scott County; Minnesota,334,114,36,42,0,10,0,10,0,10,0,10,0,10,0,10,11,18,0,10,23,27,88,81,27,29,48,36,22,26,54,43,25,24
1500000US271390809082,Block Group 2; Census Tract 809.08; Scott County; Minnesota,555,123,9,15,0,10,13,20,13,21,13,21,27,32,40,43,1,8,44,35,27,33,30,37,157,94,65,58,14,23,82,53,20,22
1500000US271390809083,Block Group 3; Census Tract 809.08; Scott County; Minnesota,757,148,0,10,0,10,12,19,0,10,7,13,7,12,0,10,0,10,19,17,46,34,53,46,142,71,43,34,56,31,94,47,278,132
1500000US271390810011,Block Group 1; Census Tract 810.01; Scott County; Minnesota,233,85,0,10,0,10,0,10,0,10,0,10,0,10,0,10,0,10,0,10,0,10,12,19,0,10,38,44,46,48,76,50,61,49
1500000US271390810012,Block Group 2; Census Tract 810.01; Scott County; Minnesota,506,104,0,10,0,10,10,16,0,10,0,10,0,10,0,10,0,10,0,10,59,56,28,26,15,24,25,24,26,32,61,41,282,95
1500000US271390810013,Block Group 3; Census Tract 810.01; Scott County; Minnesota,258,80,0,10,12,19,0,10,0,10,0,10,0,10,0,10,0,10,0,10,21,32,31,37,36,33,49,44,29,45,46,31,34,36
1500000US271390810014,Block Group 4; Census Tract 810.01; Scott County; Minnesota,420,88,0,10,15,23,8,15,0,10,0,10,10,18,0,10,0,10,8,12,16,26,50,46,18,22,0,10,49,40,110,64,136,69
1500000US271390810015,Block Group 5; Census Tract 810.01; Scott County; Minnesota,335,99,10,16,0,10,19,31,0,10,0,10,25,29,0,10,5,9,0,10,11,17,33,48,23,21,14,23,44,55,45,45,106,66
1500000US271390810021,Block Group 1; Census Tract 810.02; Scott County; Minnesota,321,77,0,10,0,10,0,10,0,10,0,10,0,10,0,10,0,10,0,10,19,20,11,19,11,17,37,30,33,19,44,36,166,79
1500000US271390810022,Block Group 2; Census Tract 810.02; Scott County; Minnesota,379,90,0,10,0,10,0,10,0,10,0,10,0,10,0,10,0,10,9,14,0,10,22,24,51,37,39,36,31,30,9,15,218,84
1500000US271390810023,Block Group 3; Census Tract 810.02; Scott County; Minnesota,570,150,0,10,0,10,0,10,0,10,19,30,0,10,0,10,0,10,0,10,51,46,52,59,45,67,147,139,37,40,40,39,179,70
1500000US271390811011,Block Group 1; Census Tract 811.01; Scott County; Minnesota,399,165,18,22,0,10,0,10,0,10,0,10,0,10,6,10,12,13,4,6,0,10,5,7,23,22,11,11,21,17,195,176,104,36
1500000US271390811012,Block Group 2; Census Tract 811.01; Scott County; Minnesota,429,72,5,7,0,10,7,9,0,10,12,12,7,10,11,11,0,10,0,10,16,13,30,22,63,47,33,26,45,26,74,30,126,44
1500000US271390811013,Block Group 3; Census Tract 811.01; Scott County; Minnesota,242,46,0,10,0,10,7,10,0,10,7,10,7,11,0,10,0,10,0,10,0,10,0,10,33,20,23,18,34,24,66,29,65,26
1500000US271390811021,Block Group 1; Census Tract 811.02; Scott County; Minnesota,464,81,8,12,4,7,17,26,5,7,5,7,0,10,0,10,6,10,35,37,5,8,6,9,58,36,55,39,63,39,50,36,147,54
1500000US271390811022,Block Group 2; Census Tract 811.02; Scott County; Minnesota,290,83,18,15,0,10,0,10,0,10,0,10,11,17,0,10,0,10,0,10,6,9,0,10,39,57,20,21,53,51,44,30,99,41
1500000US271390811031,Block Group 1; Census Tract 811.03; Scott County; Minnesota,684,148,0,10,0,10,0,10,0,10,0,10,0,10,0,10,24,37,0,10,49,51,59,85,112,73,47,41,65,55,171,112,157,85
1500000US271390811032,Block Group 2; Census Tract 811.03; Scott County; Minnesota,418,91,0,10,0,10,0,10,0,10,0,10,0,10,0,10,0,10,14,25,19,30,0,10,11,20,9,15,79,61,162,106,124,57
1500000US271390811033,Block Group 3; Census Tract 811.03; Scott County; Minnesota,463,120,0,10,0,10,0,10,15,25,0,10,11,19,0,10,0,10,24,28,0,10,22,36,16,26,84,84,83,68,76,61,132,100
1500000US271390811034,Block Group 4; Census Tract 811.03; Scott County; Minnesota,280,101,0,10,0,10,0,10,0,10,0,10,0,10,0,10,78,110,0,10,0,10,0,10,39,48,62,53,55,45,21,34,25,28
1500000US271390811035,Block Group 5; Census Tract 811.03; Scott County; Minnesota,199,84,0,10,0,10,0,10,30,47,0,10,0,10,0,10,0,10,0,10,13,22,48,38,17,28,0,10,0,10,36,42,55,51
1500000US271390812001,Block Group 1; Census Tract 812; Scott County; Minnesota,481,133,78,105,5,6,2,4,0,10,5,6,0,10,0,10,0,10,12,18,10,16,51,59,53,38,89,84,32,23,84,38,60,35
1500000US271390812002,Block Group 2; Census Tract 812; Scott County; Minnesota,411,108,14,23,0,10,0,10,25,29,15,24,0,10,0,10,18,30,0,10,16,27,43,65,49,44,11,18,73,48,47,42,100,70
1500000US271390812003,Block Group 3; Census Tract 812; Scott County; Minnesota,181,90,0,10,18,27,0,10,0,10,0,10,29,43,0,10,0,10,0,10,0,10,35,40,38,53,0,10,14,22,16,21,31,34
1500000US271390812004,Block Group 4; Census Tract 812; Scott County; Minnesota,434,82,3,5,0,10,12,10,5,6,4,6,31,47,8,7,0,10,3,5,8,8,24,20,35,17,24,15,33,21,94,30,150,42
1500000US271390812005,Block Group 5; Census Tract 812; Scott County; Minnesota,593,148,14,21,0,10,0,10,0,10,0,10,0,10,51,62,32,35,131,169,0,10,18,29,93,61,119,111,0,10,66,61,69,64
1500000US271390812006,Block Group 6; Census Tract 812; Scott County; Minnesota,223,79,11,17,0,10,12,21,0,10,63,73,0,10,0,10,0,10,0,10,11,17,16,25,17,26,30,33,0,10,31,32,32,34
1500000US271390813011,Block Group 1; Census Tract 813.01; Scott County; Minnesota,275,47,2,3,2,3,7,6,2,3,0,10,2,3,1,2,0,10,10,8,8,7,38,22,38,19,45,27,32,15,27,15,61,26
1500000US271390813012,Block Group 2; Census Tract 813.01; Scott County; Minnesota,1001,154,36,29,7,12,36,36,26,36,57,50,80,67,101,75,12,17,56,56,25,27,110,58,89,58,58,37,83,62,65,45,160,67
1500000US271390813021,Block Group 1; Census Tract 813.02; Scott County; Minnesota,474,132,0,10,0,10,0,10,0,10,0,10,11,14,3,4,0,10,0,10,0,10,82,76,75,63,143,104,75,64,18,27,67,45
1500000US271390813022,Block Group 2; Census Tract 813.02; Scott County; Minnesota,400,73,4,5,6,8,3,4,3,4,8,8,31,38,18,12,2,3,9,8,28,14,30,15,32,14,38,18,30,20,60,27,98,31
1500000US271390813023,Block Group 3; Census Tract 813.02; Scott County; Minnesota,471,169,0,10,0,10,0,10,0,10,41,55,19,28,0,10,13,19,0,10,0,10,11,18,62,74,31,30,148,133,29,30,117,102
1500000US271390813024,Block Group 4; Census Tract 813.02; Scott County; Minnesota,563,119,0,10,0,10,22,32,19,28,0,10,0,10,0,10,0,10,12,23,170,104,28,30,41,42,69,48,29,32,34,39,139,63
1500000US271390813025,Block Group 5; Census Tract 813.02; Scott County; Minnesota,211,105,0,10,0,10,2,3,2,4,0,10,1,2,0,10,0,10,0,10,21,23,29,30,77,91,23,29,21,24,30,26,5,5
1500000US271410301031,Block Group 1; Census Tract 301.03; Sherburne County; Minnesota,965,150,61,83,34,32,0,10,12,19,11,18,0,10,32,38,8,15,9,17,10,15,109,85,136,70,124,98,183,111,193,108,43,32
1500000US271410301032,Block Group 2; Census Tract 301.03; Sherburne County; Minnesota,717,171,10,16,22,35,17,27,13,21,30,34,0,10,10,16,57,88,37,56,53,48,86,61,29,29,69,51,91,43,151,109,42,41
1500000US271410301041,Block Group 1; Census Tract 301.04; Sherburne County; Minnesota,618,128,25,29,10,16,0,10,0,10,14,23,0,10,29,34,0,10,54,54,28,29,31,33,153,87,143,91,16,27,106,61,9,17
1500000US271410301042,Block Group 2; Census Tract 301.04; Sherburne County; Minnesota,761,149,0,10,14,23,0,10,0,10,0,10,18,28,0,10,15,24,0,10,15,24,98,81,125,72,86,61,90,64,193,103,107,59
1500000US271410301051,Block Group 1; Census Tract 301.05; Sherburne County; Minnesota,402,89,0,10,0,10,0,10,0,10,0,10,0,10,0,10,21,26,0,10,0,10,23,26,60,44,35,40,75,46,81,45,107,80
1500000US271410301052,Block Group 2; Census Tract 301.05; Sherburne County; Minnesota,566,147,29,32,0,10,0,10,25,27,0,10,0,10,78,95,11,19,30,32,103,131,45,54,76,58,56,43,34,30,58,53,21,26
1500000US271410301053,Block Group 3; Census Tract 301.05; Sherburne County; Minnesota,730,178,9,16,0,10,0,10,17,21,29,43,0,10,8,14,9,15,63,105,49,44,78,56,71,50,208,111,56,53,40,38,93,88
1500000US271410301061,Block Group 1; Census Tract 301.06; Sherburne County; Minnesota,903,275,29,47,0,10,25,38,119,159,0,10,13,21,11,15,2,4,0,10,14,23,0,10,78,51,86,90,235,208,226,131,65,70
1500000US271410301062,Block Group 2; Census Tract 301.06; Sherburne County; Minnesota,696,167,41,70,0,10,0,10,0,10,0,10,0,10,24,36,0,10,18,31,14,23,27,40,72,51,0,10,96,67,250,158,154,106
1500000US271410301063,Block Group 3; Census Tract 301.06; Sherburne County; Minnesota,565,160,0,10,6,12,33,50,0,10,0,10,0,10,42,51,0,10,49,54,0,10,112,92,36,53,64,72,143,91,64,72,16,25
1500000US271410301064,Block Group 4; Census Tract 301.06; Sherburne County; Minnesota,388,131,0,10,0,10,30,39,0,10,10,18,0,10,27,33,0,10,50,69,48,37,14,25,68,81,31,36,22,34,0,10,88,99
1500000US271410302011,Block Group 1; Census Tract 302.01; Sherburne County; Minnesota,971,79,12,15,43,68,23,23,9,9,10,10,41,38,3,5,10,12,21,23,54,26,30,21,147,46,194,68,136,46,153,52,85,51
1500000US271410302012,Block Group 2; Census Tract 302.01; Sherburne County; Minnesota,589,81,9,8,6,6,0,10,10,9,22,17,0,10,7,7,9,11,12,11,17,13,39,29,95,37,96,38,39,23,134,47,94,43
1500000US271410302021,Block Group 1; Census Tract 302.02; Sherburne County; Minnesota,588,102,0,10,0,10,13,21,4,6,0,10,0,10,3,5,34,21,58,63,6,8,78,69,55,45,43,32,42,33,108,55,144,127
1500000US271410302022,Block Group 2; Census Tract 302.02; Sherburne County; Minnesota,448,95,10,15,0,10,5,7,0,10,0,10,0,10,0,10,20,24,26,30,14,13,43,43,30,21,48,28,58,38,95,46,99,47
1500000US271410303011,Block Group 1; Census Tract 303.01; Sherburne County; Minnesota,296,57,1,4,18,23,3,5,0,10,0,10,9,10,8,9,7,8,6,6,0,10,66,36,52,24,27,14,11,10,39,19,49,27
1500000US271410303012,Block Group 2; Census Tract 303.01; Sherburne County; Minnesota,365,83,10,11,5,8,0,10,0,10,2,5,4,5,4,6,7,10,13,13,49,53,46,32,52,31,56,33,31,19,42,23,44,20
1500000US271410303013,Block Group 3; Census Tract 303.01; Sherburne County; Minnesota,492,74,3,5,0,10,6,8,13,20,5,7,9,11,3,5,3,5,8,7,16,15,14,13,67,38,54,44,29,26,149,66,113,48
1500000US271410303021,Block Group 1; Census Tract 303.02; Sherburne County; Minnesota,551,84,25,23,6,7,15,16,5,6,2,4,2,5,9,11,5,6,9,8,21,13,71,61,107,38,76,31,35,14,80,21,83,23
1500000US271410303022,Block Group 2; Census Tract 303.02; Sherburne County; Minnesota,596,77,14,12,3,4,23,18,7,8,2,4,5,5,26,25,37,23,0,10,58,31,40,19,60,23,79,29,84,36,74,28,84,26
1500000US271410304051,Block Group 1; Census Tract 304.05; Sherburne County; Minnesota,561,159,0,10,0,10,0,10,0,10,0,10,86,126,29,46,0,10,7,11,0,10,30,39,71,50,96,54,77,45,71,46,94,58
1500000US271410304052,Block Group 2; Census Tract 304.05; Sherburne County; Minnesota,613,117,8,12,20,25,0,10,0,10,0,10,7,15,11,18,0,10,0,10,0,10,67,60,82,56,34,38,80,62,84,44,220,100
1500000US271410304061,Block Group 1; Census Tract 304.06; Sherburne County; Minnesota,604,135,0,10,0,10,0,10,0,10,0,10,0,10,0,10,0,10,0,10,14,22,29,28,66,47,182,105,73,52,74,66,166,110
1500000US271410304062,Block Group 2; Census Tract 304.06; Sherburne County; Minnesota,768,180,0,10,0,10,0,10,0,10,0,10,0,10,14,22,0,10,29,43,2,9,130,137,75,51,119,59,101,79,195,140,103,55
1500000US271410304063,Block Group 3; Census Tract 304.06; Sherburne County; Minnesota,678,200,0,10,0,10,11,18,0,10,0,10,0,10,0,10,0,10,0,10,12,21,17,24,70,50,179,81,87,67,242,202,60,51
1500000US271410304071,Block Group 1; Census Tract 304.07; Sherburne County; Minnesota,834,140,66,52,0,10,34,33,0,10,0,10,3,9,0,10,37,37,28,34,75,48,31,33,32,32,142,97,106,59,242,102,38,31
1500000US271410304072,Block Group 2; Census Tract 304.07; Sherburne County; Minnesota,1036,266,79,92,69,104,59,58,55,63,27,40,28,50,36,64,9,16,0,10,86,95,39,35,123,100,312,231,28,25,36,29,50,41
1500000US271410304081,Block Group 1; Census Tract 304.08; Sherburne County; Minnesota,376,91,0,10,0,10,13,21,0,10,0,10,33,50,8,13,0,10,39,44,0,10,30,27,88,48,17,20,48,42,44,37,56,38
1500000US271410304082,Block Group 2; Census Tract 304.08; Sherburne County; Minnesota,529,101,0,10,0,10,0,10,0,10,0,10,11,18,8,11,22,26,0,10,43,40,26,30,73,57,40,34,102,60,112,52,92,68
1500000US271410304083,Block Group 3; Census Tract 304.08; Sherburne County; Minnesota,836,140,3,7,0,10,0,10,12,15,21,23,48,67,15,19,19,27,0,10,24,22,71,44,75,43,95,46,59,35,111,81,283,131
1500000US271410304091,Block Group 1; Census Tract 304.09; Sherburne County; Minnesota,368,80,44,36,0,10,17,28,17,21,11,17,0,10,10,16,27,41,24,28,54,45,38,36,37,28,0,10,31,28,31,32,27,39
1500000US271410304092,Block Group 2; Census Tract 304.09; Sherburne County; Minnesota,622,156,0,10,35,38,0,10,14,23,9,15,0,10,7,12,0,10,27,29,76,74,74,51,88,56,38,39,79,91,110,67,65,46
1500000US271410304093,Block Group 3; Census Tract 304.09; Sherburne County; Minnesota,805,119,14,21,0,10,0,10,0,10,0,10,0,10,0,10,14,23,15,18,17,25,122,73,111,57,140,82,90,63,172,73,110,75
1500000US271410304101,Block Group 1; Census Tract 304.10; Sherburne County; Minnesota,535,128,0,10,0,10,0,10,0,10,0,10,22,38,0,10,9,17,23,28,19,22,0,10,104,91,67,46,43,41,84,60,164,84
1500000US271410304102,Block Group 2; Census Tract 304.10; Sherburne County; Minnesota,481,127,0,10,28,26,0,10,11,17,0,10,34,38,11,18,0,10,21,32,45,70,58,38,47,42,112,78,24,27,58,53,32,49
1500000US271410304103,Block Group 3; Census Tract 304.10; Sherburne County; Minnesota,766,156,20,34,0,10,13,20,0,10,16,26,0,10,0,10,0,10,0,10,63,47,56,48,189,145,58,47,60,46,154,89,137,110
1500000US271410304104,Block Group 4; Census Tract 304.10; Sherburne County; Minnesota,210,60,0,10,0,10,0,10,0,10,0,10,32,30,0,10,21,23,14,22,0,10,27,29,10,18,5,8,33,39,36,35,32,29
1500000US271410305031,Block Group 1; Census Tract 305.03; Sherburne County; Minnesota,549,159,0,10,0,10,0,10,21,34,0,10,18,28,10,18,61,54,0,10,38,42,63,51,76,62,50,48,69,56,50,65,93,81
1500000US271410305032,Block Group 2; Census Tract 305.03; Sherburne County; Minnesota,480,157,21,33,0,10,15,27,0,10,0,10,0,10,0,10,20,33,0,10,32,40,46,48,26,41,109,108,38,51,81,71,92,128
1500000US271410305033,Block Group 3; Census Tract 305.03; Sherburne County; Minnesota,432,192,0,10,0,10,0,10,17,28,19,33,0,10,0,10,70,79,0,10,129,109,8,14,49,57,32,51,108,134,0,10,0,10
1500000US271410305034,Block Group 4; Census Tract 305.03; Sherburne County; Minnesota,424,137,0,10,0,10,0,10,0,10,15,26,0,10,34,42,0,10,23,36,20,29,18,29,92,115,82,57,72,50,20,34,48,55
1500000US271410305035,Block Group 5; Census Tract 305.03; Sherburne County; Minnesota,400,119,0,10,18,29,0,10,27,40,0,10,0,10,0,10,0,10,22,34,0,10,0,10,55,51,28,44,38,54,128,74,84,75
1500000US271410305041,Block Group 1; Census Tract 305.04; Sherburne County; Minnesota,700,115,0,10,17,25,0,10,0,10,10,15,0,10,9,15,0,10,6,9,12,19,0,10,123,62,50,35,56,41,255,104,162,82
1500000US271410305042,Block Group 2; Census Tract 305.04; Sherburne County; Minnesota,364,87,8,13,0,10,10,15,8,14,27,26,0,10,17,20,23,22,0,10,9,16,34,37,24,32,17,21,43,33,73,50,71,49
1500000US271410305043,Block Group 3; Census Tract 305.04; Sherburne County; Minnesota,833,136,19,20,0,10,0,10,8,13,0,10,11,18,35,66,0,10,0,10,27,24,12,14,114,83,116,61,80,83,178,79,233,83
1500000US271410305051,Block Group 1; Census Tract 305.05; Sherburne County; Minnesota,587,159,0,10,17,28,13,23,19,30,0,10,0,10,0,10,0,10,0,10,34,39,38,49,181,117,47,47,79,74,91,70,68,65
1500000US271410305052,Block Group 2; Census Tract 305.05; Sherburne County; Minnesota,1077,294,0,10,0,10,0,10,70,94,0,10,23,37,20,36,39,44,0,10,49,58,291,244,114,77,43,47,143,118,163,87,122,79
1500000US271410305053,Block Group 3; Census Tract 305.05; Sherburne County; Minnesota,1437,224,39,42,0,10,0,10,19,30,32,49,23,29,0,10,34,54,0,10,87,107,150,106,90,67,159,91,122,77,336,166,346,156
1500000US271410305061,Block Group 1; Census Tract 305.06; Sherburne County; Minnesota,509,127,0,10,0,10,0,10,8,14,0,10,0,10,0,10,8,13,0,10,11,18,67,75,111,76,16,28,39,31,125,77,124,61
1500000US271410305062,Block Group 2; Census Tract 305.06; Sherburne County; Minnesota,968,328,158,172,63,37,25,42,184,221,53,49,82,63,30,46,33,31,22,24,53,56,74,59,27,27,82,98,56,44,13,21,13,22
1500000US271410305063,Block Group 3; Census Tract 305.06; Sherburne County; Minnesota,834,177,20,24,0,10,0,10,11,17,61,85,0,10,11,18,124,121,23,38,88,66,25,23,83,73,163,101,13,22,65,50,147,91
1500000US271410315001,Block Group 1; Census Tract 315; Sherburne County; Minnesota,1402,328,215,164,34,41,129,81,62,100,188,166,2,3,27,31,2,4,23,29,287,149,77,68,79,60,101,76,44,43,72,64,60,62
1500000US271410315002,Block Group 2; Census Tract 315; Sherburne County; Minnesota,727,249,11,24,30,49,0,10,24,41,12,21,50,50,79,90,27,48,16,26,25,28,205,200,107,118,24,41,72,63,14,23,31,36
1500000US271410315003,Block Group 3; Census Tract 315; Sherburne County; Minnesota,646,183,0,10,23,37,0,10,37,44,37,47,11,20,0,10,77,85,0,10,111,123,48,46,173,112,56,71,48,57,0,10,25,27
1500000US271410315004,Block Group 4; Census Tract 315; Sherburne County; Minnesota,357,191,0,10,31,36,24,40,49,57,0,10,24,26,10,22,33,55,32,46,0,10,136,152,0,10,0,10,0,10,0,10,18,29
1500000US271431701981,Block Group 1; Census Tract 1701.98; Sibley County; Minnesota,706,60,14,8,3,3,18,16,28,16,10,5,10,8,12,12,13,7,3,4,36,18,48,13,90,23,95,38,67,20,127,29,132,29
1500000US271431701982,Block Group 2; Census Tract 1701.98; Sibley County; Minnesota,322,47,29,15,16,16,0,10,1,3,17,18,7,6,5,5,12,19,12,8,20,9,40,16,17,9,45,26,39,23,35,11,27,16
1500000US271431701983,Block Group 3; Census Tract 1701.98; Sibley County; Minnesota,295,48,7,5,0,10,1,3,9,6,0,10,8,9,6,5,29,27,20,20,16,8,42,23,41,18,20,9,24,15,40,14,32,12
1500000US271431701984,Block Group 4; Census Tract 1701.98; Sibley County; Minnesota,340,46,2,3,2,5,13,15,21,15,8,8,7,7,14,13,7,5,4,4,24,14,46,17,60,22,41,25,49,27,34,14,8,6
1500000US271431702001,Block Group 1; Census Tract 1702; Sibley County; Minnesota,260,53,6,4,0,10,0,10,9,13,31,34,6,9,4,5,2,3,27,18,18,14,38,19,37,16,13,6,30,12,17,9,22,15
1500000US271431702002,Block Group 2; Census Tract 1702; Sibley County; Minnesota,313,62,10,11,5,5,14,13,0,10,13,11,15,14,7,5,9,6,12,12,16,8,30,12,73,37,37,12,9,9,52,39,11,13
1500000US271431702003,Block Group 3; Census Tract 1702; Sibley County; Minnesota,298,41,8,8,12,11,4,4,5,4,0,10,7,8,8,11,7,8,13,9,28,18,33,18,51,21,36,13,37,17,23,10,26,14
1500000US271431702004,Block Group 4; Census Tract 1702; Sibley County; Minnesota,401,71,44,37,24,18,7,9,14,10,3,3,7,5,14,11,53,44,14,13,46,25,33,20,49,22,42,20,8,6,31,17,12,7
1500000US271431702005,Block Group 5; Census Tract 1702; Sibley County; Minnesota,266,41,12,8,0,10,24,18,6,7,22,15,20,21,4,4,10,8,28,20,17,10,11,9,56,26,27,13,6,6,14,12,9,9
1500000US271431703001,Block Group 1; Census Tract 1703; Sibley County; Minnesota,371,57,8,6,7,11,16,11,8,10,10,6,4,4,3,3,4,4,14,14,14,7,30,14,49,14,76,27,39,18,41,19,48,25
1500000US271431703002,Block Group 2; Census Tract 1703; Sibley County; Minnesota,533,103,17,18,78,69,12,12,11,17,0,10,32,35,17,13,69,59,11,10,48,41,59,31,46,34,55,29,25,19,36,23,17,14
1500000US271431703003,Block Group 3; Census Tract 1703; Sibley County; Minnesota,312,71,0,10,5,7,31,25,0,10,4,5,5,6,43,37,0,10,4,9,43,28,61,35,49,36,10,10,28,29,4,6,25,24
1500000US271431704001,Block Group 1; Census Tract 1704; Sibley County; Minnesota,277,38,21,23,0,10,0,10,4,5,8,11,10,7,9,6,7,7,4,4,4,4,29,15,51,19,28,14,19,12,36,22,47,17
1500000US271431704002,Block Group 2; Census Tract 1704; Sibley County; Minnesota,496,81,13,13,78,44,24,16,2,3,8,10,34,19,3,5,19,13,57,45,29,19,83,44,71,37,21,17,28,17,18,10,8,8
1500000US271431704003,Block Group 3; Census Tract 1704; Sibley County; Minnesota,417,58,20,19,7,6,3,4,15,9,6,5,5,5,4,9,2,3,9,7,54,29,25,14,50,20,27,13,53,20,80,29,57,23
1500000US271431704004,Block Group 4; Census Tract 1704; Sibley County; Minnesota,322,58,0,10,0,10,0,10,0,10,6,8,24,24,6,9,4,6,18,14,13,14,47,29,78,44,76,25,18,13,21,14,11,10
1500000US271450003011,Block Group 1; Census Tract 3.01; Stearns County; Minnesota,633,152,38,34,52,39,40,50,13,21,52,36,37,38,0,10,4,8,0,10,88,51,61,49,92,62,29,27,80,78,47,54,0,10
1500000US271450003012,Block Group 2; Census Tract 3.01; Stearns County; Minnesota,655,176,28,28,0,10,80,90,7,11,5,9,51,62,9,14,21,24,63,71,37,35,24,29,117,106,63,49,103,82,10,14,37,48
1500000US271450003031,Block Group 1; Census Tract 3.03; Stearns County; Minnesota,515,160,146,126,62,67,0,10,0,10,0,10,40,42,5,8,0,10,43,50,0,10,96,95,45,54,9,13,0,10,64,50,5,9
1500000US271450003032,Block Group 2; Census Tract 3.03; Stearns County; Minnesota,368,146,0,10,8,14,2,5,0,10,37,41,12,15,90,77,0,10,14,20,58,70,97,99,0,10,41,46,0,10,9,15,0,10
1500000US271450003041,Block Group 1; Census Tract 3.04; Stearns County; Minnesota,959,360,48,48,131,98,143,171,197,205,134,153,0,10,0,10,0,10,46,64,0,10,0,10,184,177,9,32,67,84,0,10,0,10
1500000US271450003042,Block Group 2; Census Tract 3.04; Stearns County; Minnesota,595,123,36,30,9,14,23,27,0,10,16,28,21,24,20,34,59,70,30,44,50,58,24,26,88,66,130,66,8,15,36,32,45,36
1500000US271450003043,Block Group 3; Census Tract 3.04; Stearns County; Minnesota,743,274,25,29,253,226,57,100,0,10,0,10,0,10,60,68,8,15,127,146,30,46,94,91,43,53,24,38,0,10,22,26,0,10
1500000US271450004011,Block Group 1; Census Tract 4.01; Stearns County; Minnesota,930,283,35,53,93,121,0,10,12,19,38,58,0,10,21,34,40,41,0,10,109,89,144,150,202,196,85,96,21,36,117,132,13,27
1500000US271450004012,Block Group 2; Census Tract 4.01; Stearns County; Minnesota,1031,236,0,10,0,10,0,10,10,16,38,58,0,10,8,17,35,63,50,61,259,229,92,73,189,151,91,67,19,30,182,117,58,77
1500000US271450004013,Block Group 3; Census Tract 4.01; Stearns County; Minnesota,750,217,12,22,29,35,0,10,25,38,42,49,71,101,53,79,5,47,47,56,12,20,76,67,98,72,72,56,15,23,88,96,105,66
1500000US271450004021,Block Group 1; Census Tract 4.02; Stearns County; Minnesota,735,177,0,10,12,18,13,22,0,10,0,10,0,10,0,10,24,29,22,35,86,131,58,48,49,40,69,59,69,63,119,67,214,91
1500000US271450004022,Block Group 2; Census Tract 4.02; Stearns County; Minnesota,676,162,21,35,0,10,20,32,11,18,37,35,15,25,0,10,0,10,0,10,35,39,27,30,87,59,202,112,59,51,46,45,116,73
1500000US271450004023,Block Group 3; Census Tract 4.02; Stearns County; Minnesota,704,145,0,10,0,10,12,19,0,10,14,23,8,15,0,10,0,10,5,8,42,41,52,44,128,94,64,48,156,82,107,100,116,64
1500000US271450005011,Block Group 1; Census Tract 5.01; Stearns County; Minnesota,284,82,0,10,22,31,0,10,7,12,12,20,3,6,0,10,12,18,11,15,26,27,13,15,73,66,34,31,50,49,21,19,0,10
1500000US271450005012,Block Group 2; Census Tract 5.01; Stearns County; Minnesota,573,175,13,15,19,37,106,100,12,15,64,40,115,123,21,26,18,24,5,8,29,28,32,33,77,52,47,57,3,7,0,10,12,20
1500000US271450005013,Block Group 3; Census Tract 5.01; Stearns County; Minnesota,133,56,0,10,14,22,0,10,8,12,7,12,33,37,0,10,20,21,0,10,15,15,9,15,0,10,0,10,11,17,16,25,0,10
1500000US271450005021,Block Group 1; Census Tract 5.02; Stearns County; Minnesota,477,198,45,60,34,40,0,10,0,10,0,10,54,60,0,10,12,20,69,93,90,83,96,152,46,99,0,10,31,57,0,10,0,10
1500000US271450005022,Block Group 2; Census Tract 5.02; Stearns County; Minnesota,1067,224,11,19,11,18,0,10,13,23,43,68,0,10,117,91,9,15,13,21,108,90,112,73,249,172,40,46,149,144,89,69,103,87
1500000US271450005023,Block Group 3; Census Tract 5.02; Stearns County; Minnesota,989,198,99,79,154,117,50,41,65,86,42,42,31,38,63,51,92,69,22,27,21,34,81,62,144,98,54,52,13,23,8,17,50,49
1500000US271450006011,Block Group 1; Census Tract 6.01; Stearns County; Minnesota,433,113,0,10,49,37,92,31,19,35,52,49,7,12,74,75,10,18,16,17,21,22,6,11,42,52,25,19,20,27,0,10,0,10
1500000US271450006012,Block Group 2; Census Tract 6.01; Stearns County; Minnesota,586,164,8,13,17,20,0,10,49,38,58,67,21,25,40,36,0,10,6,12,6,10,140,89,141,143,56,54,13,18,14,22,17,19
1500000US271450006013,Block Group 3; Census Tract 6.01; Stearns County; Minnesota,389,132,20,31,0,10,0,10,8,12,7,14,0,10,29,32,6,10,0,10,42,30,37,36,140,99,35,42,32,40,0,10,33,48
1500000US271450006021,Block Group 1; Census Tract 6.02; Stearns County; Minnesota,346,126,33,24,91,62,25,26,0,10,8,11,0,10,0,10,8,13,8,13,60,98,7,13,56,59,21,25,14,15,15,25,0,10
1500000US271450006022,Block Group 2; Census Tract 6.02; Stearns County; Minnesota,547,167,11,17,8,12,68,111,8,13,59,68,15,24,61,54,19,30,31,42,26,23,76,71,84,78,13,21,33,37,0,10,35,42
1500000US271450006023,Block Group 3; Census Tract 6.02; Stearns County; Minnesota,391,147,7,11,11,14,0,10,18,20,16,19,0,10,90,129,74,65,30,29,31,28,22,20,40,29,16,25,31,41,5,11,0,10
1500000US271450007011,Block Group 1; Census Tract 7.01; Stearns County; Minnesota,381,81,0,10,8,16,7,12,24,36,17,19,0,10,0,10,30,46,39,49,40,50,17,20,27,26,8,13,103,72,7,13,54,48
1500000US271450007012,Block Group 2; Census Tract 7.01; Stearns County; Minnesota,244,65,21,31,0,10,0,10,8,13,0,10,19,23,0,10,33,31,0,10,8,12,50,39,44,41,34,20,27,21,0,10,0,10
1500000US271450007013,Block Group 3; Census Tract 7.01; Stearns County; Minnesota,239,61,31,46,10,15,19,22,6,9,29,46,8,13,20,24,0,10,9,15,9,15,28,24,23,21,9,14,6,9,23,26,9,15
1500000US271450007014,Block Group 4; Census Tract 7.01; Stearns County; Minnesota,243,75,17,20,0,10,0,10,21,25,8,14,8,13,7,12,9,14,0,10,33,26,48,58,9,14,13,16,18,22,52,40,0,10
1500000US271450008011,Block Group 1; Census Tract 8.01; Stearns County; Minnesota,375,107,12,19,18,24,6,11,27,32,75,78,9,14,48,55,21,23,9,16,35,30,19,16,18,23,27,26,17,21,34,48,0,10
1500000US271450008012,Block Group 2; Census Tract 8.01; Stearns County; Minnesota,256,77,0,10,0,10,0,10,2,3,4,6,0,10,16,18,8,15,7,11,15,24,43,36,37,34,30,32,42,36,52,49,0,10
1500000US271450008013,Block Group 3; Census Tract 8.01; Stearns County; Minnesota,309,102,13,20,0,10,0,10,8,13,0,10,35,55,0,10,24,26,0,10,42,38,5,8,59,34,70,67,10,16,20,21,23,30
1500000US271450008014,Block Group 4; Census Tract 8.01; Stearns County; Minnesota,489,118,46,34,57,48,21,24,23,27,64,87,9,14,23,31,46,65,0,10,36,36,66,54,47,49,0,10,32,31,0,10,19,23
1500000US271450009011,Block Group 1; Census Tract 9.01; Stearns County; Minnesota,524,151,15,23,0,10,0,10,20,28,0,10,3,5,0,10,15,24,9,14,81,87,34,39,144,89,18,23,78,61,62,47,45,38
1500000US271450009012,Block Group 2; Census Tract 9.01; Stearns County; Minnesota,849,219,39,49,48,72,0,10,84,79,37,59,38,54,60,87,212,105,0,10,43,47,88,84,139,129,50,69,0,10,11,18,0,10
1500000US271450009013,Block Group 3; Census Tract 9.01; Stearns County; Minnesota,798,181,66,65,206,172,10,16,13,22,18,30,30,34,52,65,0,10,0,10,18,29,178,102,62,59,29,30,37,38,49,64,30,51
1500000US271450010021,Block Group 1; Census Tract 10.02; Stearns County; Minnesota,382,93,0,10,0,10,73,54,0,10,49,62,0,10,99,55,0,10,0,10,58,67,50,46,38,34,0,10,15,26,0,10,0,10
1500000US271450010022,Block Group 2; Census Tract 10.02; Stearns County; Minnesota,915,197,0,10,0,10,0,10,17,31,51,51,9,16,24,39,21,36,33,37,140,105,67,62,254,165,114,93,68,63,81,77,36,34
1500000US271450010023,Block Group 3; Census Tract 10.02; Stearns County; Minnesota,1190,232,18,27,69,106,13,22,0,10,45,53,40,36,27,33,13,20,51,40,131,130,129,118,238,180,123,79,93,67,120,100,80,64
1500000US271450010031,Block Group 1; Census Tract 10.03; Stearns County; Minnesota,696,161,7,11,0,10,12,19,15,25,0,10,49,58,0,10,0,10,33,32,26,24,129,115,208,143,56,39,56,46,105,59,0,10
1500000US271450010032,Block Group 2; Census Tract 10.03; Stearns County; Minnesota,540,118,0,10,14,17,0,10,0,10,24,38,0,10,0,10,0,10,32,41,18,19,17,20,201,120,54,42,140,99,12,15,28,34
1500000US271450010033,Block Group 3; Census Tract 10.03; Stearns County; Minnesota,268,105,52,46,0,10,22,27,45,71,9,14,0,10,9,16,0,10,26,37,0,10,60,54,29,28,0,10,8,13,0,10,8,14
1500000US271450101011,Block Group 1; Census Tract 101.01; Stearns County; Minnesota,738,164,128,121,0,10,0,10,17,27,18,27,0,10,15,22,100,108,0,10,79,75,51,47,160,99,71,66,36,40,22,29,41,48
1500000US271450101012,Block Group 2; Census Tract 101.01; Stearns County; Minnesota,1369,187,19,32,0,10,0,10,2,4,29,32,3,5,0,10,0,10,24,28,37,36,61,51,99,55,121,90,165,89,364,123,445,170
1500000US271450101013,Block Group 3; Census Tract 101.01; Stearns County; Minnesota,685,149,8,8,0,10,0,10,3,4,0,10,0,10,9,10,4,6,17,15,17,18,45,27,126,50,166,100,65,41,164,79,61,28
1500000US271450101031,Block Group 1; Census Tract 101.03; Stearns County; Minnesota,823,154,0,10,19,22,0,10,38,41,116,101,53,56,0,10,58,54,10,16,96,87,43,35,84,58,57,39,108,91,86,96,55,42
1500000US271450101032,Block Group 2; Census Tract 101.03; Stearns County; Minnesota,837,158,11,18,10,16,9,15,22,19,47,48,0,10,0,10,32,31,0,10,154,114,140,122,118,71,134,91,64,44,65,45,31,40
1500000US271450101041,Block Group 1; Census Tract 101.04; Stearns County; Minnesota,844,227,27,47,0,10,108,134,96,121,53,59,0,10,23,38,27,42,163,135,0,10,68,64,111,87,89,89,7,21,30,48,42,40
1500000US271450101042,Block Group 2; Census Tract 101.04; Stearns County; Minnesota,829,200,50,51,138,178,0,10,31,45,44,66,8,16,0,10,55,57,3,7,40,41,90,100,124,92,80,63,38,48,39,40,89,59
1500000US271450101043,Block Group 3; Census Tract 101.04; Stearns County; Minnesota,961,205,86,131,27,43,23,37,0,10,0,10,58,66,21,33,46,54,43,67,43,69,88,75,153,124,122,148,58,64,75,79,118,95
1500000US271450102001,Block Group 1; Census Tract 102; Stearns County; Minnesota,908,88,15,13,16,16,10,10,15,18,20,13,16,17,4,5,7,7,7,8,62,42,63,38,124,47,136,41,99,40,158,44,156,52
1500000US271450102002,Block Group 2; Census Tract 102; Stearns County; Minnesota,477,79,9,10,0,10,0,10,0,10,0,10,45,44,13,12,16,12,11,11,29,34,40,24,47,32,127,66,65,28,50,31,25,25
1500000US271450102003,Block Group 3; Census Tract 102; Stearns County; Minnesota,923,180,27,20,9,12,14,15,15,25,12,10,16,20,4,7,26,22,8,14,72,39,96,69,167,70,158,143,74,28,89,30,136,85
1500000US271450104011,Block Group 1; Census Tract 104.01; Stearns County; Minnesota,986,106,30,24,21,13,30,30,33,19,31,21,23,17,11,9,7,7,36,28,42,27,70,28,145,44,118,38,106,42,104,42,179,64
1500000US271450104012,Block Group 2; Census Tract 104.01; Stearns County; Minnesota,346,54,13,12,4,7,0,10,0,10,8,8,7,8,5,7,17,12,14,12,51,36,30,21,56,27,40,20,23,16,34,20,44,24
1500000US271450104021,Block Group 1; Census Tract 104.02; Stearns County; Minnesota,1042,100,94,56,25,24,28,32,86,55,18,14,75,54,91,65,30,20,55,45,24,24,84,42,96,41,160,66,98,48,49,23,29,19
1500000US271450104022,Block Group 2; Census Tract 104.02; Stearns County; Minnesota,578,87,0,10,1,3,5,7,8,8,24,20,9,8,0,10,5,5,8,8,19,11,36,19,48,21,97,34,117,57,89,41,112,35
1500000US271450104031,Block Group 1; Census Tract 104.03; Stearns County; Minnesota,510,55,8,8,22,18,12,8,9,6,3,6,23,13,22,12,20,10,9,7,46,17,36,14,71,28,46,21,76,23,75,26,32,15
1500000US271450104032,Block Group 2; Census Tract 104.03; Stearns County; Minnesota,621,91,5,5,9,9,5,5,10,9,16,14,21,19,25,15,17,11,22,16,40,22,54,18,106,36,85,26,75,77,64,30,67,24
1500000US271450105001,Block Group 1; Census Tract 105; Stearns County; Minnesota,532,52,7,6,12,7,24,17,6,5,3,4,13,9,18,20,21,13,21,9,32,12,54,17,92,23,60,19,52,18,69,25,48,30
1500000US271450105002,Block Group 2; Census Tract 105; Stearns County; Minnesota,472,65,11,11,3,4,46,37,1,2,5,4,40,32,3,4,23,16,18,9,33,15,74,24,75,25,54,17,24,10,20,8,42,18
1500000US271450105003,Block Group 3; Census Tract 105; Stearns County; Minnesota,358,46,5,5,3,3,6,9,7,5,5,5,15,14,13,14,12,10,5,4,20,12,41,16,43,15,52,16,27,11,80,21,24,24
1500000US271450106001,Block Group 1; Census Tract 106; Stearns County; Minnesota,335,97,0,10,10,16,0,10,25,19,30,46,0,10,11,16,0,10,0,10,50,56,33,30,49,49,32,20,31,34,54,62,10,17
1500000US271450106002,Block Group 2; Census Tract 106; Stearns County; Minnesota,480,127,48,51,44,40,9,14,11,15,2,3,42,49,24,33,10,15,66,79,2,3,28,29,74,42,36,29,16,21,41,57,27,40
1500000US271450106003,Block Group 3; Census Tract 106; Stearns County; Minnesota,1002,164,28,26,2,3,43,35,19,22,28,35,76,56,10,15,30,21,10,12,149,87,102,64,211,115,97,45,81,43,24,21,92,38
1500000US271450109001,Block Group 1; Census Tract 109; Stearns County; Minnesota,343,49,17,7,25,14,18,8,9,11,13,12,12,8,9,9,42,18,17,7,27,12,31,13,35,14,40,25,16,11,23,15,9,5
1500000US271450109002,Block Group 2; Census Tract 109; Stearns County; Minnesota,434,58,6,5,6,5,12,7,5,5,6,3,13,7,22,20,20,12,15,13,35,23,70,29,74,25,62,17,25,11,26,9,37,13
1500000US271450109003,Block Group 3; Census Tract 109; Stearns County; Minnesota,239,39,8,6,2,2,4,5,4,5,1,2,8,7,1,3,3,3,25,19,14,9,29,14,24,10,46,23,20,8,32,15,18,10
1500000US271450109004,Block Group 4; Census Tract 109; Stearns County; Minnesota,382,46,22,15,35,23,22,12,22,12,15,13,11,7,16,8,10,7,16,8,20,12,32,13,46,16,38,13,36,12,16,10,25,12
1500000US271450110001,Block Group 1; Census Tract 110; Stearns County; Minnesota,309,71,7,10,25,19,17,14,7,7,4,7,8,8,3,5,3,6,3,5,33,24,17,12,88,61,27,17,12,11,32,22,23,20
1500000US271450110002,Block Group 2; Census Tract 110; Stearns County; Minnesota,514,72,27,27,6,7,7,8,22,25,3,4,6,8,0,10,28,22,13,10,29,22,44,26,77,27,58,32,47,17,78,36,69,44
1500000US271450110003,Block Group 3; Census Tract 110; Stearns County; Minnesota,864,102,9,9,31,23,22,16,40,29,57,46,29,27,75,61,42,31,3,5,55,26,96,40,146,69,110,42,87,49,29,16,33,19
1500000US271450111011,Block Group 1; Census Tract 111.01; Stearns County; Minnesota,258,40,3,4,11,11,8,8,5,7,5,5,11,13,0,10,31,18,11,9,4,5,47,29,46,19,29,19,5,5,23,13,19,15
1500000US271450111012,Block Group 2; Census Tract 111.01; Stearns County; Minnesota,470,111,2,4,3,4,6,6,9,9,2,4,0,10,16,8,8,11,16,18,18,16,50,24,55,18,108,48,32,19,49,18,96,88
1500000US271450111013,Block Group 3; Census Tract 111.01; Stearns County; Minnesota,458,54,16,12,3,4,7,7,8,11,19,10,5,7,4,5,12,9,8,7,33,20,32,11,65,23,41,21,76,24,83,23,46,16
1500000US271450111021,Block Group 1; Census Tract 111.02; Stearns County; Minnesota,734,95,17,13,22,16,18,10,43,31,34,39,43,25,9,8,26,13,17,12,45,17,83,29,63,16,121,34,103,59,73,22,17,9
1500000US271450111022,Block Group 2; Census Tract 111.02; Stearns County; Minnesota,641,72,17,8,32,18,26,15,15,9,26,16,13,10,26,29,8,7,12,6,47,16,33,19,111,30,90,24,83,26,44,21,58,19
1500000US271450112011,Block Group 1; Census Tract 112.01; Stearns County; Minnesota,346,64,8,6,2,3,16,21,2,3,12,8,12,9,6,5,9,7,10,8,16,15,28,19,54,22,28,14,51,20,22,11,70,47
1500000US271450112012,Block Group 2; Census Tract 112.01; Stearns County; Minnesota,568,80,8,7,20,12,3,6,17,18,17,12,10,8,12,9,16,13,10,9,32,18,54,23,83,27,88,39,44,21,89,45,65,27
1500000US271450112013,Block Group 3; Census Tract 112.01; Stearns County; Minnesota,312,41,20,12,11,11,17,12,2,3,13,11,10,7,9,7,20,25,11,8,19,12,37,15,37,20,33,13,34,15,21,13,18,8
1500000US271450112021,Block Group 1; Census Tract 112.02; Stearns County; Minnesota,575,70,8,10,22,27,0,10,20,10,27,20,21,17,8,7,26,14,9,8,48,22,77,35,85,30,44,18,39,19,74,40,67,22
1500000US271450112022,Block Group 2; Census Tract 112.02; Stearns County; Minnesota,632,69,13,10,42,41,7,7,4,5,8,8,12,9,9,7,11,7,13,9,22,12,38,20,101,32,93,26,96,28,96,42,67,22
1500000US271450113021,Block Group 1; Census Tract 113.02; Stearns County; Minnesota,599,130,25,29,0,10,16,14,2,5,37,40,8,9,22,30,4,8,10,12,33,31,68,46,92,70,48,38,59,44,64,36,111,47
1500000US271450113022,Block Group 2; Census Tract 113.02; Stearns County; Minnesota,1243,196,42,43,31,35,75,77,51,59,23,29,17,27,31,27,87,107,22,28,171,102,78,66,202,122,251,134,100,69,57,37,5,8
1500000US271450113023,Block Group 3; Census Tract 113.02; Stearns County; Minnesota,706,146,11,17,15,26,18,29,30,28,0,10,40,42,28,28,36,44,0,10,87,55,39,39,72,52,63,48,69,71,44,49,154,116
1500000US271450113024,Block Group 4; Census Tract 113.02; Stearns County; Minnesota,396,96,3,6,6,10,0,10,22,20,18,27,6,9,8,10,4,7,0,10,27,42,45,41,44,24,77,41,16,13,109,78,11,12
1500000US271450113051,Block Group 1; Census Tract 113.05; Stearns County; Minnesota,663,62,21,12,9,14,11,12,22,14,0,10,23,14,23,21,15,11,12,12,37,23,78,27,80,25,56,14,41,18,104,40,131,42
1500000US271450113052,Block Group 2; Census Tract 113.05; Stearns County; Minnesota,133,24,0,10,4,5,4,5,3,4,2,4,3,4,3,4,2,3,5,6,8,10,11,10,11,7,12,8,11,7,29,17,25,13
1500000US271450113061,Block Group 1; Census Tract 113.06; Stearns County; Minnesota,509,93,16,11,0,10,3,6,0,10,3,5,3,4,0,10,8,10,16,13,20,15,62,40,68,30,44,24,34,20,135,74,97,37
1500000US271450113062,Block Group 2; Census Tract 113.06; Stearns County; Minnesota,504,84,4,4,17,27,0,10,19,20,17,23,10,13,18,25,8,11,25,25,50,31,22,20,82,40,94,44,24,13,86,40,28,18
1500000US271450113071,Block Group 1; Census Tract 113.07; Stearns County; Minnesota,231,92,29,41,4,7,0,10,48,50,6,10,0,10,0,10,19,18,9,11,11,13,30,33,4,6,4,7,22,22,27,36,18,22
1500000US271450113081,Block Group 1; Census Tract 113.08; Stearns County; Minnesota,267,111,23,33,0,10,0,10,0,10,17,28,0,10,0,10,9,15,0,10,65,78,0,10,153,88,0,10,0,10,0,10,0,10
1500000US271450113082,Block Group 2; Census Tract 113.08; Stearns County; Minnesota,1009,208,46,46,14,23,26,34,20,30,7,8,27,41,43,67,58,62,130,137,72,52,64,65,233,141,24,39,80,73,61,63,104,109
1500000US271450113083,Block Group 3; Census Tract 113.08; Stearns County; Minnesota,1106,243,80,58,59,48,48,44,39,44,63,64,0,10,12,22,15,25,16,26,99,102,73,61,158,105,155,96,48,41,178,136,63,50
1500000US271450114001,Block Group 1; Census Tract 114; Stearns County; Minnesota,708,112,0,10,0,10,6,11,0,10,12,19,0,10,15,17,0,10,0,10,15,21,46,36,55,38,60,39,52,49,159,86,288,120
1500000US271450114002,Block Group 2; Census Tract 114; Stearns County; Minnesota,753,158,0,10,0,10,0,10,63,51,43,52,0,10,0,10,59,72,72,88,23,31,149,80,130,74,67,41,53,55,10,15,84,89
1500000US271450114003,Block Group 3; Census Tract 114; Stearns County; Minnesota,344,174,0,10,0,10,13,21,0,10,0,10,0,10,94,146,0,10,0,10,6,11,70,61,34,27,74,42,0,10,15,24,38,35
1500000US271450115001,Block Group 1; Census Tract 115; Stearns County; Minnesota,457,76,10,11,4,7,3,4,10,8,7,6,4,4,26,16,13,10,24,26,35,17,35,21,71,29,60,41,35,15,75,41,45,22
1500000US271450115002,Block Group 2; Census Tract 115; Stearns County; Minnesota,575,117,33,34,57,45,0,10,0,10,26,34,39,36,8,9,5,8,58,63,39,38,18,15,92,56,39,24,28,25,97,62,36,39
1500000US271450115003,Block Group 3; Census Tract 115; Stearns County; Minnesota,661,191,130,127,19,29,90,102,4,6,3,5,26,42,4,6,17,26,3,6,37,40,100,86,29,34,38,33,31,33,8,9,122,105
1500000US271450115004,Block Group 4; Census Tract 115; Stearns County; Minnesota,293,101,17,26,0,10,19,30,17,27,43,39,16,26,0,10,33,49,0,10,0,10,20,30,20,28,13,11,17,25,15,23,63,89
1500000US271450115005,Block Group 5; Census Tract 115; Stearns County; Minnesota,336,117,15,23,0,10,0,10,27,38,0,10,0,10,18,27,0,10,0,10,0,10,134,122,29,24,51,78,49,45,0,10,13,21
1500000US271450115006,Block Group 6; Census Tract 115; Stearns County; Minnesota,503,124,56,65,17,25,40,44,0,10,11,18,81,82,0,10,37,58,28,32,56,48,43,51,37,39,21,24,14,23,14,21,48,71
1500000US271450116001,Block Group 1; Census Tract 116; Stearns County; Minnesota,0,10,0,10,0,10,0,10,0,10,0,10,0,10,0,10,0,10,0,10,0,10,0,10,0,10,0,10,0,10,0,10,0,10
1500000US271450116002,Block Group 2; Census Tract 116; Stearns County; Minnesota,0,10,0,10,0,10,0,10,0,10,0,10,0,10,0,10,0,10,0,10,0,10,0,10,0,10,0,10,0,10,0,10,0,10
1500000US271450116003,Block Group 3; Census Tract 116; Stearns County; Minnesota,465,123,50,47,20,14,102,114,28,12,28,34,26,31,17,21,52,40,19,20,0,10,33,21,47,28,6,7,12,15,3,5,22,17
1500000US271479601001,Block Group 1; Census Tract 9601; Steele County; Minnesota,696,96,25,22,3,6,8,6,7,7,14,10,8,5,10,9,8,9,12,7,68,46,39,19,62,24,81,21,55,30,89,35,207,67
1500000US271479601002,Block Group 2; Census Tract 9601; Steele County; Minnesota,770,76,29,22,30,21,4,5,25,15,21,12,4,5,8,6,27,17,13,9,48,21,125,48,143,39,93,25,57,25,82,24,61,23
1500000US271479601003,Block Group 3; Census Tract 9601; Steele County; Minnesota,320,45,2,3,6,7,1,2,14,11,2,6,8,7,8,6,4,6,10,11,12,7,40,22,48,20,25,11,29,13,53,24,58,20
1500000US271479602001,Block Group 1; Census Tract 9602; Steele County; Minnesota,643,189,22,34,42,61,33,43,15,26,28,34,99,125,0,10,35,39,13,22,44,54,21,31,95,57,43,37,52,48,31,32,70,74
1500000US271479602002,Block Group 2; Census Tract 9602; Steele County; Minnesota,531,116,36,46,0,10,17,26,21,33,21,31,29,47,33,40,0,10,28,33,35,38,38,48,58,47,20,31,34,51,70,85,91,71
1500000US271479602003,Block Group 3; Census Tract 9602; Steele County; Minnesota,689,133,2,4,0,10,20,23,2,4,3,6,0,10,14,24,17,27,8,14,30,45,68,63,86,59,48,46,110,69,140,96,141,82
1500000US271479602004,Block Group 4; Census Tract 9602; Steele County; Minnesota,617,149,16,23,6,13,17,26,0,10,48,55,18,28,0,10,0,10,9,16,2,3,24,25,42,47,119,96,32,37,239,128,45,45
1500000US271479603001,Block Group 1; Census Tract 9603; Steele County; Minnesota,535,123,0,10,45,64,15,25,19,31,16,24,11,19,0,10,79,67,13,23,17,27,60,48,69,56,73,61,69,64,31,35,18,29
1500000US271479603002,Block Group 2; Census Tract 9603; Steele County; Minnesota,530,130,0,10,0,10,0,10,15,24,44,47,0,10,116,112,61,49,54,50,16,27,44,43,138,86,28,25,0,10,0,10,14,23
1500000US271479603003,Block Group 3; Census Tract 9603; Steele County; Minnesota,370,141,41,47,12,21,0,10,17,26,12,21,92,110,15,25,14,22,0,10,101,90,0,10,38,36,15,26,13,21,0,10,0,10
1500000US271479603004,Block Group 4; Census Tract 9603; Steele County; Minnesota,283,91,0,10,0,10,1,3,12,20,0,10,1,2,0,10,0,10,0,10,20,31,0,10,54,37,94,62,71,52,0,10,30,35
1500000US271479603005,Block Group 5; Census Tract 9603; Steele County; Minnesota,848,195,2,4,0,10,0,10,0,10,9,14,0,10,32,37,48,71,0,10,16,25,20,31,87,64,250,144,155,111,185,114,44,45
1500000US271479604001,Block Group 1; Census Tract 9604; Steele County; Minnesota,655,180,0,10,86,71,10,16,17,28,22,36,0,10,162,111,104,104,18,30,101,93,17,22,72,57,31,41,15,23,0,10,0,10
1500000US271479604002,Block Group 2; Census Tract 9604; Steele County; Minnesota,597,146,107,93,30,43,0,10,0,10,33,36,48,69,0,10,34,58,0,10,71,59,58,63,168,92,15,22,21,30,12,20,0,10
1500000US271479604003,Block Group 3; Census Tract 9604; Steele County; Minnesota,765,144,0,10,62,59,0,10,12,19,44,52,60,81,73,59,18,30,0,10,42,41,65,50,136,76,89,65,80,71,28,30,56,66
1500000US271479605001,Block Group 1; Census Tract 9605; Steele County; Minnesota,279,36,3,4,4,3,2,3,1,4,4,4,4,4,5,5,15,7,12,7,10,7,13,9,78,29,23,12,33,13,47,14,25,14
1500000US271479605002,Block Group 2; Census Tract 9605; Steele County; Minnesota,711,57,11,7,15,8,16,13,4,4,14,10,21,25,22,17,19,10,17,8,47,15,50,24,86,18,127,36,70,22,117,29,75,25
1500000US271479606001,Block Group 1; Census Tract 9606; Steele County; Minnesota,879,126,52,40,77,56,38,37,137,78,52,43,24,27,31,32,19,23,13,21,71,72,100,55,87,57,34,31,35,35,73,62,36,35
1500000US271479606002,Block Group 2; Census Tract 9606; Steele County; Minnesota,328,113,21,35,0,10,26,36,0,10,30,28,9,14,46,48,0,10,8,13,25,36,15,18,7,11,34,27,14,17,22,25,71,73
1500000US271479606003,Block Group 3; Census Tract 9606; Steele County; Minnesota,471,117,0,10,7,12,13,21,0,10,15,19,16,25,23,38,69,43,31,37,11,19,48,37,59,34,91,74,33,32,55,46,0,10
1500000US271479607001,Block Group 1; Census Tract 9607; Steele County; Minnesota,544,111,19,30,0,10,0,10,36,44,0,10,0,10,0,10,0,10,0,10,10,15,64,48,60,48,158,107,157,88,40,45,0,10
1500000US271479607002,Block Group 2; Census Tract 9607; Steele County; Minnesota,407,163,0,10,22,34,0,10,25,41,29,47,0,10,0,10,15,26,0,10,11,19,18,31,119,135,69,49,62,61,37,45,0,10
1500000US271479607003,Block Group 3; Census Tract 9607; Steele County; Minnesota,579,122,18,29,0,10,31,36,20,32,32,38,12,21,0,10,86,78,0,10,0,10,35,42,91,59,12,20,113,96,117,92,12,22
1500000US271479607004,Block Group 4; Census Tract 9607; Steele County; Minnesota,590,129,0,10,0,10,0,10,0,10,36,41,23,36,20,33,46,50,0,10,39,39,55,55,14,20,116,90,115,81,80,73,46,50
1500000US271479608001,Block Group 1; Census Tract 9608; Steele County; Minnesota,407,97,3,5,8,7,36,39,0,10,3,6,11,12,50,36,20,12,19,17,14,23,123,75,33,21,17,11,20,17,17,12,33,29
1500000US271479608002,Block Group 2; Census Tract 9608; Steele County; Minnesota,265,33,5,6,10,10,5,6,2,3,3,3,1,2,3,4,7,9,4,6,19,13,27,15,29,14,47,15,28,14,45,15,30,11
1500000US271479608003,Block Group 3; Census Tract 9608; Steele County; Minnesota,425,65,8,7,11,10,2,3,0,10,15,10,22,24,13,10,14,9,12,8,26,31,48,21,60,26,80,36,39,17,55,27,20,14
1500000US271479608004,Block Group 4; Census Tract 9608; Steele County; Minnesota,404,79,12,11,49,30,24,26,24,30,5,7,15,13,6,7,12,9,4,6,55,39,38,26,35,18,38,23,21,16,40,27,26,16
1500000US271494801001,Block Group 1; Census Tract 4801; Stevens County; Minnesota,276,43,3,2,1,2,2,2,4,4,5,4,5,7,4,4,13,10,11,9,8,8,40,19,30,15,39,14,36,23,36,13,39,13
1500000US271494801002,Block Group 2; Census Tract 4801; Stevens County; Minnesota,280,47,26,28,2,3,6,6,5,4,15,14,6,6,3,3,22,15,20,15,9,6,38,18,46,20,46,16,13,8,17,7,6,4
1500000US271494801003,Block Group 3; Census Tract 4801; Stevens County; Minnesota,205,36,2,2,2,2,4,6,3,3,3,3,15,12,0,10,3,3,1,2,5,5,11,7,30,11,44,18,20,12,15,7,47,22
1500000US271494801004,Block Group 4; Census Tract 4801; Stevens County; Minnesota,273,46,37,34,2,4,3,3,10,7,13,7,18,16,15,9,12,9,18,14,16,8,9,5,31,10,28,11,19,11,27,13,15,8
1500000US271494802001,Block Group 1; Census Tract 4802; Stevens County; Minnesota,449,94,30,24,24,32,2,3,28,37,9,13,24,26,27,26,1,3,1,4,19,18,46,42,63,45,48,47,38,25,34,21,55,32
1500000US271494802002,Block Group 2; Census Tract 4802; Stevens County; Minnesota,564,100,72,56,53,44,0,10,14,16,46,36,0,10,21,20,0,10,0,10,37,28,74,48,66,42,50,32,19,18,51,30,61,54
1500000US271494802003,Block Group 3; Census Tract 4802; Stevens County; Minnesota,428,102,0,10,0,10,29,34,7,10,0,10,47,57,66,57,23,27,6,12,45,33,44,37,67,40,9,14,51,38,0,10,34,34
1500000US271494803001,Block Group 1; Census Tract 4803; Stevens County; Minnesota,313,51,4,6,5,7,9,10,0,10,0,10,0,10,7,8,3,3,15,14,21,11,45,36,42,18,39,18,31,17,33,20,59,23
1500000US271494803002,Block Group 2; Census Tract 4803; Stevens County; Minnesota,430,84,0,10,65,30,22,29,26,27,47,45,12,17,0,10,14,18,32,24,0,10,24,19,56,36,28,20,30,33,51,41,23,32
1500000US271494803003,Block Group 3; Census Tract 4803; Stevens County; Minnesota,296,83,2,3,0,10,0,10,30,38,53,57,0,10,21,27,17,23,11,13,9,14,10,11,71,49,29,24,0,10,1,5,42,40
1500000US271494803004,Block Group 4; Census Tract 4803; Stevens County; Minnesota,375,65,12,10,0,10,18,18,8,7,6,6,9,10,4,6,7,7,30,21,41,24,52,22,59,23,60,37,34,22,19,11,16,11
1500000US271519601001,Block Group 1; Census Tract 9601; Swift County; Minnesota,241,33,6,4,2,2,11,10,5,4,5,4,4,3,12,11,5,6,10,6,16,11,15,7,53,19,48,19,17,10,16,6,16,11
1500000US271519601002,Block Group 2; Census Tract 9601; Swift County; Minnesota,430,69,16,10,3,3,67,39,1,2,4,4,25,14,14,7,13,7,32,32,40,19,34,21,53,25,39,14,23,8,36,15,30,13
1500000US271519601003,Block Group 3; Census Tract 9601; Swift County; Minnesota,352,63,11,7,5,4,57,48,11,14,4,5,1,2,16,8,4,4,18,11,28,12,22,10,56,26,35,16,25,14,42,30,17,11
1500000US271519602001,Block Group 1; Census Tract 9602; Swift County; Minnesota,440,96,18,19,23,27,33,28,30,33,52,58,11,17,67,66,57,41,8,15,47,41,0,10,9,12,22,24,45,34,13,22,5,9
1500000US271519602002,Block Group 2; Census Tract 9602; Swift County; Minnesota,271,74,2,3,11,18,23,19,0,10,0,10,11,17,11,19,11,20,7,13,11,17,16,20,18,17,50,38,39,37,36,33,25,21
1500000US271519602003,Block Group 3; Census Tract 9602; Swift County; Minnesota,513,101,41,32,58,38,8,14,5,11,0,10,84,56,0,10,81,60,0,10,77,76,46,41,36,34,11,17,14,17,35,41,17,19
1500000US271519602004,Block Group 4; Census Tract 9602; Swift County; Minnesota,317,73,6,11,0,10,0,10,8,11,8,13,0,10,0,10,0,10,68,52,74,58,29,36,31,28,16,18,35,44,26,29,16,19
1500000US271519603001,Block Group 1; Census Tract 9603; Swift County; Minnesota,422,42,5,3,5,4,2,3,9,5,12,12,10,8,12,5,11,8,16,11,36,16,30,10,62,17,50,20,43,13,60,17,59,20
1500000US271519603002,Block Group 2; Census Tract 9603; Swift County; Minnesota,190,24,6,5,4,4,1,3,4,5,8,6,4,4,5,7,3,3,2,3,18,12,19,8,41,16,20,7,29,12,18,7,8,7
1500000US271519604001,Block Group 1; Census Tract 9604; Swift County; Minnesota,322,50,11,9,44,31,28,24,15,14,25,19,5,7,22,13,7,7,5,5,15,14,31,11,41,14,13,14,14,12,26,14,20,11
1500000US271519604002,Block Group 2; Census Tract 9604; Swift County; Minnesota,335,55,8,6,13,11,21,14,19,14,9,10,6,7,28,30,13,10,14,11,29,15,43,17,45,21,24,15,23,14,13,9,27,22
1500000US271519604003,Block Group 3; Census Tract 9604; Swift County; Minnesota,288,51,17,19,23,13,7,6,4,5,28,22,9,9,7,6,13,10,18,16,13,9,41,29,52,27,20,12,27,17,3,4,6,7
1500000US271537901001,Block Group 1; Census Tract 7901; Todd County; Minnesota,453,71,17,21,10,12,71,50,6,7,32,18,11,9,1,2,15,12,18,15,34,15,31,18,44,18,57,23,22,12,52,23,32,26
1500000US271537901002,Block Group 2; Census Tract 7901; Todd County; Minnesota,500,108,18,16,2,3,21,21,27,20,25,24,0,10,21,34,58,51,0,10,33,26,47,29,166,79,32,21,15,15,23,20,12,15
1500000US271537901003,Block Group 3; Census Tract 7901; Todd County; Minnesota,453,81,17,16,23,22,65,46,81,55,21,21,0,10,12,19,3,5,49,30,44,31,27,22,49,38,30,20,0,10,20,23,12,16
1500000US271537902001,Block Group 1; Census Tract 7902; Todd County; Minnesota,359,51,4,4,5,4,25,24,23,14,11,7,11,7,8,5,26,14,11,9,35,14,35,20,66,24,28,12,13,7,24,10,34,20
1500000US271537902002,Block Group 2; Census Tract 7902; Todd County; Minnesota,347,44,22,10,20,13,20,13,2,3,12,14,8,8,15,12,23,17,8,6,43,23,61,26,57,20,38,18,11,6,5,4,2,3
1500000US271537902003,Block Group 3; Census Tract 7902; Todd County; Minnesota,267,39,4,4,4,6,14,12,6,4,12,12,11,10,14,8,8,7,11,8,23,10,26,11,64,27,26,15,18,8,20,13,6,5
1500000US271537903001,Block Group 1; Census Tract 7903; Todd County; Minnesota,440,53,30,12,14,10,29,17,13,6,22,15,24,16,19,14,37,25,33,19,23,13,57,28,65,24,42,20,18,15,6,4,8,6
1500000US271537903002,Block Group 2; Census Tract 7903; Todd County; Minnesota,388,58,9,12,9,6,39,16,15,8,27,22,21,15,10,7,8,10,34,33,53,24,17,9,60,21,35,16,24,16,19,15,8,5
1500000US271537903003,Block Group 3; Census Tract 7903; Todd County; Minnesota,353,50,7,6,13,10,22,11,14,10,13,11,3,3,29,28,14,10,8,6,28,17,10,9,61,21,45,14,34,15,22,12,30,23
1500000US271537904001,Block Group 1; Census Tract 7904; Todd County; Minnesota,280,43,10,7,5,5,3,5,10,6,3,3,16,11,14,10,27,20,16,9,26,17,31,16,32,14,30,17,15,8,33,15,9,8
1500000US271537904002,Block Group 2; Census Tract 7904; Todd County; Minnesota,518,96,15,7,14,7,78,51,15,7,10,6,24,17,36,38,15,12,46,29,33,19,79,50,74,31,32,16,19,9,15,8,13,7
1500000US271537904003,Block Group 3; Census Tract 7904; Todd County; Minnesota,284,46,2,3,10,7,4,3,3,6,7,4,9,5,17,10,22,12,2,4,36,22,21,14,47,24,50,22,19,14,20,12,15,11
1500000US271537904004,Block Group 4; Census Tract 7904; Todd County; Minnesota,442,62,8,5,38,24,14,8,16,8,10,10,13,8,13,11,20,13,32,15,61,29,29,15,58,21,30,10,42,19,24,15,34,18
1500000US271537905001,Block Group 1; Census Tract 7905; Todd County; Minnesota,303,47,0,10,9,6,4,4,0,10,14,13,2,4,9,10,13,8,30,26,43,21,27,13,41,20,44,22,24,10,22,16,21,13
1500000US271537905002,Block Group 2; Census Tract 7905; Todd County; Minnesota,396,47,4,5,4,4,21,16,21,11,7,6,17,8,21,20,19,15,12,7,14,12,34,14,69,29,46,20,17,10,47,22,43,18
1500000US271537905003,Block Group 3; Census Tract 7905; Todd County; Minnesota,345,41,14,12,0,10,0,10,9,8,5,6,25,17,18,9,16,13,15,8,17,11,54,26,47,18,65,22,11,8,32,16,17,9
1500000US271537906001,Block Group 1; Census Tract 7906; Todd County; Minnesota,396,91,2,5,0,10,11,16,19,20,0,10,2,4,5,6,40,42,41,53,57,61,54,33,112,50,17,15,2,4,27,27,7,7
1500000US271537906002,Block Group 2; Census Tract 7906; Todd County; Minnesota,770,150,38,46,29,31,10,15,67,45,14,22,44,42,68,66,43,47,13,17,68,59,35,27,223,107,51,51,45,45,20,22,2,3
1500000US271537906003,Block Group 3; Census Tract 7906; Todd County; Minnesota,492,111,0,10,0,10,13,19,0,10,3,4,14,15,24,26,62,90,18,19,96,73,61,51,113,67,43,36,45,31,0,10,0,10
1500000US271537907001,Block Group 1; Census Tract 7907; Todd County; Minnesota,426,58,9,12,20,21,2,3,3,4,17,15,7,5,24,23,11,12,22,24,34,19,56,26,83,26,63,25,25,12,22,11,28,19
1500000US271537907002,Block Group 2; Census Tract 7907; Todd County; Minnesota,300,40,0,10,9,8,10,9,17,18,8,6,25,17,4,4,3,4,12,8,13,10,33,17,47,16,38,14,27,11,24,11,30,18
1500000US271537907003,Block Group 3; Census Tract 7907; Todd County; Minnesota,428,60,7,8,13,10,35,38,12,7,34,23,2,4,9,6,6,6,12,12,23,15,27,16,70,21,62,32,35,14,39,16,42,15
1500000US271537907004,Block Group 4; Census Tract 7907; Todd County; Minnesota,444,53,37,25,16,14,15,14,11,10,30,18,12,7,36,21,15,6,13,6,48,22,29,17,34,11,32,11,24,14,34,15,58,22
1500000US271537908001,Block Group 1; Census Tract 7908; Todd County; Minnesota,407,43,4,4,7,6,9,9,3,4,10,8,5,4,7,10,23,12,18,12,31,13,40,16,74,30,54,19,40,21,28,12,54,17
1500000US271537908002,Block Group 2; Census Tract 7908; Todd County; Minnesota,418,59,14,13,29,14,14,11,16,14,10,7,4,5,15,13,5,4,11,8,20,12,57,30,63,23,66,30,20,12,38,20,36,16
1500000US271554601001,Block Group 1; Census Tract 4601; Traverse County; Minnesota,220,49,7,8,2,5,24,23,3,4,14,13,2,3,7,11,6,7,3,5,7,6,18,12,28,10,35,16,6,7,27,13,31,26
1500000US271554601002,Block Group 2; Census Tract 4601; Traverse County; Minnesota,304,52,27,17,4,5,20,12,9,8,27,20,3,4,25,19,9,7,0,10,37,18,20,14,48,24,42,17,10,8,14,9,9,7
1500000US271554601003,Block Group 3; Census Tract 4601; Traverse County; Minnesota,353,55,15,11,39,32,61,43,39,26,12,9,15,12,3,4,13,11,18,11,26,17,27,14,32,18,9,8,17,11,21,11,6,5
1500000US271554602001,Block Group 1; Census Tract 4602; Traverse County; Minnesota,271,36,4,4,0,10,2,3,6,5,2,3,6,5,0,10,11,13,17,14,12,7,31,15,50,18,34,15,27,15,25,11,44,20
1500000US271554602002,Block Group 2; Census Tract 4602; Traverse County; Minnesota,163,42,2,3,17,15,3,3,15,15,13,17,6,6,0,10,0,10,25,14,21,17,26,28,6,8,2,4,4,5,9,6,14,16
1500000US271574901001,Block Group 1; Census Tract 4901; Wabasha County; Minnesota,582,86,11,17,35,37,20,22,12,14,10,12,14,17,4,7,13,14,0,10,98,55,90,57,75,41,61,40,50,28,29,37,60,42
1500000US271574901002,Block Group 2; Census Tract 4901; Wabasha County; Minnesota,454,107,31,40,38,26,11,11,16,16,48,41,0,10,11,12,11,12,14,17,62,53,22,19,46,24,69,63,31,30,19,17,25,17
1500000US271574901003,Block Group 3; Census Tract 4901; Wabasha County; Minnesota,270,57,4,7,11,10,20,25,7,9,0,10,19,17,4,7,24,24,6,9,47,47,15,14,6,9,44,31,0,10,32,28,31,28
1500000US271574902001,Block Group 1; Census Tract 4902; Wabasha County; Minnesota,224,40,17,15,6,6,3,5,15,12,16,16,6,5,8,7,4,4,4,3,14,7,32,18,19,9,21,9,32,18,16,9,11,8
1500000US271574902002,Block Group 2; Census Tract 4902; Wabasha County; Minnesota,811,68,29,18,36,21,24,22,4,5,13,11,19,11,25,15,16,8,62,28,69,26,76,25,109,27,121,29,65,25,85,31,58,19
1500000US271574902003,Block Group 3; Census Tract 4902; Wabasha County; Minnesota,375,40,8,7,5,4,12,12,5,4,12,9,8,6,13,9,8,5,8,6,21,10,24,10,69,19,52,18,39,16,40,18,51,16
1500000US271574903001,Block Group 1; Census Tract 4903; Wabasha County; Minnesota,352,75,19,29,9,14,0,10,0,10,14,24,8,12,20,24,10,17,9,14,50,29,54,35,78,45,0,10,7,11,50,36,24,26
1500000US271574903002,Block Group 2; Census Tract 4903; Wabasha County; Minnesota,576,100,20,23,7,10,37,37,45,42,12,21,16,20,22,22,16,18,49,47,34,26,75,72,97,76,26,23,53,43,21,25,46,33
1500000US271574903003,Block Group 3; Census Tract 4903; Wabasha County; Minnesota,452,89,7,14,64,58,1,4,0,10,6,10,25,28,9,14,31,38,45,37,50,45,20,22,68,36,21,20,28,27,49,34,28,28
1500000US271574903004,Block Group 4; Census Tract 4903; Wabasha County; Minnesota,513,110,11,16,0,10,0,10,7,11,17,19,26,23,15,17,61,57,8,12,33,23,25,22,32,22,139,60,20,23,79,52,40,42
1500000US271574904001,Block Group 1; Census Tract 4904; Wabasha County; Minnesota,491,58,24,14,3,3,6,5,13,9,38,29,8,6,6,6,4,4,18,18,25,17,57,18,72,30,80,25,56,21,33,13,48,22
1500000US271574904002,Block Group 2; Census Tract 4904; Wabasha County; Minnesota,563,54,7,5,12,10,0,10,15,13,7,5,12,9,10,8,15,7,22,10,44,18,52,15,73,26,64,23,70,27,61,22,99,21
1500000US271574904003,Block Group 3; Census Tract 4904; Wabasha County; Minnesota,463,56,11,11,24,19,9,11,5,4,31,22,4,6,2,2,6,6,41,26,34,15,21,9,80,43,61,21,39,15,62,18,33,16
1500000US271574904004,Block Group 4; Census Tract 4904; Wabasha County; Minnesota,374,45,23,18,10,9,16,8,25,13,13,9,2,2,4,6,5,4,8,7,30,13,33,11,61,25,50,19,32,13,36,13,26,10
1500000US271574905001,Block Group 1; Census Tract 4905; Wabasha County; Minnesota,317,37,6,6,11,10,13,9,5,4,11,8,8,9,15,15,7,6,4,5,24,12,43,20,40,11,39,15,20,11,36,16,35,18
1500000US271574905002,Block Group 2; Census Tract 4905; Wabasha County; Minnesota,368,45,23,18,8,8,2,3,14,14,6,6,18,12,13,10,9,6,9,11,33,15,35,18,53,16,34,14,26,13,33,18,52,17
1500000US271574905003,Block Group 3; Census Tract 4905; Wabasha County; Minnesota,614,76,20,15,3,3,8,8,10,7,20,19,14,9,6,5,0,10,16,11,37,17,79,26,93,32,65,19,87,26,97,34,59,23
1500000US271574906001,Block Group 1; Census Tract 4906; Wabasha County; Minnesota,564,99,4,8,0,10,0,10,0,10,12,17,6,10,65,58,5,8,7,12,42,32,50,37,115,49,67,49,49,23,87,44,55,50
1500000US271574906002,Block Group 2; Census Tract 4906; Wabasha County; Minnesota,793,112,31,31,82,73,26,30,26,39,0,10,51,42,8,12,12,18,3,5,100,58,71,45,65,40,105,65,25,25,118,47,70,44
1500000US271594801001,Block Group 1; Census Tract 4801; Wadena County; Minnesota,313,48,17,10,3,4,6,6,15,12,5,6,10,8,22,14,10,9,11,7,26,15,39,14,39,23,39,17,20,12,13,6,38,25
1500000US271594801002,Block Group 2; Census Tract 4801; Wadena County; Minnesota,427,67,15,8,14,8,19,14,19,9,4,4,9,6,10,7,32,18,37,31,41,24,29,19,56,25,53,17,43,35,16,10,30,14
1500000US271594801003,Block Group 3; Census Tract 4801; Wadena County; Minnesota,621,76,45,18,24,12,24,13,11,8,30,17,8,6,44,40,31,20,40,27,60,21,78,39,79,27,56,20,64,37,27,12,0,10
1500000US271594802001,Block Group 1; Census Tract 4802; Wadena County; Minnesota,352,54,16,10,5,6,10,8,11,8,6,5,10,11,39,32,7,7,9,7,28,12,41,17,33,15,56,18,29,11,36,23,16,11
1500000US271594802002,Block Group 2; Census Tract 4802; Wadena County; Minnesota,270,43,4,4,7,6,9,6,10,9,11,9,10,7,3,3,12,8,5,6,43,22,44,19,31,12,28,12,19,11,21,23,13,9
1500000US271594802003,Block Group 3; Census Tract 4802; Wadena County; Minnesota,328,61,37,35,36,25,18,15,2,3,9,14,10,16,16,16,3,4,20,19,28,21,8,6,27,18,37,20,37,21,19,18,21,18
1500000US271594802004,Block Group 4; Census Tract 4802; Wadena County; Minnesota,462,76,15,16,13,8,16,16,29,20,12,10,30,25,26,11,7,8,29,15,24,12,22,18,113,65,67,37,27,15,20,10,12,8
1500000US271594802005,Block Group 5; Census Tract 4802; Wadena County; Minnesota,409,67,43,24,25,22,31,19,16,10,10,6,27,20,44,28,34,16,0,10,23,11,52,24,47,24,20,15,18,9,14,7,5,5
1500000US271594802006,Block Group 6; Census Tract 4802; Wadena County; Minnesota,491,61,24,17,15,11,6,5,19,16,20,15,9,8,8,6,14,11,29,23,40,25,53,30,72,30,32,15,77,46,54,28,19,12
1500000US271594803001,Block Group 1; Census Tract 4803; Wadena County; Minnesota,399,116,47,62,0,10,36,38,4,5,21,28,3,5,39,54,2,4,2,3,64,61,3,4,71,50,33,36,2,3,67,84,5,6
1500000US271594803002,Block Group 2; Census Tract 4803; Wadena County; Minnesota,506,150,0,10,60,52,19,28,58,76,58,52,25,38,0,10,0,10,32,50,24,36,0,10,64,76,105,83,0,10,28,45,33,35
1500000US271594803003,Block Group 3; Census Tract 4803; Wadena County; Minnesota,241,64,12,12,2,4,3,4,4,5,12,18,12,12,4,5,16,14,10,8,28,22,29,32,45,24,19,16,26,22,14,12,5,6
1500000US271594803004,Block Group 4; Census Tract 4803; Wadena County; Minnesota,412,121,9,15,34,46,24,21,35,41,24,36,65,54,17,23,42,48,0,10,53,54,13,20,2,4,67,84,0,10,27,38,0,10
1500000US271594803005,Block Group 5; Census Tract 4803; Wadena County; Minnesota,505,158,14,22,0,10,18,29,0,10,16,24,13,21,38,46,0,10,18,29,36,41,186,111,70,67,96,79,0,10,0,10,0,10
1500000US271594803006,Block Group 6; Census Tract 4803; Wadena County; Minnesota,345,118,0,10,37,43,73,75,0,10,3,5,25,35,34,37,0,10,2,4,42,55,21,21,16,14,34,34,42,50,12,12,4,7
1500000US271617901001,Block Group 1; Census Tract 7901; Waseca County; Minnesota,505,68,8,7,6,8,23,30,14,12,11,9,3,4,17,13,12,8,18,13,17,10,49,20,73,26,81,29,39,15,64,16,70,30
1500000US271617901002,Block Group 2; Census Tract 7901; Waseca County; Minnesota,870,98,4,6,6,9,65,79,9,7,29,22,6,8,40,31,23,16,12,12,87,52,146,52,159,61,95,39,95,44,51,28,43,24
1500000US271617902001,Block Group 1; Census Tract 7902; Waseca County; Minnesota,314,39,2,3,8,5,4,4,10,8,13,11,7,6,13,9,8,7,14,9,12,8,23,10,54,19,42,22,53,24,37,16,14,8
1500000US271617902002,Block Group 2; Census Tract 7902; Waseca County; Minnesota,273,72,9,7,1,3,12,10,15,11,5,4,7,5,10,6,7,13,9,6,16,9,19,10,30,13,18,9,21,13,84,68,10,6
1500000US271617902003,Block Group 3; Census Tract 7902; Waseca County; Minnesota,469,59,13,12,6,7,26,14,9,7,29,16,11,8,14,14,10,7,62,35,26,16,52,32,77,20,35,12,57,25,32,14,10,10
1500000US271617903001,Block Group 1; Census Tract 7903; Waseca County; Minnesota,223,34,7,5,1,3,1,3,4,3,0,10,4,3,5,6,10,8,9,7,14,8,17,9,32,13,36,13,17,11,43,21,23,14
1500000US271617903002,Block Group 2; Census Tract 7903; Waseca County; Minnesota,232,38,13,9,2,3,0,10,17,10,6,5,16,9,1,2,6,5,7,7,11,6,21,16,24,11,16,7,19,9,52,21,21,16
1500000US271617903003,Block Group 3; Census Tract 7903; Waseca County; Minnesota,323,52,0,10,3,4,2,3,29,19,28,23,13,10,2,5,0,10,5,5,36,27,20,10,38,18,46,17,29,16,47,20,25,14
1500000US271617903004,Block Group 4; Census Tract 7903; Waseca County; Minnesota,510,93,0,10,71,46,9,9,17,12,48,56,19,21,9,10,20,18,9,7,16,11,37,26,64,19,73,26,13,8,69,40,36,14
1500000US271617904001,Block Group 1; Census Tract 7904; Waseca County; Minnesota,531,126,36,42,0,10,46,55,0,10,0,10,54,53,31,43,36,59,15,25,94,96,0,10,80,63,68,68,43,46,28,37,0,10
1500000US271617904002,Block Group 2; Census Tract 7904; Waseca County; Minnesota,357,116,0,10,0,10,56,73,0,10,0,10,0,10,0,10,48,60,14,24,47,52,0,10,33,41,30,28,29,29,74,68,26,31
1500000US271617904003,Block Group 3; Census Tract 7904; Waseca County; Minnesota,703,139,40,59,57,44,72,58,75,84,0,10,0,10,18,28,32,36,31,45,44,41,53,47,38,37,121,97,52,59,46,44,24,27
1500000US271617904004,Block Group 4; Census Tract 7904; Waseca County; Minnesota,730,163,0,10,59,75,18,29,0,10,49,62,42,49,5,8,21,32,17,30,74,59,87,74,191,104,56,49,0,10,111,84,0,10
1500000US271617905001,Block Group 1; Census Tract 7905; Waseca County; Minnesota,887,120,15,20,0,10,0,10,22,24,45,32,0,10,14,20,48,40,135,79,51,44,28,32,168,64,112,65,43,34,141,65,65,47
1500000US271617905002,Block Group 2; Census Tract 7905; Waseca County; Minnesota,550,112,88,68,17,25,0,10,49,41,23,26,9,14,54,44,51,49,26,38,8,15,75,61,57,37,29,33,43,40,21,24,0,10
1500000US271630701031,Block Group 1; Census Tract 701.03; Washington County; Minnesota,528,170,0,10,16,27,0,10,0,10,0,10,34,37,24,31,64,74,18,29,30,34,94,64,76,56,74,75,13,22,69,75,16,25
1500000US271630701032,Block Group 2; Census Tract 701.03; Washington County; Minnesota,368,194,0,10,50,77,41,43,19,34,0,10,18,30,0,10,125,153,0,10,0,10,14,23,48,47,17,27,36,41,0,10,0,10
1500000US271630701033,Block Group 3; Census Tract 701.03; Washington County; Minnesota,1216,231,30,36,0,10,0,10,27,33,64,61,199,164,0,10,26,38,24,37,70,63,232,142,248,140,130,116,53,45,102,115,11,19
1500000US271630701034,Block Group 4; Census Tract 701.03; Washington County; Minnesota,581,190,22,34,7,13,0,10,0,10,0,10,27,41,0,10,0,10,14,23,0,10,97,85,193,168,58,44,70,72,48,48,45,41
1500000US271630701041,Block Group 1; Census Tract 701.04; Washington County; Minnesota,514,135,7,11,0,10,7,11,0,10,16,17,0,10,6,11,23,20,22,21,18,19,103,100,62,50,53,39,70,65,34,31,93,55
1500000US271630701042,Block Group 2; Census Tract 701.04; Washington County; Minnesota,237,88,0,10,0,10,0,10,0,10,0,10,0,10,0,10,0,10,0,10,29,43,5,8,98,72,58,34,3,6,6,10,38,42
1500000US271630701043,Block Group 3; Census Tract 701.04; Washington County; Minnesota,534,192,35,35,45,33,9,15,37,40,0,10,93,140,54,41,38,55,8,12,97,107,28,34,68,56,10,15,6,11,6,13,0,10
1500000US271630701051,Block Group 1; Census Tract 701.05; Washington County; Minnesota,717,240,31,32,18,20,6,9,6,10,0,10,5,9,0,10,4,7,0,10,0,10,58,41,55,36,66,52,37,26,129,53,302,258
1500000US271630701052,Block Group 2; Census Tract 701.05; Washington County; Minnesota,714,157,0,10,11,17,12,19,21,25,0,10,11,16,9,14,0,10,0,10,10,15,24,18,98,48,130,69,32,31,139,118,217,106
1500000US271630701053,Block Group 3; Census Tract 701.05; Washington County; Minnesota,227,48,0,10,0,10,0,10,0,10,0,10,0,10,0,10,16,19,0,10,17,14,24,22,19,23,59,47,23,25,41,36,28,23
1500000US271630701071,Block Group 1; Census Tract 701.07; Washington County; Minnesota,642,146,25,29,10,15,0,10,0,10,0,10,44,36,0,10,73,109,12,17,10,15,36,37,72,42,104,76,79,54,85,49,92,44
1500000US271630701072,Block Group 2; Census Tract 701.07; Washington County; Minnesota,413,99,13,21,0,10,0,10,9,15,38,50,11,17,26,30,13,20,24,29,9,15,9,14,41,37,81,56,10,15,23,28,106,44
1500000US271630701073,Block Group 3; Census Tract 701.07; Washington County; Minnesota,288,86,19,22,0,10,0,10,0,10,0,10,29,34,24,30,0,10,0,10,10,15,14,21,66,56,8,13,36,47,62,40,20,23
1500000US271630701081,Block Group 1; Census Tract 701.08; Washington County; Minnesota,440,173,0,10,0,10,9,14,0,10,0,10,0,10,0,10,0,10,32,38,8,13,53,46,74,62,50,37,37,35,151,172,26,25
1500000US271630701082,Block Group 2; Census Tract 701.08; Washington County; Minnesota,615,87,0,10,8,12,0,10,0,10,0,10,8,14,0,10,0,10,37,55,0,10,85,48,77,51,106,58,49,37,103,57,142,59
1500000US271630701083,Block Group 3; Census Tract 701.08; Washington County; Minnesota,252,82,0,10,0,10,0,10,0,10,0,10,0,10,0,10,7,11,0,10,48,56,0,10,50,49,57,47,27,26,15,17,48,64
1500000US271630702041,Block Group 1; Census Tract 702.04; Washington County; Minnesota,435,118,0,10,0,10,0,10,0,10,0,10,15,24,41,32,0,10,0,10,15,24,17,27,0,10,117,109,54,42,46,42,130,70
1500000US271630702042,Block Group 2; Census Tract 702.04; Washington County; Minnesota,971,187,33,38,0,10,0,10,0,10,10,16,31,37,0,10,80,87,16,25,14,22,62,51,131,70,83,53,118,92,103,69,290,134
1500000US271630702043,Block Group 3; Census Tract 702.04; Washington County; Minnesota,407,104,0,10,17,26,0,10,0,10,0,10,0,10,19,31,16,27,0,10,0,10,31,36,115,79,37,42,55,64,61,49,56,42
1500000US271630702044,Block Group 4; Census Tract 702.04; Washington County; Minnesota,185,78,0,10,0,10,0,10,0,10,0,10,0,10,16,25,0,10,0,10,16,25,0,10,74,76,0,10,32,37,0,10,47,36
1500000US271630702045,Block Group 5; Census Tract 702.04; Washington County; Minnesota,703,173,30,34,0,10,0,10,60,95,0,10,0,10,0,10,35,51,0,10,21,33,54,50,71,58,62,52,17,27,242,151,111,57
1500000US271630702051,Block Group 1; Census Tract 702.05; Washington County; Minnesota,407,91,0,10,0,10,0,10,0,10,0,10,8,12,0,10,0,10,0,10,37,27,33,29,106,69,35,30,12,15,81,35,95,44
1500000US271630702052,Block Group 2; Census Tract 702.05; Washington County; Minnesota,534,146,17,18,10,15,0,10,0,10,87,124,0,10,9,14,6,10,11,17,81,69,34,23,31,25,41,25,22,21,73,44,112,79
1500000US271630702053,Block Group 3; Census Tract 702.05; Washington County; Minnesota,514,120,0,10,0,10,0,10,0,10,6,10,15,18,9,14,18,21,7,11,15,16,91,104,84,49,72,49,122,55,33,24,42,30
1500000US271630702061,Block Group 1; Census Tract 702.06; Washington County; Minnesota,367,68,0,10,4,6,4,6,0,10,4,6,0,10,10,7,0,10,5,7,18,16,24,17,47,22,35,24,66,39,53,23,97,39
1500000US271630702062,Block Group 2; Census Tract 702.06; Washington County; Minnesota,325,58,19,23,0,10,0,10,10,10,0,10,0,10,6,10,13,18,15,12,6,8,14,14,37,21,30,27,22,15,49,28,104,31
1500000US271630702063,Block Group 3; Census Tract 702.06; Washington County; Minnesota,327,80,0,10,0,10,5,8,0,10,4,6,0,10,9,9,0,10,15,12,12,12,5,7,87,79,8,10,33,23,43,21,106,52
1500000US271630702064,Block Group 4; Census Tract 702.06; Washington County; Minnesota,321,54,2,3,6,5,3,4,2,4,6,6,2,3,2,3,2,3,1,2,21,15,34,15,60,29,18,10,49,39,41,21,72,26
1500000US271630702071,Block Group 1; Census Tract 702.07; Washington County; Minnesota,737,158,0,10,0,10,46,68,0,10,0,10,0,10,0,10,0,10,0,10,83,110,0,10,46,64,66,54,87,65,124,84,285,142
1500000US271630702072,Block Group 2; Census Tract 702.07; Washington County; Minnesota,790,205,0,10,0,10,0,10,0,10,18,30,17,27,46,69,0,10,0,10,0,10,51,41,101,109,210,108,42,55,146,154,159,94
1500000US271630702073,Block Group 3; Census Tract 702.07; Washington County; Minnesota,814,237,45,56,0,10,0,10,0,10,0,10,38,45,20,31,0,10,26,40,150,165,107,70,72,62,169,108,0,10,142,108,45,41
1500000US271630702081,Block Group 1; Census Tract 702.08; Washington County; Minnesota,279,74,21,23,0,10,9,14,0,10,0,10,5,9,8,14,0,10,0,10,0,10,36,35,54,55,20,23,29,32,29,29,68,50
1500000US271630702082,Block Group 2; Census Tract 702.08; Washington County; Minnesota,414,99,12,19,0,10,0,10,0,10,8,14,8,14,0,10,0,10,0,10,15,18,8,14,56,38,39,41,52,52,55,32,161,80
1500000US271630702083,Block Group 3; Census Tract 702.08; Washington County; Minnesota,752,186,12,20,0,10,0,10,16,26,7,12,18,30,0,10,162,121,48,54,28,32,55,42,90,91,107,76,18,22,32,53,159,111
1500000US271630703011,Block Group 1; Census Tract 703.01; Washington County; Minnesota,339,63,8,9,0,10,0,10,0,10,2,4,0,10,0,10,0,10,4,5,25,18,25,18,34,24,26,14,37,32,25,15,153,58
1500000US271630703012,Block Group 2; Census Tract 703.01; Washington County; Minnesota,264,37,0,10,0,10,0,10,0,10,3,5,4,5,5,6,0,10,5,8,0,10,8,8,16,10,12,10,8,7,43,24,160,34
1500000US271630703031,Block Group 1; Census Tract 703.03; Washington County; Minnesota,339,57,7,7,2,3,2,7,8,6,0,10,3,5,2,3,2,3,2,3,12,9,18,17,32,19,32,14,40,16,78,44,99,29
1500000US271630703032,Block Group 2; Census Tract 703.03; Washington County; Minnesota,529,106,0,10,15,17,0,10,15,12,34,37,27,25,0,10,0,10,0,10,68,46,13,12,36,26,113,81,39,33,62,33,107,52
1500000US271630703033,Block Group 3; Census Tract 703.03; Washington County; Minnesota,337,93,2,3,4,6,0,10,1,2,0,10,0,10,1,3,2,4,2,3,2,3,52,54,67,71,28,18,29,19,74,32,73,27
1500000US271630703034,Block Group 4; Census Tract 703.03; Washington County; Minnesota,653,94,9,14,0,10,0,10,0,10,0,10,17,18,22,24,14,16,0,10,17,18,124,68,91,43,56,40,37,28,90,38,176,55
1500000US271630703041,Block Group 1; Census Tract 703.04; Washington County; Minnesota,431,121,12,20,13,21,0,10,0,10,0,10,0,10,0,10,0,10,15,24,16,19,25,32,0,10,50,41,44,45,26,32,230,95
1500000US271630703042,Block Group 2; Census Tract 703.04; Washington County; Minnesota,319,94,0,10,0,10,0,10,0,10,0,10,7,12,13,20,27,41,0,10,16,24,14,23,27,32,53,35,36,36,79,80,47,36
1500000US271630703043,Block Group 3; Census Tract 703.04; Washington County; Minnesota,435,124,11,18,58,70,14,23,0,10,21,33,0,10,0,10,41,41,0,10,16,27,39,45,26,29,26,27,15,20,26,41,142,71
1500000US271630703044,Block Group 4; Census Tract 703.04; Washington County; Minnesota,603,144,12,15,51,70,24,29,60,68,11,19,37,60,0,10,11,13,1,3,12,15,37,25,102,61,35,31,32,27,71,61,107,47
1500000US271630704031,Block Group 1; Census Tract 704.03; Washington County; Minnesota,310,80,7,11,0,10,26,38,0,10,9,15,0,10,0,10,0,10,0,10,0,10,46,39,71,43,17,22,27,28,42,34,65,41
1500000US271630704032,Block Group 2; Census Tract 704.03; Washington County; Minnesota,340,90,0,10,0,10,0,10,0,10,0,10,6,10,7,10,0,10,0,10,6,11,13,16,44,33,48,46,40,30,9,14,167,75
1500000US271630704033,Block Group 3; Census Tract 704.03; Washington County; Minnesota,318,104,3,10,0,10,0,10,0,10,7,11,0,10,0,10,0,10,7,12,9,13,27,31,36,31,29,24,6,11,65,36,129,103
1500000US271630704034,Block Group 4; Census Tract 704.03; Washington County; Minnesota,285,83,4,6,7,11,0,10,0,10,0,10,0,10,0,10,0,10,0,10,13,15,7,11,33,36,76,90,10,16,30,24,105,59
1500000US271630704041,Block Group 1; Census Tract 704.04; Washington County; Minnesota,355,50,9,9,13,15,0,10,0,10,0,10,4,4,7,8,4,6,5,6,13,11,16,10,41,30,20,13,20,16,81,27,122,29
1500000US271630704042,Block Group 2; Census Tract 704.04; Washington County; Minnesota,703,71,32,26,0,10,6,10,19,20,10,15,0,10,0,10,0,10,0,10,6,11,59,37,47,28,58,32,50,36,136,55,280,76
1500000US271630704043,Block Group 3; Census Tract 704.04; Washington County; Minnesota,312,59,7,9,0,10,3,4,0,10,9,13,0,10,3,5,0,10,10,15,10,9,29,20,19,12,20,14,44,28,58,21,100,36
1500000US271630704051,Block Group 1; Census Tract 704.05; Washington County; Minnesota,633,95,11,19,0,10,15,22,13,20,12,18,0,10,0,10,0,10,0,10,0,10,23,26,50,31,97,47,106,69,103,50,203,69
1500000US271630704052,Block Group 2; Census Tract 704.05; Washington County; Minnesota,755,133,22,26,11,17,13,20,10,17,0,10,72,98,0,10,0,10,0,10,24,26,15,18,23,27,66,54,30,45,97,58,372,89
1500000US271630704053,Block Group 3; Census Tract 704.05; Washington County; Minnesota,619,95,0,10,14,22,11,17,0,10,0,10,0,10,0,10,4,7,0,10,0,10,39,31,59,46,56,38,40,33,131,79,265,83
1500000US271630704061,Block Group 1; Census Tract 704.06; Washington County; Minnesota,1049,190,34,41,0,10,0,10,0,10,22,30,0,10,0,10,45,51,19,24,22,34,54,65,39,48,64,59,90,92,236,103,424,154
1500000US271630704062,Block Group 2; Census Tract 704.06; Washington County; Minnesota,849,242,60,70,21,34,23,35,0,10,0,10,0,10,19,31,0,10,0,10,45,39,67,56,9,15,36,43,124,106,34,32,411,232
1500000US271630704063,Block Group 3; Census Tract 704.06; Washington County; Minnesota,434,186,0,10,0,10,0,10,0,10,147,157,24,40,34,54,76,112,0,10,48,56,0,10,105,95,0,10,0,10,0,10,0,10
1500000US271630704064,Block Group 4; Census Tract 704.06; Washington County; Minnesota,375,127,0,10,47,69,0,10,0,10,0,10,0,10,0,10,0,10,0,10,48,55,36,42,37,44,34,32,4,13,109,76,60,43
1500000US271630705011,Block Group 1; Census Tract 705.01; Washington County; Minnesota,380,91,0,10,0,10,0,10,0,10,0,10,8,12,15,26,39,37,19,21,35,36,0,10,24,30,48,38,34,28,52,34,106,56
1500000US271630705012,Block Group 2; Census Tract 705.01; Washington County; Minnesota,417,85,0,10,0,10,0,10,0,10,9,13,0,10,0,10,10,16,0,10,65,58,31,28,16,19,30,25,77,57,68,35,111,56
1500000US271630705013,Block Group 3; Census Tract 705.01; Washington County; Minnesota,592,98,59,61,0,10,0,10,0,10,0,10,11,17,0,10,0,10,22,22,0,10,51,44,114,62,100,51,0,10,99,50,136,54
1500000US271630705021,Block Group 1; Census Tract 705.02; Washington County; Minnesota,626,205,0,10,0,10,0,10,0,10,13,20,0,10,44,54,10,16,28,32,46,47,45,45,70,45,55,49,63,70,37,29,215,209
1500000US271630705022,Block Group 2; Census Tract 705.02; Washington County; Minnesota,522,141,0,10,0,10,0,10,33,53,11,17,0,10,0,10,0,10,35,33,79,96,40,31,101,75,84,47,40,33,59,39,40,29
1500000US271630705023,Block Group 3; Census Tract 705.02; Washington County; Minnesota,634,165,43,40,15,23,33,35,31,32,15,23,0,10,0,10,0,10,18,28,17,28,15,24,103,88,111,66,60,52,22,27,151,137
1500000US271630705024,Block Group 4; Census Tract 705.02; Washington County; Minnesota,364,115,0,10,0,10,0,10,7,11,0,10,12,18,61,61,22,27,40,35,0,10,19,35,51,39,54,89,26,22,40,28,32,21
1500000US271630706021,Block Group 1; Census Tract 706.02; Washington County; Minnesota,607,156,0,10,0,10,7,12,11,17,11,18,0,10,65,85,9,14,28,40,11,18,0,10,24,25,263,156,28,28,89,52,61,35
1500000US271630706022,Block Group 2; Census Tract 706.02; Washington County; Minnesota,634,116,19,23,25,23,0,10,22,24,0,10,8,12,30,31,0,10,0,10,22,20,46,36,143,64,103,67,66,34,61,44,89,46
1500000US271630706031,Block Group 1; Census Tract 706.03; Washington County; Minnesota,504,130,35,43,26,42,13,20,15,24,36,42,0,10,0,10,0,10,17,27,65,57,84,66,55,64,63,87,33,32,46,39,16,27
1500000US271630706032,Block Group 2; Census Tract 706.03; Washington County; Minnesota,554,161,11,17,30,34,0,10,59,51,0,10,0,10,22,33,17,26,16,26,119,152,57,54,78,60,21,33,66,61,46,50,12,19
1500000US271630706041,Block Group 1; Census Tract 706.04; Washington County; Minnesota,318,94,19,29,13,22,45,57,11,18,0,10,0,10,0,10,0,10,21,24,21,34,0,10,105,75,6,9,57,40,11,18,9,14
1500000US271630706042,Block Group 2; Census Tract 706.04; Washington County; Minnesota,569,111,0,10,0,10,0,10,0,10,11,19,0,10,73,92,11,17,12,18,0,10,7,13,96,71,41,33,29,34,98,62,191,64
1500000US271630706043,Block Group 3; Census Tract 706.04; Washington County; Minnesota,704,209,0,10,39,45,13,20,37,49,0,10,82,75,19,31,0,10,0,10,0,10,128,178,72,65,68,49,13,16,91,62,142,80
1500000US271630707031,Block Group 1; Census Tract 707.03; Washington County; Minnesota,433,110,3,5,0,10,9,14,0,10,0,10,3,5,0,10,3,5,11,17,14,18,72,44,39,26,68,46,78,60,49,40,84,41
1500000US271630707032,Block Group 2; Census Tract 707.03; Washington County; Minnesota,491,185,28,32,20,21,0,10,0,10,11,18,9,14,15,17,7,12,9,13,8,13,9,15,48,35,139,170,84,90,49,40,55,42
1500000US271630707033,Block Group 3; Census Tract 707.03; Washington County; Minnesota,532,125,48,40,0,10,19,21,9,14,10,16,24,26,20,23,21,23,59,85,23,21,101,87,97,67,33,32,23,15,36,31,9,15
1500000US271630707041,Block Group 1; Census Tract 707.04; Washington County; Minnesota,745,110,10,11,6,8,6,9,0,10,6,10,7,8,20,17,12,13,13,12,26,21,41,25,70,38,36,19,119,43,235,157,138,48
1500000US271630707042,Block Group 2; Census Tract 707.04; Washington County; Minnesota,407,93,13,19,6,9,11,11,16,14,27,32,0,10,26,20,35,27,27,30,6,10,58,45,49,30,45,28,46,30,15,16,27,20
1500000US271630707051,Block Group 1; Census Tract 707.05; Washington County; Minnesota,529,104,0,10,0,10,0,10,0,10,15,23,0,10,0,10,17,26,0,10,0,10,11,18,72,57,35,34,22,25,50,38,307,85
1500000US271630707052,Block Group 2; Census Tract 707.05; Washington County; Minnesota,278,74,11,18,0,10,0,10,0,10,0,10,0,10,0,10,0,10,12,19,11,18,0,10,17,21,55,41,0,10,37,35,135,73
1500000US271630707053,Block Group 3; Census Tract 707.05; Washington County; Minnesota,491,88,12,19,0,10,0,10,0,10,38,45,0,10,0,10,0,10,41,38,8,12,12,19,0,10,57,64,65,40,40,37,218,81
1500000US271630707061,Block Group 1; Census Tract 707.06; Washington County; Minnesota,307,71,5,7,0,10,0,10,8,8,0,10,0,10,0,10,8,9,6,6,3,5,19,19,14,11,13,15,63,32,26,17,142,58
1500000US271630707062,Block Group 2; Census Tract 707.06; Washington County; Minnesota,793,195,55,37,0,10,38,35,129,177,26,24,23,22,26,23,127,63,9,14,15,16,8,12,67,61,75,40,47,46,68,46,80,68
1500000US271630707063,Block Group 3; Census Tract 707.06; Washington County; Minnesota,375,52,3,5,0,10,3,5,7,8,1,3,2,4,0,10,9,13,4,7,19,13,17,13,14,12,25,15,29,15,48,25,194,35
1500000US271630708011,Block Group 1; Census Tract 708.01; Washington County; Minnesota,0,10,0,10,0,10,0,10,0,10,0,10,0,10,0,10,0,10,0,10,0,10,0,10,0,10,0,10,0,10,0,10,0,10
1500000US271630708021,Block Group 1; Census Tract 708.02; Washington County; Minnesota,0,10,0,10,0,10,0,10,0,10,0,10,0,10,0,10,0,10,0,10,0,10,0,10,0,10,0,10,0,10,0,10,0,10
1500000US271630709061,Block Group 1; Census Tract 709.06; Washington County; Minnesota,645,116,36,33,16,18,21,23,22,24,41,38,37,42,4,8,14,16,79,69,19,22,44,33,54,35,119,83,49,38,39,39,51,31
1500000US271630709062,Block Group 2; Census Tract 709.06; Washington County; Minnesota,679,110,13,20,0,10,28,32,9,17,7,12,14,22,9,15,11,18,25,27,69,43,31,26,87,55,110,64,105,50,66,52,95,52
1500000US271630709063,Block Group 3; Census Tract 709.06; Washington County; Minnesota,0,10,0,10,0,10,0,10,0,10,0,10,0,10,0,10,0,10,0,10,0,10,0,10,0,10,0,10,0,10,0,10,0,10
1500000US271630709064,Block Group 4; Census Tract 709.06; Washington County; Minnesota,589,121,0,10,12,19,0,10,0,10,0,10,0,10,0,10,9,14,24,35,63,44,10,16,127,85,44,31,51,39,69,30,180,81
1500000US271630709071,Block Group 1; Census Tract 709.07; Washington County; Minnesota,651,200,38,47,0,10,0,10,40,56,32,33,0,10,30,39,16,30,15,24,17,28,30,35,271,169,31,45,48,56,83,95,0,10
1500000US271630709072,Block Group 2; Census Tract 709.07; Washington County; Minnesota,294,87,0,10,0,10,0,10,0,10,0,10,0,10,79,54,0,10,53,49,0,10,0,10,23,27,35,37,33,33,18,29,53,51
1500000US271630709073,Block Group 3; Census Tract 709.07; Washington County; Minnesota,211,87,0,10,0,10,17,29,0,10,0,10,45,56,31,45,29,47,25,45,19,35,40,45,0,10,5,9,0,10,0,10,0,10
1500000US271630709074,Block Group 4; Census Tract 709.07; Washington County; Minnesota,1235,301,22,38,0,10,64,62,0,10,15,25,14,24,6,9,0,10,0,10,153,125,51,55,163,100,150,103,184,198,128,115,285,200
1500000US271630709091,Block Group 1; Census Tract 709.09; Washington County; Minnesota,544,112,18,28,0,10,0,10,0,10,0,10,18,31,46,73,0,10,0,10,14,22,0,10,94,70,35,39,17,26,163,77,139,67
1500000US271630709092,Block Group 2; Census Tract 709.09; Washington County; Minnesota,603,211,16,26,0,10,0,10,0,10,17,26,0,10,0,10,30,34,0,10,37,42,27,40,133,171,45,43,127,98,66,56,105,58
1500000US271630709093,Block Group 3; Census Tract 709.09; Washington County; Minnesota,417,103,0,10,0,10,13,21,0,10,0,10,31,36,0,10,35,40,0,10,0,10,6,11,30,34,53,43,48,35,102,64,99,68
1500000US271630709094,Block Group 4; Census Tract 709.09; Washington County; Minnesota,447,125,0,10,0,10,0,10,14,23,0,10,20,33,17,29,0,10,0,10,16,25,31,36,85,81,123,94,124,93,17,27,0,10
1500000US271630709101,Block Group 1; Census Tract 709.10; Washington County; Minnesota,0,10,0,10,0,10,0,10,0,10,0,10,0,10,0,10,0,10,0,10,0,10,0,10,0,10,0,10,0,10,0,10,0,10
1500000US271630709102,Block Group 2; Census Tract 709.10; Washington County; Minnesota,522,193,0,10,20,26,0,10,40,62,0,10,0,10,15,23,32,40,0,10,145,134,73,77,15,23,122,102,52,67,0,10,8,13
1500000US271630709103,Block Group 3; Census Tract 709.10; Washington County; Minnesota,326,125,14,13,13,15,21,25,17,16,64,82,19,16,11,20,5,7,18,13,31,25,15,14,24,22,56,46,4,9,11,12,3,5
1500000US271630709104,Block Group 4; Census Tract 709.10; Washington County; Minnesota,0,10,0,10,0,10,0,10,0,10,0,10,0,10,0,10,0,10,0,10,0,10,0,10,0,10,0,10,0,10,0,10,0,10
1500000US271630709105,Block Group 5; Census Tract 709.10; Washington County; Minnesota,821,217,32,37,0,10,45,50,11,17,0,10,0,10,0,10,11,19,0,10,116,103,22,28,119,103,181,215,168,121,36,42,80,80
1500000US271630709106,Block Group 6; Census Tract 709.10; Washington County; Minnesota,695,161,15,23,12,21,0,10,38,43,0,10,0,10,0,10,0,10,0,10,80,59,103,83,82,86,26,31,104,85,52,51,183,103
1500000US271630709111,Block Group 1; Census Tract 709.11; Washington County; Minnesota,432,92,10,15,0,10,9,16,9,14,0,10,0,10,10,15,25,20,0,10,50,36,11,16,73,47,70,52,10,16,106,66,49,37
1500000US271630709112,Block Group 2; Census Tract 709.11; Washington County; Minnesota,653,124,10,16,0,10,27,30,47,33,29,26,10,16,8,14,48,37,9,15,52,57,53,37,141,71,89,47,21,31,83,54,26,41
1500000US271630709113,Block Group 3; Census Tract 709.11; Washington County; Minnesota,417,85,0,10,0,10,0,10,0,10,0,10,0,10,20,22,0,10,24,27,11,17,97,64,86,45,101,69,14,19,46,49,18,26
1500000US271630709114,Block Group 4; Census Tract 709.11; Washington County; Minnesota,356,104,50,52,0,10,7,11,0,10,25,31,0,10,0,10,0,10,23,35,24,29,45,45,91,65,20,31,14,22,19,29,38,46
1500000US271630709121,Block Group 1; Census Tract 709.12; Washington County; Minnesota,686,161,60,67,35,29,15,24,24,26,8,18,55,63,65,52,23,27,12,18,50,75,49,47,70,55,41,38,74,56,67,49,38,28
1500000US271630709122,Block Group 2; Census Tract 709.12; Washington County; Minnesota,669,195,14,21,15,24,0,10,31,27,99,122,0,10,115,96,0,10,17,21,68,45,52,46,115,52,39,37,53,38,41,35,10,17
1500000US271630710011,Block Group 1; Census Tract 710.01; Washington County; Minnesota,946,311,38,45,185,229,16,25,0,10,31,52,0,10,0,10,80,71,0,10,65,55,130,121,110,79,83,84,41,40,110,77,57,54
1500000US271630710012,Block Group 2; Census Tract 710.01; Washington County; Minnesota,559,129,19,30,0,10,0,10,18,32,0,10,0,10,18,30,0,10,0,10,57,51,0,10,48,45,130,77,150,90,17,27,102,77
1500000US271630710013,Block Group 3; Census Tract 710.01; Washington County; Minnesota,802,160,0,10,0,10,23,37,64,85,0,10,236,168,23,38,21,34,0,10,30,46,60,79,121,94,159,97,48,55,0,10,17,28
1500000US271630710031,Block Group 1; Census Tract 710.03; Washington County; Minnesota,963,183,77,74,30,47,33,36,16,25,43,50,46,70,50,73,0,10,28,39,60,64,88,90,112,114,20,23,82,64,159,96,119,68
1500000US271630710032,Block Group 2; Census Tract 710.03; Washington County; Minnesota,713,179,15,24,57,86,34,53,10,17,76,81,0,10,27,30,25,28,68,69,33,40,54,68,81,97,44,31,54,51,77,58,58,45
1500000US271630710033,Block Group 3; Census Tract 710.03; Washington County; Minnesota,484,132,0,10,32,48,13,20,0,10,45,71,0,10,49,60,0,10,13,21,42,37,31,36,31,31,74,68,63,54,65,68,26,29
1500000US271630710061,Block Group 1; Census Tract 710.06; Washington County; Minnesota,734,164,0,10,0,10,0,10,18,29,8,13,0,10,0,10,68,101,0,10,0,10,113,68,171,112,116,80,66,54,111,66,63,43
1500000US271630710062,Block Group 2; Census Tract 710.06; Washington County; Minnesota,365,128,0,10,0,10,0,10,0,10,0,10,8,14,0,10,29,46,0,10,46,73,75,73,0,10,120,92,37,49,0,10,50,62
1500000US271630710063,Block Group 3; Census Tract 710.06; Washington County; Minnesota,204,72,0,10,0,10,0,10,9,15,0,10,0,10,0,10,0,10,0,10,0,10,36,40,10,16,30,35,0,10,44,46,75,40
1500000US271630710064,Block Group 4; Census Tract 710.06; Washington County; Minnesota,626,133,11,17,0,10,0,10,20,31,0,10,19,30,0,10,26,39,13,21,40,45,56,44,51,47,51,47,20,23,124,71,195,120
1500000US271630710101,Block Group 1; Census Tract 710.10; Washington County; Minnesota,630,176,0,10,0,10,0,10,0,10,14,22,0,10,39,43,0,10,0,10,0,10,70,65,139,93,41,36,47,39,113,78,167,128
1500000US271630710102,Block Group 2; Census Tract 710.10; Washington County; Minnesota,763,178,31,32,0,10,8,13,65,76,0,10,107,102,0,10,59,71,0,10,33,39,39,40,84,62,22,28,168,126,87,60,60,49
1500000US271630710103,Block Group 3; Census Tract 710.10; Washington County; Minnesota,320,89,0,10,0,10,0,10,0,10,0,10,0,10,0,10,0,10,0,10,0,10,0,10,68,56,14,20,83,53,58,50,97,53
1500000US271630710104,Block Group 4; Census Tract 710.10; Washington County; Minnesota,352,82,12,18,0,10,0,10,0,10,0,10,13,21,0,10,0,10,0,10,0,10,42,39,56,57,38,40,30,42,44,40,117,62
1500000US271630710111,Block Group 1; Census Tract 710.11; Washington County; Minnesota,239,93,0,10,6,10,0,10,0,10,0,10,0,10,0,10,0,10,10,16,7,10,0,10,22,21,9,11,67,37,50,68,68,38
1500000US271630710112,Block Group 2; Census Tract 710.11; Washington County; Minnesota,755,97,26,23,0,10,0,10,13,19,14,18,6,9,6,8,0,10,0,10,48,53,11,13,73,41,99,52,109,55,176,76,174,63
1500000US271630710121,Block Group 1; Census Tract 710.12; Washington County; Minnesota,737,184,0,10,17,25,0,10,15,24,0,10,15,23,26,33,20,32,61,72,28,33,42,31,127,69,30,35,165,107,141,119,50,47
1500000US271630710122,Block Group 2; Census Tract 710.12; Washington County; Minnesota,693,144,36,47,0,10,0,10,17,27,37,41,0,10,0,10,28,32,0,10,76,56,166,94,56,53,86,65,148,92,0,10,43,45
1500000US271630710123,Block Group 3; Census Tract 710.12; Washington County; Minnesota,656,213,0,10,17,29,14,21,64,80,0,10,0,10,0,10,66,64,37,57,14,22,75,66,205,136,39,52,0,10,83,84,42,37
1500000US271630710124,Block Group 4; Census Tract 710.12; Washington County; Minnesota,293,137,0,10,13,24,0,10,0,10,0,10,0,10,0,10,0,10,0,10,0,10,0,10,109,84,57,69,38,53,22,36,54,73
1500000US271630710131,Block Group 1; Census Tract 710.13; Washington County; Minnesota,667,173,0,10,0,10,0,10,11,18,0,10,9,15,0,10,9,15,37,39,9,16,20,19,65,38,75,47,200,146,118,51,114,65
1500000US271630710132,Block Group 2; Census Tract 710.13; Washington County; Minnesota,243,70,0,10,0,10,0,10,8,13,7,12,7,12,15,23,30,43,4,7,0,10,0,10,62,44,10,16,10,16,39,28,51,30
1500000US271630710133,Block Group 3; Census Tract 710.13; Washington County; Minnesota,318,73,19,22,0,10,26,31,11,17,0,10,0,10,7,10,28,31,0,10,48,54,27,32,41,34,30,25,36,27,21,24,24,19
1500000US271630710134,Block Group 4; Census Tract 710.13; Washington County; Minnesota,808,129,0,10,32,27,31,38,9,14,11,16,39,48,12,19,18,20,41,39,68,42,64,55,55,37,79,47,123,56,77,40,149,76
1500000US271630710141,Block Group 1; Census Tract 710.14; Washington County; Minnesota,346,76,0,10,0,10,0,10,3,6,0,10,0,10,0,10,0,10,0,10,5,10,12,16,34,25,39,38,22,26,82,39,149,61
1500000US271630710142,Block Group 2; Census Tract 710.14; Washington County; Minnesota,619,103,0,10,0,10,9,15,0,10,18,21,0,10,0,10,9,13,0,10,46,37,9,15,56,43,96,73,65,37,81,47,230,82
1500000US271630710143,Block Group 3; Census Tract 710.14; Washington County; Minnesota,481,124,0,10,0,10,0,10,9,15,0,10,0,10,0,10,0,10,0,10,3,7,39,26,85,60,62,30,36,21,75,50,172,100
1500000US271630710161,Block Group 1; Census Tract 710.16; Washington County; Minnesota,564,109,8,14,0,10,0,10,0,10,0,10,0,10,13,22,12,17,0,10,0,10,0,10,83,71,33,24,78,45,53,37,284,78
1500000US271630710162,Block Group 2; Census Tract 710.16; Washington County; Minnesota,405,67,0,10,0,10,0,10,0,10,10,16,0,10,0,10,0,10,12,18,40,31,0,10,0,10,15,18,0,10,87,41,241,67
1500000US271630710163,Block Group 3; Census Tract 710.16; Washington County; Minnesota,565,216,0,10,11,17,0,10,0,10,0,10,0,10,0,10,0,10,0,10,23,25,27,44,57,33,28,26,64,81,101,50,254,185
1500000US271630710191,Block Group 1; Census Tract 710.19; Washington County; Minnesota,978,278,0,10,0,10,25,41,0,10,0,10,78,128,0,10,0,10,0,10,137,196,153,140,30,49,41,68,113,92,306,199,95,76
1500000US271630710192,Block Group 2; Census Tract 710.19; Washington County; Minnesota,656,209,0,10,57,79,28,48,0,10,26,43,0,10,0,10,0,10,0,10,42,70,0,10,0,10,22,41,77,117,113,129,291,143
1500000US271630710193,Block Group 3; Census Tract 710.19; Washington County; Minnesota,995,235,0,10,15,27,0,10,0,10,41,69,0,10,0,10,19,33,0,10,22,35,0,10,56,89,0,10,141,102,153,118,548,221
1500000US271630710194,Block Group 4; Census Tract 710.19; Washington County; Minnesota,426,149,0,10,0,10,0,10,0,10,0,10,0,10,0,10,0,10,0,10,33,35,0,10,0,10,160,132,0,10,0,10,233,115
1500000US271630710195,Block Group 5; Census Tract 710.19; Washington County; Minnesota,552,193,56,87,0,10,0,10,31,48,25,35,10,18,19,31,0,10,0,10,0,10,15,26,0,10,51,84,0,10,195,164,150,110
1500000US271630710196,Block Group 6; Census Tract 710.19; Washington County; Minnesota,1436,239,0,14,15,24,0,14,37,58,16,27,0,14,29,50,0,14,0,14,0,14,0,14,108,132,282,180,0,14,179,118,770,202
1500000US271630710201,Block Group 1; Census Tract 710.20; Washington County; Minnesota,936,155,23,26,0,10,0,10,0,10,15,22,26,27,0,10,0,10,0,10,159,160,8,15,100,80,135,118,21,26,64,41,385,132
1500000US271630710202,Block Group 2; Census Tract 710.20; Washington County; Minnesota,845,148,0,10,0,10,0,10,0,10,0,10,14,23,8,13,0,10,23,25,19,24,55,47,97,68,53,34,100,57,167,114,309,81
1500000US271630710211,Block Group 1; Census Tract 710.21; Washington County; Minnesota,889,342,0,10,0,10,0,10,0,10,0,10,23,35,166,145,0,10,0,10,231,244,121,153,75,88,204,115,37,43,32,40,0,10
1500000US271630710212,Block Group 2; Census Tract 710.21; Washington County; Minnesota,644,204,42,47,0,10,0,10,0,10,33,53,0,10,0,10,0,10,16,26,0,10,19,31,52,50,47,57,45,45,98,116,292,174
1500000US271630710213,Block Group 3; Census Tract 710.21; Washington County; Minnesota,760,109,17,28,67,81,18,30,0,10,44,49,45,55,34,37,19,32,21,35,98,92,20,35,95,63,124,97,23,29,0,10,135,86
1500000US271630710221,Block Group 1; Census Tract 710.22; Washington County; Minnesota,226,77,4,10,0,10,0,10,0,10,0,10,0,10,0,10,8,13,0,10,0,10,15,27,9,18,9,14,22,18,48,45,111,71
1500000US271630710222,Block Group 2; Census Tract 710.22; Washington County; Minnesota,785,161,10,15,0,10,0,10,15,19,0,10,0,10,55,61,0,10,0,10,20,31,11,15,97,110,243,119,37,43,57,49,240,101
1500000US271630710231,Block Group 1; Census Tract 710.23; Washington County; Minnesota,515,182,0,10,0,10,0,10,0,10,0,10,9,15,0,10,0,10,0,10,0,10,32,30,154,129,96,76,39,31,75,53,110,73
1500000US271630710232,Block Group 2; Census Tract 710.23; Washington County; Minnesota,391,199,0,10,0,10,0,10,0,10,0,10,0,10,11,21,0,10,0,10,20,23,28,43,166,204,59,44,11,19,0,10,96,57
1500000US271630710233,Block Group 3; Census Tract 710.23; Washington County; Minnesota,547,232,7,14,0,10,0,10,11,18,0,10,0,10,0,10,0,10,0,10,12,20,0,10,20,23,12,20,42,53,183,145,260,163
1500000US271630710234,Block Group 4; Census Tract 710.23; Washington County; Minnesota,274,109,41,62,0,10,0,10,0,10,0,10,0,10,0,10,0,10,0,10,10,16,11,17,67,62,38,38,0,10,11,17,96,73
1500000US271630710241,Block Group 1; Census Tract 710.24; Washington County; Minnesota,583,276,12,18,0,10,0,10,0,10,0,10,6,9,5,7,11,12,6,9,4,7,4,7,57,32,256,280,56,38,103,47,63,38
1500000US271630710242,Block Group 2; Census Tract 710.24; Washington County; Minnesota,358,58,28,22,0,10,0,10,0,10,0,10,0,10,6,10,0,10,6,10,4,7,0,10,48,33,42,40,47,30,78,48,99,44
1500000US271630710251,Block Group 1; Census Tract 710.25; Washington County; Minnesota,618,142,7,11,7,14,5,8,0,10,7,13,14,13,37,37,26,40,15,25,82,86,19,23,115,78,82,55,112,82,56,60,34,30
1500000US271630710252,Block Group 2; Census Tract 710.25; Washington County; Minnesota,320,107,4,9,0,10,0,10,0,10,0,10,0,10,0,10,0,10,0,10,0,10,19,25,0,10,25,37,20,31,169,111,83,57
1500000US271630710253,Block Group 3; Census Tract 710.25; Washington County; Minnesota,564,208,0,10,0,10,164,182,0,10,0,10,6,10,0,10,7,11,6,9,8,12,10,16,117,71,38,35,16,18,81,70,111,38
1500000US271630710254,Block Group 4; Census Tract 710.25; Washington County; Minnesota,324,79,0,10,0,10,0,10,0,10,21,32,0,10,0,10,0,10,0,10,0,10,6,9,59,43,33,38,32,29,17,19,156,51
1500000US271630711011,Block Group 1; Census Tract 711.01; Washington County; Minnesota,428,69,8,7,0,10,6,5,6,7,3,5,2,3,14,9,11,10,25,22,30,18,25,13,66,32,91,42,34,15,64,25,43,14
1500000US271630711012,Block Group 2; Census Tract 711.01; Washington County; Minnesota,644,91,18,16,6,6,7,6,16,19,22,14,2,5,18,12,24,19,12,8,36,14,42,17,99,39,88,25,54,20,54,18,146,81
1500000US271630711013,Block Group 3; Census Tract 711.01; Washington County; Minnesota,415,69,10,13,4,5,1,3,4,5,6,5,9,7,0,10,17,15,54,54,12,9,39,14,48,21,40,21,53,36,58,17,60,21
1500000US271630711021,Block Group 1; Census Tract 711.02; Washington County; Minnesota,669,69,42,39,13,14,0,10,0,10,5,7,5,7,0,10,27,21,0,10,38,19,45,31,52,26,60,33,50,23,148,51,184,49
1500000US271630711022,Block Group 2; Census Tract 711.02; Washington County; Minnesota,543,151,4,6,4,6,0,10,0,10,5,7,6,10,0,10,0,10,6,10,12,12,49,27,43,25,134,139,94,81,62,30,124,41
1500000US271630711023,Block Group 3; Census Tract 711.02; Washington County; Minnesota,686,73,8,7,2,5,4,5,21,17,6,10,0,10,15,13,6,6,6,8,22,21,31,20,90,33,65,21,76,30,95,30,239,48
1500000US271630712071,Block Group 1; Census Tract 712.07; Washington County; Minnesota,577,143,15,24,0,10,16,26,0,10,0,10,0,10,0,10,0,10,19,24,0,10,12,17,140,110,121,77,30,36,147,58,77,47
1500000US271630712072,Block Group 2; Census Tract 712.07; Washington County; Minnesota,1223,205,28,33,0,10,0,10,0,10,0,10,0,10,0,10,16,24,0,10,14,22,87,84,62,88,227,142,145,104,332,131,312,112
1500000US271630712073,Block Group 3; Census Tract 712.07; Washington County; Minnesota,523,193,0,10,0,10,0,10,0,10,0,10,0,10,0,10,0,10,0,10,18,29,90,89,54,53,83,72,60,41,188,114,30,29
1500000US271630712074,Block Group 4; Census Tract 712.07; Washington County; Minnesota,180,91,0,10,0,10,0,10,0,10,0,10,0,10,0,10,0,10,0,10,0,10,0,10,16,28,60,95,15,21,61,30,28,34
1500000US271630712075,Block Group 5; Census Tract 712.07; Washington County; Minnesota,614,140,0,10,0,10,16,26,0,10,0,10,16,27,0,10,34,42,0,10,46,67,84,63,64,60,0,10,74,64,147,105,133,84
1500000US271630712081,Block Group 1; Census Tract 712.08; Washington County; Minnesota,713,183,0,10,0,10,0,10,9,14,0,10,0,10,0,10,10,15,7,10,21,24,46,39,189,92,97,51,121,124,103,51,110,93
1500000US271630712082,Block Group 2; Census Tract 712.08; Washington County; Minnesota,296,78,0,10,15,22,0,10,0,10,0,10,0,10,0,10,0,10,0,10,10,15,20,30,44,25,67,49,42,39,65,58,33,26
1500000US271630712083,Block Group 3; Census Tract 712.08; Washington County; Minnesota,313,84,0,10,0,10,0,10,0,10,0,10,9,15,17,19,0,10,0,10,32,24,36,34,52,28,33,27,70,72,22,24,42,34
1500000US271630712084,Block Group 4; Census Tract 712.08; Washington County; Minnesota,792,114,0,10,9,13,18,25,10,14,0,10,43,48,0,10,40,36,36,39,50,46,88,46,81,46,139,98,39,32,183,87,56,36
1500000US271630712091,Block Group 1; Census Tract 712.09; Washington County; Minnesota,664,139,9,15,13,20,11,20,0,10,26,27,20,37,12,18,11,18,27,38,0,10,68,46,86,43,70,43,83,48,163,102,65,38
1500000US271630712092,Block Group 2; Census Tract 712.09; Washington County; Minnesota,470,90,12,19,0,10,0,10,47,50,9,16,9,15,0,10,16,17,0,10,0,10,34,43,41,31,61,50,98,47,63,40,80,45
1500000US271630712093,Block Group 3; Census Tract 712.09; Washington County; Minnesota,452,117,0,10,0,10,0,10,0,10,0,10,0,10,12,17,0,10,0,10,10,16,23,23,10,17,91,60,17,27,162,96,127,90
1500000US271630712094,Block Group 4; Census Tract 712.09; Washington County; Minnesota,435,213,0,10,0,10,0,10,0,10,0,10,9,15,0,10,0,10,10,16,0,10,0,10,13,20,158,190,56,46,76,51,113,51
1500000US271630712101,Block Group 1; Census Tract 712.10; Washington County; Minnesota,528,131,0,10,30,47,0,10,0,10,0,10,11,18,24,27,0,10,0,10,0,10,33,26,109,81,151,88,31,38,93,69,46,55
1500000US271630712102,Block Group 2; Census Tract 712.10; Washington County; Minnesota,540,164,21,34,53,80,0,10,0,10,21,35,12,17,49,57,0,10,0,10,42,47,0,10,17,28,62,91,0,10,128,40,135,96
1500000US271630712103,Block Group 3; Census Tract 712.10; Washington County; Minnesota,580,166,42,59,17,27,11,17,0,10,12,19,83,82,0,10,0,10,40,43,41,66,93,104,85,71,84,108,33,50,24,42,15,25
1500000US271630712104,Block Group 4; Census Tract 712.10; Washington County; Minnesota,260,102,0,10,17,26,0,10,21,33,0,10,0,10,41,65,0,10,0,10,42,47,0,10,0,10,21,33,41,40,53,62,24,37
1500000US271630712111,Block Group 1; Census Tract 712.11; Washington County; Minnesota,822,155,37,32,0,10,0,10,0,10,0,10,29,37,0,10,12,19,0,10,58,51,53,47,144,94,31,37,176,128,138,61,144,65
1500000US271630712112,Block Group 2; Census Tract 712.11; Washington County; Minnesota,833,118,10,18,0,10,30,34,0,10,12,20,0,10,0,10,0,10,0,10,21,34,83,66,117,61,16,19,159,85,191,84,194,70
1500000US271630712113,Block Group 3; Census Tract 712.11; Washington County; Minnesota,350,89,0,10,22,38,0,10,0,10,0,10,0,10,0,10,0,10,0,10,9,16,16,27,34,42,0,10,49,37,66,44,154,53
1500000US271630713001,Block Group 1; Census Tract 713; Washington County; Minnesota,703,330,26,42,42,67,20,33,0,10,22,34,0,10,0,10,0,10,38,41,53,78,44,54,46,42,253,314,110,92,33,45,16,29
1500000US271630713002,Block Group 2; Census Tract 713; Washington County; Minnesota,864,238,0,10,0,10,18,31,23,34,0,10,0,10,22,34,0,10,0,10,42,53,114,72,182,142,190,145,107,79,109,76,57,60
1500000US271630713003,Block Group 3; Census Tract 713; Washington County; Minnesota,798,164,40,68,17,28,0,10,0,10,0,10,20,34,36,34,0,10,43,47,18,30,39,43,219,132,134,108,114,84,80,63,38,45
1500000US271630714001,Block Group 1; Census Tract 714; Washington County; Minnesota,723,177,19,30,0,10,0,10,62,66,19,31,0,10,45,51,0,10,15,23,35,42,22,34,193,103,115,109,33,39,92,77,73,71
1500000US271630714002,Block Group 2; Census Tract 714; Washington County; Minnesota,401,124,0,10,20,31,0,10,0,10,0,10,0,10,23,37,0,10,0,10,0,10,16,25,45,51,183,105,28,30,25,40,61,52
1500000US271630714003,Block Group 3; Census Tract 714; Washington County; Minnesota,470,149,0,10,0,10,7,6,2,3,2,4,6,10,2,3,2,3,37,40,3,5,33,33,114,113,50,39,55,45,68,82,89,72
1500000US271630714004,Block Group 4; Census Tract 714; Washington County; Minnesota,634,182,0,10,0,10,0,10,21,32,0,10,0,10,7,14,0,10,0,10,26,43,89,58,80,72,42,45,66,75,70,84,233,116
1500000US271630714005,Block Group 5; Census Tract 714; Washington County; Minnesota,1110,186,33,49,0,10,15,23,41,46,23,38,0,10,0,10,0,10,14,22,131,111,113,99,141,73,158,95,78,56,130,75,233,103
1500000US271659501001,Block Group 1; Census Tract 9501; Watonwan County; Minnesota,239,51,2,3,8,6,6,8,3,4,5,6,8,8,17,20,6,9,9,6,11,10,31,14,21,18,35,17,22,17,30,21,25,16
1500000US271659501002,Block Group 2; Census Tract 9501; Watonwan County; Minnesota,249,42,1,4,2,4,15,19,13,10,2,3,4,6,4,4,5,5,3,4,14,11,31,17,27,14,29,17,32,17,40,23,27,15
1500000US271659501003,Block Group 3; Census Tract 9501; Watonwan County; Minnesota,502,94,17,20,38,32,6,10,13,11,14,24,24,19,24,20,16,11,18,11,46,20,53,23,67,37,58,45,51,46,44,26,13,19
1500000US271659501004,Block Group 4; Census Tract 9501; Watonwan County; Minnesota,291,60,12,13,14,12,0,10,4,5,10,11,35,20,0,10,8,10,6,8,16,17,13,15,39,25,36,19,30,22,64,41,4,6
1500000US271659502001,Block Group 1; Census Tract 9502; Watonwan County; Minnesota,753,152,35,35,31,33,127,98,37,39,14,21,38,41,0,10,29,32,24,26,27,30,92,71,83,47,1,2,27,28,62,57,126,80
1500000US271659502002,Block Group 2; Census Tract 9502; Watonwan County; Minnesota,424,92,12,18,9,12,0,10,6,11,42,44,26,22,37,49,19,23,19,22,23,21,20,20,29,23,54,45,49,44,62,57,17,30
1500000US271659502003,Block Group 3; Census Tract 9502; Watonwan County; Minnesota,262,115,0,10,12,20,0,10,4,7,16,25,39,41,59,80,0,10,15,22,37,45,10,11,45,38,15,22,10,17,0,10,0,10
1500000US271659502004,Block Group 4; Census Tract 9502; Watonwan County; Minnesota,393,107,15,17,0,10,27,33,12,21,23,25,0,10,32,29,0,10,24,26,42,47,62,59,28,29,44,44,21,30,63,45,0,10
1500000US271659503001,Block Group 1; Census Tract 9503; Watonwan County; Minnesota,268,43,22,24,4,3,9,6,4,4,10,14,7,5,3,4,5,4,32,24,11,7,44,26,33,16,55,36,10,7,14,10,5,4
1500000US271659503002,Block Group 2; Census Tract 9503; Watonwan County; Minnesota,286,41,21,13,8,5,6,6,9,7,39,27,17,13,7,5,3,3,9,6,15,9,19,13,25,9,41,23,31,13,18,8,18,10
1500000US271659503003,Block Group 3; Census Tract 9503; Watonwan County; Minnesota,287,48,6,5,4,3,5,6,9,5,9,8,3,4,15,15,7,5,5,5,18,12,23,10,85,36,45,21,19,11,21,14,13,9
1500000US271659503004,Block Group 4; Census Tract 9503; Watonwan County; Minnesota,273,41,6,5,2,3,2,3,5,10,0,10,2,3,16,11,0,10,2,4,18,8,60,29,37,18,22,11,45,16,31,12,25,10
1500000US271679501001,Block Group 1; Census Tract 9501; Wilkin County; Minnesota,264,43,8,7,9,7,2,3,19,18,4,4,1,2,7,5,7,7,17,11,10,6,29,15,31,12,32,17,30,13,37,16,21,10
1500000US271679501002,Block Group 2; Census Tract 9501; Wilkin County; Minnesota,264,38,3,4,4,4,5,5,13,15,7,9,6,5,2,4,3,3,2,3,12,7,65,34,36,16,20,10,31,13,33,15,22,14
1500000US271679501003,Block Group 3; Census Tract 9501; Wilkin County; Minnesota,257,37,4,3,14,12,10,8,7,7,3,4,2,3,12,9,14,10,0,10,14,9,26,13,56,18,23,12,38,17,21,10,13,8
1500000US271679501004,Block Group 4; Census Tract 9501; Wilkin County; Minnesota,426,47,4,3,12,17,9,6,8,6,4,4,4,4,14,8,12,13,15,7,40,20,57,22,90,26,53,20,42,18,32,14,30,13
1500000US271679502001,Block Group 1; Census Tract 9502; Wilkin County; Minnesota,341,68,17,25,15,23,20,27,14,22,8,11,15,18,12,18,35,38,0,10,0,10,77,39,16,16,57,41,7,12,45,36,3,8
1500000US271679502002,Block Group 2; Census Tract 9502; Wilkin County; Minnesota,509,87,26,28,0,10,12,21,24,29,0,10,15,23,10,16,48,47,37,44,15,22,29,29,111,62,67,47,49,35,49,35,17,20
1500000US271679502003,Block Group 3; Census Tract 9502; Wilkin County; Minnesota,392,82,0,10,27,28,44,29,46,34,18,30,0,10,27,32,25,27,0,10,74,50,58,42,2,4,46,31,3,6,14,20,8,14
1500000US271679502004,Block Group 4; Census Tract 9502; Wilkin County; Minnesota,202,63,55,38,15,22,11,16,4,10,8,13,31,35,0,10,0,10,11,16,10,17,19,27,0,10,11,17,27,26,0,10,0,10
1500000US271696701011,Block Group 1; Census Tract 6701.01; Winona County; Minnesota,775,130,20,15,12,9,11,11,74,71,13,12,31,20,24,20,1,2,16,20,153,99,72,36,135,49,78,29,30,16,84,40,21,18
1500000US271696701012,Block Group 2; Census Tract 6701.01; Winona County; Minnesota,366,68,15,12,9,9,31,39,7,11,14,8,6,5,11,13,15,10,32,37,35,19,18,11,36,22,46,25,40,24,25,14,26,18
1500000US271696701013,Block Group 3; Census Tract 6701.01; Winona County; Minnesota,641,92,8,11,30,19,33,20,9,13,0,10,33,42,63,57,7,11,19,18,31,25,90,58,70,38,20,20,22,22,95,45,111,53
1500000US271696701021,Block Group 1; Census Tract 6701.02; Winona County; Minnesota,592,68,18,11,9,10,15,10,19,9,21,12,18,15,22,14,20,8,20,14,56,34,58,17,81,26,69,20,46,17,85,34,35,17
1500000US271696701022,Block Group 2; Census Tract 6701.02; Winona County; Minnesota,531,54,16,8,9,7,4,5,14,9,22,19,17,13,36,17,6,5,13,8,19,11,57,18,104,26,55,15,74,28,45,16,40,15
1500000US271696702001,Block Group 1; Census Tract 6702; Winona County; Minnesota,890,140,13,19,51,58,40,45,22,24,1,3,21,23,70,49,78,51,2,12,126,72,75,43,200,65,66,44,60,44,42,51,23,26
1500000US271696702002,Block Group 2; Census Tract 6702; Winona County; Minnesota,674,117,10,15,0,10,24,27,0,10,41,39,13,18,48,42,20,24,37,28,42,42,19,20,96,53,141,92,86,57,71,60,26,25
1500000US271696703011,Block Group 1; Census Tract 6703.01; Winona County; Minnesota,794,148,100,65,32,31,0,10,12,20,49,43,0,10,11,19,35,50,94,65,26,28,17,19,158,74,45,40,55,39,160,123,0,10
1500000US271696703012,Block Group 2; Census Tract 6703.01; Winona County; Minnesota,392,106,11,17,0,10,18,21,0,10,19,23,48,47,0,10,11,18,34,28,24,40,19,25,118,73,36,28,24,26,0,10,30,34
1500000US271696703021,Block Group 1; Census Tract 6703.02; Winona County; Minnesota,692,133,4,7,119,122,7,11,41,57,6,10,9,17,7,11,21,16,9,15,10,13,29,31,89,46,46,41,71,41,176,81,48,29
1500000US271696703022,Block Group 2; Census Tract 6703.02; Winona County; Minnesota,324,96,25,30,0,10,7,12,26,47,7,12,0,10,8,15,15,17,0,10,40,41,7,12,12,18,40,33,78,51,28,27,31,38
1500000US271696704001,Block Group 1; Census Tract 6704; Winona County; Minnesota,280,84,0,10,0,10,0,10,11,19,0,10,0,10,42,46,0,10,0,10,0,10,32,34,66,45,46,52,45,52,17,21,21,25
1500000US271696704002,Block Group 2; Census Tract 6704; Winona County; Minnesota,206,82,0,10,0,10,0,10,15,22,0,10,9,16,0,10,8,13,11,16,12,17,28,48,25,24,41,37,12,20,45,44,0,10
1500000US271696704003,Block Group 3; Census Tract 6704; Winona County; Minnesota,329,119,0,10,58,83,0,10,23,22,0,10,17,19,80,76,12,20,9,14,21,26,44,46,27,42,0,10,0,10,20,28,18,23
1500000US271696704004,Block Group 4; Census Tract 6704; Winona County; Minnesota,376,113,25,27,14,16,7,11,0,10,11,17,0,10,0,10,21,25,32,47,28,34,32,28,56,39,9,12,71,66,42,41,28,32
1500000US271696704005,Block Group 5; Census Tract 6704; Winona County; Minnesota,390,112,52,80,0,10,9,15,31,39,13,15,14,23,12,20,40,43,12,20,5,8,25,24,105,64,55,54,17,23,0,10,0,10
1500000US271696704006,Block Group 6; Census Tract 6704; Winona County; Minnesota,304,115,0,10,0,10,0,10,10,17,0,10,0,10,83,76,27,29,22,21,32,32,0,10,60,56,23,26,24,28,13,19,10,17
1500000US271696705001,Block Group 1; Census Tract 6705; Winona County; Minnesota,634,200,66,65,36,57,149,127,15,25,115,125,0,10,90,71,0,10,50,67,18,29,58,69,18,29,19,30,0,10,0,10,0,10
1500000US271696705002,Block Group 2; Census Tract 6705; Winona County; Minnesota,412,185,0,10,0,10,40,70,32,57,57,89,95,137,0,10,17,34,0,10,92,116,16,26,0,10,22,34,18,26,23,37,0,10
1500000US271696705003,Block Group 3; Census Tract 6705; Winona County; Minnesota,207,107,0,10,64,72,0,10,33,39,0,10,25,39,22,35,12,25,17,29,0,10,0,10,18,23,0,10,0,10,0,10,16,26
1500000US271696705004,Block Group 4; Census Tract 6705; Winona County; Minnesota,342,181,101,143,57,68,20,32,0,10,0,10,14,25,0,10,19,32,0,10,0,10,0,10,18,28,55,51,0,10,46,51,12,30
1500000US271696705005,Block Group 5; Census Tract 6705; Winona County; Minnesota,401,198,149,110,0,10,0,10,0,10,0,10,0,10,0,10,122,167,0,10,0,10,0,10,49,59,62,73,0,10,0,10,19,33
1500000US271696706001,Block Group 1; Census Tract 6706; Winona County; Minnesota,310,75,13,20,10,15,0,10,13,17,22,33,48,43,9,14,0,10,75,58,8,13,29,21,52,49,11,17,0,10,11,19,9,15
1500000US271696706002,Block Group 2; Census Tract 6706; Winona County; Minnesota,627,177,0,10,8,13,74,84,23,22,73,89,0,10,0,10,12,20,14,17,124,94,51,46,123,88,24,22,59,41,34,42,8,12
1500000US271696706003,Block Group 3; Census Tract 6706; Winona County; Minnesota,421,100,4,6,48,46,0,10,0,10,0,10,8,13,3,5,3,5,0,10,14,19,34,32,115,72,60,35,20,25,29,22,83,48
1500000US271696706004,Block Group 4; Census Tract 6706; Winona County; Minnesota,359,111,9,14,0,10,28,38,8,15,49,60,31,31,7,12,14,18,11,17,74,61,86,88,7,11,0,10,0,10,0,10,35,43
1500000US271696707001,Block Group 1; Census Tract 6707; Winona County; Minnesota,491,124,62,64,37,47,21,37,9,14,40,50,7,11,65,63,27,45,18,20,31,34,72,72,37,34,32,38,8,14,25,28,0,10
1500000US271696707002,Block Group 2; Census Tract 6707; Winona County; Minnesota,806,146,70,51,16,19,0,10,30,32,63,50,43,33,0,10,64,46,94,81,152,101,21,26,73,55,53,36,31,41,25,28,71,55
1500000US271696707003,Block Group 3; Census Tract 6707; Winona County; Minnesota,363,153,14,28,0,10,9,15,15,23,0,10,11,19,20,31,0,10,86,103,37,38,13,21,77,53,14,17,29,32,26,36,12,19
1500000US271696707004,Block Group 4; Census Tract 6707; Winona County; Minnesota,206,104,10,17,14,24,0,10,0,10,9,14,0,10,0,10,11,18,8,14,11,17,73,82,36,33,23,26,11,19,0,10,0,10
1500000US271696708011,Block Group 1; Census Tract 6708.01; Winona County; Minnesota,535,45,9,8,15,13,3,4,7,6,11,10,9,13,17,11,15,10,15,7,39,15,62,20,77,21,71,17,42,15,78,20,65,18
1500000US271696708012,Block Group 2; Census Tract 6708.01; Winona County; Minnesota,354,46,9,7,4,4,3,4,7,5,4,4,3,6,7,5,24,23,5,6,8,5,94,39,34,13,43,17,30,15,30,11,49,28
1500000US271696708021,Block Group 1; Census Tract 6708.02; Winona County; Minnesota,506,83,17,14,4,5,5,5,11,9,22,12,32,38,10,7,12,9,11,10,51,25,43,16,87,34,66,25,58,22,42,20,35,15
1500000US271696708022,Block Group 2; Census Tract 6708.02; Winona County; Minnesota,306,66,16,14,4,4,3,5,44,46,15,16,10,9,19,17,6,5,11,11,12,8,28,15,38,23,28,14,24,13,29,17,19,9
1500000US271696708023,Block Group 3; Census Tract 6708.02; Winona County; Minnesota,698,107,67,61,13,19,4,6,47,42,40,34,24,25,32,30,30,44,49,45,67,35,42,49,48,38,65,56,76,46,63,44,31,33
1500000US271696708024,Block Group 4; Census Tract 6708.02; Winona County; Minnesota,459,81,4,5,12,12,8,8,0,10,12,10,7,6,5,5,2,4,13,11,22,13,31,16,70,39,47,23,17,11,89,43,120,49
1500000US271696709001,Block Group 1; Census Tract 6709; Winona County; Minnesota,651,78,19,11,12,9,15,9,9,11,39,27,14,9,8,6,7,5,27,15,51,25,70,22,66,32,114,32,66,29,72,27,62,30
1500000US271696709002,Block Group 2; Census Tract 6709; Winona County; Minnesota,661,99,9,7,65,60,25,17,9,10,10,11,26,20,13,11,11,9,31,20,30,18,51,28,88,27,105,50,62,18,79,27,47,16
1500000US271696710001,Block Group 1; Census Tract 6710; Winona County; Minnesota,703,108,7,8,2,4,5,6,11,13,17,18,3,4,41,37,25,19,38,55,31,31,37,24,64,26,129,67,122,67,103,57,68,31
1500000US271696710002,Block Group 2; Census Tract 6710; Winona County; Minnesota,517,148,10,15,0,10,6,11,9,14,19,16,14,17,0,10,22,21,21,17,55,48,56,45,98,53,30,24,63,56,14,14,100,137
1500000US271696710003,Block Group 3; Census Tract 6710; Winona County; Minnesota,728,145,45,42,38,59,29,19,0,10,10,13,10,15,62,64,43,47,24,19,35,24,25,23,85,44,35,27,98,55,83,45,106,58
1500000US271711001011,Block Group 1; Census Tract 1001.01; Wright County; Minnesota,421,134,49,53,0,10,0,10,0,10,0,10,0,10,0,10,0,10,0,10,0,10,16,28,97,94,54,65,65,71,26,34,114,83
1500000US271711001012,Block Group 2; Census Tract 1001.01; Wright County; Minnesota,350,115,0,10,42,64,0,10,0,10,0,10,0,10,0,10,22,37,0,10,0,10,0,10,34,40,15,25,108,94,14,22,115,63
1500000US271711001013,Block Group 3; Census Tract 1001.01; Wright County; Minnesota,223,102,0,10,0,10,0,10,0,10,0,10,0,10,0,10,0,10,0,10,36,41,0,10,0,10,0,10,26,30,71,87,90,66
1500000US271711001014,Block Group 4; Census Tract 1001.01; Wright County; Minnesota,1250,245,36,44,0,10,0,10,0,10,47,75,53,64,158,144,115,115,15,24,104,82,172,131,144,132,55,55,106,89,135,117,110,60
1500000US271711001015,Block Group 5; Census Tract 1001.01; Wright County; Minnesota,907,170,19,31,0,10,0,10,0,10,21,34,53,83,0,10,19,29,16,27,50,57,53,48,196,161,48,51,28,50,246,128,158,106
1500000US271711001021,Block Group 1; Census Tract 1001.02; Wright County; Minnesota,233,105,0,10,0,10,0,10,0,10,0,10,0,10,32,38,0,10,0,10,0,10,14,23,12,22,97,103,0,10,36,40,42,40
1500000US271711001022,Block Group 2; Census Tract 1001.02; Wright County; Minnesota,577,259,11,19,0,10,0,10,0,10,37,47,0,10,0,10,0,10,0,10,0,10,0,10,26,43,162,163,115,134,104,93,122,158
1500000US271711001023,Block Group 3; Census Tract 1001.02; Wright County; Minnesota,474,167,0,10,20,33,0,10,0,10,0,10,0,10,0,10,0,10,0,10,0,10,0,10,0,10,285,169,0,10,100,62,69,70
1500000US271711001024,Block Group 4; Census Tract 1001.02; Wright County; Minnesota,1213,235,75,112,0,10,0,10,0,10,19,31,0,10,22,34,57,68,28,34,34,38,56,54,22,36,83,57,259,153,254,130,304,154
1500000US271711001025,Block Group 5; Census Tract 1001.02; Wright County; Minnesota,1131,229,0,10,17,26,0,10,16,27,17,27,50,77,13,22,36,41,0,10,124,110,84,62,172,139,138,91,138,120,210,141,116,84
1500000US271711002021,Block Group 1; Census Tract 1002.02; Wright County; Minnesota,516,74,10,10,0,10,1,3,11,15,6,9,7,11,14,13,0,10,10,12,8,11,14,13,88,42,47,24,70,41,106,42,124,50
1500000US271711002031,Block Group 1; Census Tract 1002.03; Wright County; Minnesota,179,77,0,10,0,10,0,10,7,11,0,10,8,15,0,10,0,10,7,11,0,10,28,31,66,52,8,13,17,26,38,41,0,10
1500000US271711002032,Block Group 2; Census Tract 1002.03; Wright County; Minnesota,441,133,19,32,0,10,0,10,0,10,20,34,39,47,22,34,40,42,20,34,31,36,58,68,51,50,13,15,108,103,14,24,6,10
1500000US271711002033,Block Group 3; Census Tract 1002.03; Wright County; Minnesota,812,201,0,10,15,15,19,31,47,47,14,22,0,10,0,10,0,10,13,21,232,174,278,118,168,120,0,10,0,10,17,27,9,16
1500000US271711002034,Block Group 4; Census Tract 1002.03; Wright County; Minnesota,950,242,8,13,0,10,0,10,16,17,47,50,3,5,26,39,11,14,79,64,79,75,101,74,193,184,138,80,51,35,141,97,57,51
1500000US271711002051,Block Group 1; Census Tract 1002.05; Wright County; Minnesota,391,108,64,62,0,10,25,30,0,10,0,10,29,32,0,10,13,20,0,10,104,67,82,63,42,42,10,17,0,10,13,20,9,15
1500000US271711002052,Block Group 2; Census Tract 1002.05; Wright County; Minnesota,1337,176,83,76,16,26,15,24,48,43,24,27,0,10,68,59,15,23,11,15,80,55,234,124,161,88,96,59,227,127,182,85,77,41
1500000US271711002061,Block Group 1; Census Tract 1002.06; Wright County; Minnesota,1270,223,0,10,0,10,65,96,0,10,0,10,3,8,0,10,27,41,28,42,147,183,13,22,333,142,94,65,103,74,296,129,161,80
1500000US271711002062,Block Group 2; Census Tract 1002.06; Wright County; Minnesota,915,191,0,10,19,30,0,10,50,49,0,10,39,47,19,33,16,25,51,56,47,72,96,72,152,105,106,66,156,174,107,73,57,52
1500000US271711003001,Block Group 1; Census Tract 1003; Wright County; Minnesota,975,102,31,17,15,18,7,7,21,15,15,12,17,13,77,48,26,16,29,21,35,17,123,42,102,31,127,54,171,71,111,43,68,33
1500000US271711003002,Block Group 2; Census Tract 1003; Wright County; Minnesota,475,90,6,7,3,5,14,15,8,11,4,6,0,10,3,4,2,4,14,11,36,21,13,10,89,60,72,60,34,18,47,24,130,49
1500000US271711003003,Block Group 3; Census Tract 1003; Wright County; Minnesota,467,102,9,10,16,22,0,10,22,26,30,24,5,7,3,4,5,7,14,10,22,17,29,26,55,25,71,35,21,17,92,35,73,29
1500000US271711003004,Block Group 4; Census Tract 1003; Wright County; Minnesota,336,60,10,11,0,10,8,8,0,10,5,7,0,10,0,10,4,6,17,15,9,13,16,11,61,31,21,13,26,18,89,53,70,32
1500000US271711004011,Block Group 1; Census Tract 1004.01; Wright County; Minnesota,380,71,13,19,7,8,0,10,37,30,0,10,9,10,0,10,9,9,16,13,28,21,38,19,42,28,40,21,10,10,89,36,42,28
1500000US271711004012,Block Group 2; Census Tract 1004.01; Wright County; Minnesota,329,77,5,7,0,10,7,9,0,10,0,10,37,36,11,12,5,8,4,6,9,11,51,32,6,8,50,30,7,9,82,54,55,27
1500000US271711004021,Block Group 1; Census Tract 1004.02; Wright County; Minnesota,270,89,0,10,23,26,10,15,15,24,28,39,10,19,0,10,0,10,0,10,12,18,8,11,59,47,28,27,44,41,11,14,22,33
1500000US271711004022,Block Group 2; Census Tract 1004.02; Wright County; Minnesota,375,109,9,11,13,21,0,10,49,51,8,13,0,10,8,12,15,19,12,15,15,13,86,61,71,48,42,43,19,20,12,12,16,13
1500000US271711004023,Block Group 3; Census Tract 1004.02; Wright County; Minnesota,795,170,0,10,78,75,11,18,16,25,21,36,79,55,128,162,17,20,6,10,81,66,26,29,41,46,32,31,95,67,122,75,42,41
1500000US271711005001,Block Group 1; Census Tract 1005; Wright County; Minnesota,236,52,4,6,3,4,0,10,0,10,4,4,4,5,16,10,3,4,10,9,9,13,11,11,26,14,34,34,63,36,19,11,30,14
1500000US271711005002,Block Group 2; Census Tract 1005; Wright County; Minnesota,447,67,18,18,0,10,9,9,3,5,7,7,16,15,8,8,6,6,25,18,30,19,37,19,59,27,56,26,40,25,68,26,65,39
1500000US271711005003,Block Group 3; Census Tract 1005; Wright County; Minnesota,270,41,1,3,8,7,4,5,0,10,26,23,0,10,4,5,7,7,3,5,33,16,32,19,44,18,40,17,19,12,28,20,21,12
1500000US271711005004,Block Group 4; Census Tract 1005; Wright County; Minnesota,414,68,14,14,6,7,12,13,0,10,20,15,9,10,4,5,7,7,14,16,12,14,41,19,58,27,50,21,59,24,78,47,30,17
1500000US271711005005,Block Group 5; Census Tract 1005; Wright County; Minnesota,420,87,6,6,18,17,9,7,4,5,20,16,4,5,5,5,14,13,50,66,26,18,34,25,35,14,32,15,39,16,53,24,71,21
1500000US271711007011,Block Group 1; Census Tract 1007.01; Wright County; Minnesota,816,223,0,10,11,19,0,10,58,70,0,10,56,70,59,86,0,10,10,18,53,52,161,133,69,58,104,114,115,99,47,41,73,66
1500000US271711007012,Block Group 2; Census Tract 1007.01; Wright County; Minnesota,514,213,76,58,13,21,58,76,25,22,13,21,16,26,0,10,18,36,52,48,0,10,42,54,31,36,23,27,0,10,24,39,123,191
1500000US271711007013,Block Group 3; Census Tract 1007.01; Wright County; Minnesota,588,139,24,41,0,10,0,10,0,10,34,42,0,10,0,10,24,33,14,23,0,10,88,67,189,102,85,59,71,38,59,54,0,10
1500000US271711007014,Block Group 4; Census Tract 1007.01; Wright County; Minnesota,707,199,0,10,0,10,13,16,12,20,15,27,104,90,13,22,0,10,24,34,67,57,12,18,80,88,142,106,73,64,24,39,128,69
1500000US271711007041,Block Group 1; Census Tract 1007.04; Wright County; Minnesota,1049,163,39,32,9,13,63,70,99,117,51,41,18,21,45,39,35,33,46,44,74,46,71,69,160,80,156,100,67,46,49,64,67,50
1500000US271711007042,Block Group 2; Census Tract 1007.04; Wright County; Minnesota,834,158,33,42,1,2,30,34,19,25,8,13,27,32,0,10,33,25,0,10,27,26,94,51,116,73,165,92,15,17,228,115,38,40
1500000US271711007051,Block Group 1; Census Tract 1007.05; Wright County; Minnesota,386,101,30,35,3,5,16,18,54,72,14,18,29,26,1,4,25,21,19,20,44,37,35,55,29,19,41,25,21,16,22,20,3,5
1500000US271711007052,Block Group 2; Census Tract 1007.05; Wright County; Minnesota,978,149,32,39,0,10,0,10,2,5,18,22,0,10,5,10,23,27,9,16,84,56,13,15,239,91,178,139,53,45,184,79,138,55
1500000US271711007061,Block Group 1; Census Tract 1007.06; Wright County; Minnesota,477,90,46,67,14,14,8,9,12,9,12,9,13,10,10,9,10,10,3,5,10,9,26,16,45,25,41,27,64,28,65,37,98,28
1500000US271711007062,Block Group 2; Census Tract 1007.06; Wright County; Minnesota,363,113,4,6,0,10,8,9,3,4,18,17,0,10,14,15,8,10,4,5,12,10,22,12,107,103,33,23,47,24,28,16,55,19
1500000US271711007063,Block Group 3; Census Tract 1007.06; Wright County; Minnesota,661,104,0,10,0,10,0,10,53,71,0,10,11,17,18,19,12,17,0,10,44,36,85,62,111,49,48,33,76,45,108,65,95,43
1500000US271711007064,Block Group 4; Census Tract 1007.06; Wright County; Minnesota,489,87,6,6,0,10,12,11,0,10,3,4,5,7,8,8,9,7,6,9,22,13,35,21,28,16,48,23,32,17,101,36,174,64
1500000US271711007071,Block Group 1; Census Tract 1007.07; Wright County; Minnesota,781,99,11,11,16,14,32,24,6,8,36,35,34,35,14,15,24,19,21,21,63,39,73,31,54,25,160,55,68,28,110,51,59,22
1500000US271711007072,Block Group 2; Census Tract 1007.07; Wright County; Minnesota,507,78,8,8,17,29,6,7,7,8,8,8,5,7,15,11,14,11,8,8,29,16,69,40,73,27,37,22,45,18,62,26,104,56
1500000US271711008031,Block Group 1; Census Tract 1008.03; Wright County; Minnesota,756,197,32,56,0,10,0,10,0,10,0,10,0,10,54,57,0,10,0,10,27,51,42,43,102,84,0,10,128,89,196,186,175,104
1500000US271711008032,Block Group 2; Census Tract 1008.03; Wright County; Minnesota,786,210,15,24,0,10,0,10,0,10,0,10,0,10,0,10,0,10,0,10,0,10,49,57,191,180,112,80,187,161,76,57,156,88
1500000US271711008033,Block Group 3; Census Tract 1008.03; Wright County; Minnesota,935,154,0,10,0,10,0,10,0,10,0,10,8,14,0,10,20,33,0,10,25,41,49,55,37,48,147,85,112,71,273,119,264,83
1500000US271711008041,Block Group 1; Census Tract 1008.04; Wright County; Minnesota,1100,278,0,10,66,83,0,10,0,10,0,10,0,10,0,10,0,10,0,10,31,55,137,98,122,92,97,80,119,110,251,203,277,133
1500000US271711008042,Block Group 2; Census Tract 1008.04; Wright County; Minnesota,366,139,15,25,0,10,19,29,0,10,0,10,0,10,0,10,0,10,0,10,0,10,0,10,0,10,26,43,46,63,141,120,119,40
1500000US271711008043,Block Group 3; Census Tract 1008.04; Wright County; Minnesota,597,181,0,10,0,10,16,27,0,10,0,10,0,10,0,10,0,10,68,53,17,28,47,56,10,28,19,32,38,40,94,89,288,194
1500000US271711008044,Block Group 4; Census Tract 1008.04; Wright County; Minnesota,639,201,0,10,0,10,0,10,0,10,31,53,0,10,19,33,0,10,51,64,73,52,14,24,152,132,77,66,117,118,87,72,18,29
1500000US271711008051,Block Group 1; Census Tract 1008.05; Wright County; Minnesota,460,82,4,7,0,10,0,10,10,17,6,9,0,10,4,8,8,10,0,10,6,10,20,17,61,34,19,19,50,31,117,51,155,67
1500000US271711008052,Block Group 2; Census Tract 1008.05; Wright County; Minnesota,701,162,19,31,0,10,17,25,0,10,0,10,0,10,0,10,0,10,0,10,52,51,21,32,44,54,46,51,113,87,257,98,132,90
1500000US271711008053,Block Group 3; Census Tract 1008.05; Wright County; Minnesota,898,279,124,94,32,38,0,10,0,10,19,33,21,38,15,25,22,35,0,10,0,10,127,110,99,81,239,239,16,26,118,147,66,55
1500000US271711008054,Block Group 4; Census Tract 1008.05; Wright County; Minnesota,711,197,0,10,0,10,15,24,69,80,26,38,0,10,36,42,15,25,13,21,42,53,0,10,107,110,36,43,102,121,64,65,186,163
1500000US271711008061,Block Group 1; Census Tract 1008.06; Wright County; Minnesota,1303,213,0,10,0,10,0,10,0,10,0,10,0,10,16,27,11,18,11,18,11,17,114,109,202,116,82,63,278,155,292,138,286,110
1500000US271711008062,Block Group 2; Census Tract 1008.06; Wright County; Minnesota,383,113,0,10,0,10,0,10,0,10,0,10,0,10,0,10,0,10,0,10,22,37,15,27,44,41,49,45,25,37,137,110,91,58
1500000US271711008071,Block Group 1; Census Tract 1008.07; Wright County; Minnesota,469,149,8,13,0,10,0,10,0,10,0,10,0,10,10,16,0,10,0,10,35,27,7,11,59,48,121,117,81,50,41,44,107,72
1500000US271711008072,Block Group 2; Census Tract 1008.07; Wright County; Minnesota,769,228,0,10,0,10,0,10,0,10,8,13,0,10,0,10,67,72,47,80,0,10,31,31,35,43,181,213,175,89,113,74,112,80
1500000US271711008073,Block Group 3; Census Tract 1008.07; Wright County; Minnesota,998,303,5,10,23,26,6,11,0,10,0,10,25,36,11,16,0,10,0,10,21,21,192,252,199,215,100,68,138,88,123,88,155,114
1500000US271711009001,Block Group 1; Census Tract 1009; Wright County; Minnesota,706,136,0,10,0,10,17,27,0,10,39,41,19,33,0,10,59,56,18,30,39,64,51,50,95,74,101,65,0,10,187,109,81,70
1500000US271711009002,Block Group 2; Census Tract 1009; Wright County; Minnesota,293,110,0,10,0,10,0,10,19,30,0,10,0,10,0,10,55,50,21,33,32,37,30,49,68,84,26,32,14,22,0,10,28,31
1500000US271711009003,Block Group 3; Census Tract 1009; Wright County; Minnesota,786,152,20,34,0,10,22,34,15,23,18,27,0,10,12,20,14,21,22,34,20,29,57,51,107,60,63,53,82,68,156,81,178,127
1500000US271711009004,Block Group 4; Census Tract 1009; Wright County; Minnesota,633,198,0,10,7,10,0,10,0,10,6,11,22,29,66,64,0,10,5,8,0,10,120,158,171,129,27,23,4,8,99,59,106,60
1500000US271711009005,Block Group 5; Census Tract 1009; Wright County; Minnesota,459,140,10,13,0,10,0,10,0,10,0,10,0,10,42,47,35,42,7,12,18,29,81,85,35,28,34,36,28,37,58,34,111,60
1500000US271711010011,Block Group 1; Census Tract 1010.01; Wright County; Minnesota,623,118,0,10,0,10,0,10,0,10,11,19,39,62,0,10,0,10,0,10,17,19,39,34,33,28,60,44,77,69,183,80,164,61
1500000US271711010012,Block Group 2; Census Tract 1010.01; Wright County; Minnesota,635,102,13,19,0,10,0,10,0,10,21,28,0,10,48,64,14,21,43,46,19,21,37,31,76,49,67,46,57,68,87,49,153,76
1500000US271711010013,Block Group 3; Census Tract 1010.01; Wright County; Minnesota,488,95,42,47,0,10,5,9,6,11,13,14,7,11,0,10,8,12,17,21,19,18,84,56,45,37,53,43,9,10,82,56,98,50
1500000US271711010021,Block Group 1; Census Tract 1010.02; Wright County; Minnesota,306,95,0,10,8,13,27,40,0,10,10,16,20,22,0,10,8,13,12,18,0,10,14,24,100,79,43,35,42,46,14,18,8,12
1500000US271711010022,Block Group 2; Census Tract 1010.02; Wright County; Minnesota,829,179,52,43,0,10,113,118,24,28,26,27,24,26,0,10,10,17,30,31,44,35,72,54,74,48,104,60,77,53,112,66,67,52
1500000US271711010023,Block Group 3; Census Tract 1010.02; Wright County; Minnesota,749,131,0,10,19,22,34,48,8,13,0,10,20,32,12,16,0,10,26,28,30,31,51,55,72,45,133,86,43,28,105,51,196,81
1500000US271711011011,Block Group 1; Census Tract 1011.01; Wright County; Minnesota,1348,125,35,37,22,30,0,10,27,27,10,10,22,21,3,5,23,31,53,55,70,61,149,85,178,105,267,107,225,100,148,87,116,55
1500000US271711011012,Block Group 2; Census Tract 1011.01; Wright County; Minnesota,1160,159,34,32,18,18,20,15,12,11,7,7,33,20,22,21,21,19,33,18,54,30,112,41,166,49,252,119,124,42,148,59,104,36
1500000US271711011013,Block Group 3; Census Tract 1011.01; Wright County; Minnesota,334,54,8,8,4,6,14,12,0,10,0,10,8,8,12,11,8,8,8,8,17,11,32,24,55,22,44,20,19,11,29,20,76,32
1500000US271711011021,Block Group 1; Census Tract 1011.02; Wright County; Minnesota,509,80,3,4,5,8,28,28,0,10,6,6,4,5,13,10,15,14,11,17,59,30,29,16,101,43,94,30,27,18,62,27,52,25
1500000US271711012001,Block Group 1; Census Tract 1012; Wright County; Minnesota,512,89,18,19,17,16,2,3,5,8,42,48,13,12,6,6,7,7,13,12,48,24,27,14,80,27,80,31,62,28,53,48,39,19
1500000US271711012002,Block Group 2; Census Tract 1012; Wright County; Minnesota,592,149,58,47,17,22,6,8,14,14,11,10,4,7,0,10,50,50,7,10,38,47,24,22,81,54,63,46,57,47,156,112,6,9
1500000US271711012003,Block Group 3; Census Tract 1012; Wright County; Minnesota,524,71,22,18,0,10,4,4,12,12,17,18,3,4,5,6,13,11,21,15,18,10,31,18,77,27,58,23,94,45,63,24,86,29
1500000US271711013001,Block Group 1; Census Tract 1013; Wright County; Minnesota,273,52,6,7,2,4,2,3,0,10,6,10,18,14,7,6,16,27,12,10,11,8,38,17,43,23,28,17,20,13,37,20,27,11
1500000US271711013002,Block Group 2; Census Tract 1013; Wright County; Minnesota,688,99,11,11,9,11,15,15,40,48,21,28,4,7,10,12,21,15,13,14,48,52,76,37,175,68,76,55,94,38,61,35,14,15
1500000US271711013003,Block Group 3; Census Tract 1013; Wright County; Minnesota,420,91,35,24,58,39,17,14,38,35,30,28,36,41,26,20,0,10,29,29,17,13,27,19,53,21,4,9,17,22,20,11,13,9
1500000US271711013004,Block Group 4; Census Tract 1013; Wright County; Minnesota,343,54,2,3,2,2,9,12,3,4,11,9,9,13,18,17,14,14,3,4,11,8,43,23,42,16,21,11,40,19,77,32,38,17
1500000US271739701001,Block Group 1; Census Tract 9701; Yellow Medicine County; Minnesota,252,50,0,10,0,10,0,10,7,9,7,10,15,13,11,14,0,10,8,12,22,19,9,14,27,23,21,19,59,43,36,25,30,24
1500000US271739701002,Block Group 2; Census Tract 9701; Yellow Medicine County; Minnesota,211,53,11,14,9,12,0,10,12,16,0,10,5,7,0,10,28,38,22,22,25,21,46,40,10,13,32,26,11,14,0,10,0,10
1500000US271739701003,Block Group 3; Census Tract 9701; Yellow Medicine County; Minnesota,352,68,12,17,7,11,6,9,10,14,0,10,6,8,20,20,0,10,10,13,137,66,23,24,46,37,1,2,24,19,36,37,14,13
1500000US271739701004,Block Group 4; Census Tract 9701; Yellow Medicine County; Minnesota,192,32,2,3,4,5,0,10,2,3,0,10,1,2,10,8,3,3,5,5,8,9,15,10,31,16,26,14,28,19,20,14,37,18
1500000US271739701005,Block Group 5; Census Tract 9701; Yellow Medicine County; Minnesota,295,43,13,10,5,7,12,9,12,9,6,7,8,9,17,16,4,5,11,9,7,9,9,8,66,25,35,23,29,20,25,15,36,18
1500000US271739702001,Block Group 1; Census Tract 9702; Yellow Medicine County; Minnesota,333,50,0,10,24,21,16,14,27,19,24,22,31,14,13,11,4,6,4,6,20,14,53,27,35,18,10,8,44,30,15,13,13,14
1500000US271739702002,Block Group 2; Census Tract 9702; Yellow Medicine County; Minnesota,407,61,5,6,29,16,4,5,13,13,64,42,16,20,24,18,2,9,17,16,37,27,60,49,57,30,32,17,17,11,17,17,13,10
1500000US271739702003,Block Group 3; Census Tract 9702; Yellow Medicine County; Minnesota,276,42,16,16,3,7,8,8,17,15,4,5,22,23,10,9,8,11,1,3,17,11,15,10,68,27,23,13,21,10,12,7,31,17
1500000US271739703001,Block Group 1; Census Tract 9703; Yellow Medicine County; Minnesota,251,45,9,9,10,6,7,5,11,9,9,11,14,9,5,4,6,5,2,2,21,11,18,10,53,24,38,17,24,10,10,8,14,13
1500000US271739703002,Block Group 2; Census Tract 9703; Yellow Medicine County; Minnesota,296,44,5,5,6,4,3,6,16,11,6,6,13,9,14,12,9,9,18,14,33,13,9,7,41,14,38,12,27,16,28,13,30,19
1500000US271739703003,Block Group 3; Census Tract 9703; Yellow Medicine County; Minnesota,384,47,16,11,15,8,29,17,5,9,26,14,6,4,5,5,18,11,14,11,40,17,52,20,54,18,37,14,37,21,19,8,11,11
1500000US271739704001,Block Group 1; Census Tract 9704; Yellow Medicine County; Minnesota,275,41,11,10,1,3,1,3,0,10,1,2,2,3,8,6,21,14,3,3,19,11,33,13,41,15,68,25,26,10,11,5,29,23
1500000US271739704002,Block Group 2; Census Tract 9704; Yellow Medicine County; Minnesota,282,38,17,14,5,8,5,3,31,17,9,5,8,5,8,5,2,3,8,8,22,14,45,16,51,18,32,14,15,11,7,6,17,10
1500000US271739704003,Block Group 3; Census Tract 9704; Yellow Medicine County; Minnesota,264,29,11,7,7,4,4,3,14,7,1,2,1,2,8,6,14,10,2,5,14,10,15,8,43,11,34,20,22,11,37,12,37,13
